mes,choque_A_tpu_ultimo,choque_B_tpu_primero
1990-07-01,0.19183654548979104,0.11184058850709003
1990-08-01,-0.41130615102114865,-0.39123744257988435
1990-09-01,-0.35220874423191195,-0.28671181839973114
1990-10-01,-0.30410650328896743,-0.35701327060839155
1990-11-01,0.5405515930216016,0.4039972590415318
1990-12-01,0.8590710256247498,0.69198198348231
1991-01-01,-0.4485280917791523,-0.5386636897295728
1991-02-01,-0.18878882325132088,-0.27495318260958057
1991-03-01,0.1994774116608552,0.0791329990602609
1991-04-01,0.6468547888425926,0.6022324285801434
1991-05-01,0.4872474386189724,0.4899859711740853
1991-06-01,-0.10248183780049269,-0.0770138142118669
1991-07-01,0.4464886869213436,0.4415202570168077
1991-08-01,-0.6003042806154855,-0.6184729853873272
1991-09-01,-0.3381582474355622,-0.28860244173779354
1991-10-01,0.18471229057888824,0.12167746010151802
1991-11-01,0.35815796473215045,0.29131391757265673
1991-12-01,0.43211418085388986,0.33847396522392215
1992-01-01,0.9508456808307867,0.8361832664261277
1992-02-01,-0.34241557152096436,-0.3032146612935567
1992-03-01,-0.844830810488284,-0.7884109967797437
1992-04-01,0.18780820098217235,0.24076233228394953
1992-05-01,-0.43282251995292353,-0.43452386393043885
1992-06-01,0.3569285816790874,0.3011283437588436
1992-07-01,0.9256958026710609,0.9508735877580226
1992-08-01,0.8360694350074377,0.6470898102370178
1992-09-01,-0.3160856549742683,-0.2881765450009986
1992-10-01,0.2385011856514433,0.23476821082994562
1992-11-01,0.8332789511383816,0.8721297169249289
1992-12-01,-0.5945574225652805,-0.6554251304100455
1993-01-01,0.1822687368514099,0.16908297352198712
1993-02-01,0.47798644224898584,0.4446762361784375
1993-03-01,-1.0239690578115042,-1.0449068932079373
1993-04-01,0.06445853740053216,0.06956982257630677
1993-05-01,-0.019817349947445644,-0.12410443478837277
1993-06-01,-0.08665679919853786,-0.07884944450623034
1993-07-01,0.6692896635176011,0.596837143645314
1993-08-01,-0.38451241386931917,-0.45729865757055277
1993-09-01,0.3455795487791122,0.36241006272052395
1993-10-01,0.0595405967037049,0.09218976828890312
1993-11-01,2.0262041828651753,1.9743798219991624
1993-12-01,-0.14771153275404753,-0.11432012411662293
1994-01-01,-1.9119855652061968,-1.9267676767469306
1994-02-01,0.07910409574595782,0.07333157893224579
1994-03-01,0.054074979572513844,0.15444721795073574
1994-04-01,-0.53219749551262,-0.4948168759261263
1994-05-01,0.3305486842352148,0.36202568515771916
1994-06-01,-0.9311624447993366,-0.9021308149210756
1994-07-01,-0.2734306954277009,-0.2940485725576304
1994-08-01,-0.5987409485316002,-0.5789442813442074
1994-09-01,0.28682538394101065,0.25663672053956016
1994-10-01,0.0008978053758036636,0.05419598089790917
1994-11-01,1.4074860810274874,1.4312128000831956
1994-12-01,-0.463577738990039,-0.3708376809610044
1995-01-01,-0.3120184252712934,-0.34687352975307445
1995-02-01,-0.2543820760239637,-0.316346229260588
1995-03-01,-0.7559945694461969,-0.7782678602408211
1995-04-01,-0.010987810071066409,-0.07744426071156604
1995-05-01,1.6995848601742247,1.6800419251845036
1995-06-01,0.6677001949518196,0.6131918521798584
1995-07-01,-1.007619094239444,-1.089646645676388
1995-08-01,-1.8564537081877799,-1.6621419795717305
1995-09-01,-0.23163613734495941,-0.21897285269792371
1995-10-01,-0.4921197831129566,-0.5367851380981024
1995-11-01,0.025969599878698336,0.05418139278938239
1995-12-01,0.12737666697018432,0.07331842642199933
1996-01-01,0.8938619878406864,0.7581867593877322
1996-02-01,0.559677519281268,0.6921827617241901
1996-03-01,-0.17305132825919717,-0.2437215894600323
1996-04-01,-0.735285490540877,-0.5532730795574908
1996-05-01,0.11638004875972091,0.14680716476592334
1996-06-01,-0.4933180083820218,-0.418094064867081
1996-07-01,-0.3757143058373796,-0.41349830260787146
1996-08-01,-0.46412288197424073,-0.38870921272352527
1996-09-01,-0.5197161983407051,-0.5029883324645338
1996-10-01,-0.11928651859232703,-0.1347005195653051
1996-11-01,0.18030888593297711,0.24484008792073692
1996-12-01,0.43911972325437193,0.44876193368369394
1997-01-01,-0.5147394303956937,-0.48639627477841296
1997-02-01,0.5513809249683134,0.6712065198220327
1997-03-01,-0.3007523613764689,-0.2580389342058796
1997-04-01,0.14589217982880529,0.14325817702925117
1997-05-01,0.09121902635271792,0.12513096489167538
1997-06-01,0.1406990294196085,0.16251360744475427
1997-07-01,-0.40696611635438434,-0.3312179346346992
1997-08-01,-0.5328986997033793,-0.42833328719516
1997-09-01,0.37014845033604915,0.4757955785996196
1997-10-01,0.36155879390467854,0.4383878261779368
1997-11-01,0.9364877822957587,0.9865869189256845
1997-12-01,-0.8698181090001773,-0.7711000516603348
1998-01-01,-0.36520677563768195,-0.33155253896609266
1998-02-01,-0.7543886589582234,-0.7361967819528995
1998-03-01,0.3311350163083512,0.269200615413551
1998-04-01,0.0015282851521859731,0.0064876796520131905
1998-05-01,-0.48863027374407153,-0.4192095743520236
1998-06-01,0.7791631471568147,0.6678206700772067
1998-07-01,0.5481112287024709,0.5098542118765705
1998-08-01,-0.39589141207335304,-0.19846454047885834
1998-09-01,-0.11494012439642645,-0.08375643644211517
1998-10-01,-0.02444616086837133,0.1490071526061369
1998-11-01,-0.34193347179996375,-0.32638113337974883
1998-12-01,0.5518199203431422,0.5364556986653759
1999-01-01,0.022802915374375288,0.01721608955029221
1999-02-01,-0.0407876611112184,0.026950056685912785
1999-03-01,0.42583167768867775,0.4436359153081308
1999-04-01,-0.05757809309354642,-0.04870276426684119
1999-05-01,-0.5043002724619188,-0.4487184143299339
1999-06-01,0.10044276779965323,0.0909531655847689
1999-07-01,-0.18163322685756877,-0.12437393818405801
1999-08-01,0.048672400823543266,0.04957940499887356
1999-09-01,-0.10152548273176638,-0.13865998090346404
1999-10-01,-0.02471343223112517,0.1297187378747675
1999-11-01,1.342138620160612,1.331843874930429
1999-12-01,0.013602110533150576,0.0644527177562467
2000-01-01,-0.7340898345260567,-0.7508589477387209
2000-02-01,-0.7772437709759601,-0.6949161788552238
2000-03-01,0.5145454455443158,0.548100172496525
2000-04-01,-0.03203651822292143,0.007918569101543153
2000-05-01,1.095260423659726,1.1210461548747612
2000-06-01,-1.4182486491879063,-1.4002779040537185
2000-07-01,0.0585897937207808,0.033195764228112955
2000-08-01,-0.2770219771014367,-0.33969648113286527
2000-09-01,0.20525442055064336,0.22372154826129992
2000-10-01,-0.791292672206443,-0.8506095860773649
2000-11-01,-0.1372254436412365,-0.05173804288971064
2000-12-01,0.2201956935109315,0.18910239136126553
2001-01-01,-0.3429925717456958,-0.36506341309330437
2001-02-01,-0.7987048879878296,-0.8738880591704521
2001-03-01,0.2172056543636445,0.1930313365882465
2001-04-01,1.00477044249265,0.9664638864549349
2001-05-01,-0.27691006350744735,-0.3350502680525853
2001-06-01,0.2921957007991029,0.20251588248451077
2001-07-01,0.6126387772029579,0.4982538092765123
2001-08-01,-0.5632493125823794,-0.5634215768204823
2001-09-01,-0.6920109685266601,-0.7513115541372515
2001-10-01,-0.40509961161641794,-0.29832433307050815
2001-11-01,0.9916822390085974,0.9040036169368197
2001-12-01,0.33785810639065855,0.3086648518656329
2002-01-01,0.03130185441856987,0.04023248246396667
2002-02-01,-0.04929434737527672,-0.08755051893005206
2002-03-01,1.5646879055072667,1.6340944115033116
2002-04-01,-0.5662753842671787,-0.5851515126920297
2002-05-01,0.1851160893610878,0.2378387131137668
2002-06-01,-0.0586201867530262,0.008128244929288484
2002-07-01,-0.04864411101050192,0.0013005812633502475
2002-08-01,-0.5686420510547997,-0.5017483653497855
2002-09-01,-0.8787707398054254,-0.8164621814223667
2002-10-01,0.1744542746236495,0.19391444114183676
2002-11-01,-0.06896421955837374,-0.01412847597498728
2002-12-01,-0.7200265490451443,-0.823062991140171
2003-01-01,-0.28305545841381524,-0.15880157483543972
2003-02-01,0.6617593584333259,0.6178690779214263
2003-03-01,-0.8296228951943809,-0.7935900034175375
2003-04-01,-1.2427236742403576,-1.2814603446696016
2003-05-01,1.276152431196636,1.2329743455471291
2003-06-01,0.9421901437901629,0.8506111852865714
2003-07-01,-0.21968168765833432,-0.20120076950296703
2003-08-01,-0.3994078606381895,-0.4555894889055891
2003-09-01,1.284181749690507,1.3639406893081032
2003-10-01,-0.30643952150071563,-0.3356832853378626
2003-11-01,1.3128428886525545,1.3478354463337228
2003-12-01,0.3814188446575296,0.314716496199476
2004-01-01,-1.191568853657687,-1.150120422767467
2004-02-01,-0.12130208988603926,-0.07182382412473523
2004-03-01,-0.8402641851982983,-0.8886920498316057
2004-04-01,-0.39590838445920357,-0.31197904023378226
2004-05-01,0.10642775961308819,0.12295490874603844
2004-06-01,-0.8473800229891998,-0.9117871593123614
2004-07-01,0.8185210589246674,0.8684007290965856
2004-08-01,-0.2895910883006855,-0.3269969986308437
2004-09-01,-0.16099002029222007,-0.1358904329878823
2004-10-01,-0.11491275261809979,-0.07275455980685203
2004-11-01,0.13794846961429189,0.1562347039441811
2004-12-01,-0.18666891950968098,-0.14234926751281807
2005-01-01,-0.3821370235842971,-0.37856021675436924
2005-02-01,-1.285928813624394,-1.1803859952976261
2005-03-01,-0.027311494907097937,-0.09314389874276162
2005-04-01,0.7613475971319309,0.7864415036338978
2005-05-01,0.4685017637620268,0.43150969112449056
2005-06-01,0.5189704572794047,0.5346873292883522
2005-07-01,-0.010205815557714586,-0.11514651736122647
2005-08-01,-1.4967519030860887,-1.4447728407441194
2005-09-01,-0.46498614860704657,-0.6760844999691183
2005-10-01,0.6521738803723655,0.8138152141446824
2005-11-01,-0.4872449594136889,-0.40721326586415474
2005-12-01,0.2999508230483155,0.28991650631897936
2006-01-01,-0.9335476910689933,-0.9200763100432036
2006-02-01,-0.3687683979523888,-0.3478399601933398
2006-03-01,-0.386270404690909,-0.3748160727492341
2006-04-01,0.15540546914252237,0.1522069747473905
2006-05-01,0.027401369895402147,-0.0076919579884700065
2006-06-01,-0.1786842014065155,-0.11568463762142513
2006-07-01,0.2694898975216229,0.27722502508451163
2006-08-01,-1.2298876026561225,-1.1674200217004025
2006-09-01,0.3571430081890178,0.29242896863710166
2006-10-01,-0.4109256630663422,-0.4609441834981907
2006-11-01,0.04882910782455361,0.004418390514933431
2006-12-01,-0.06156224121764872,0.005545264426016
2007-01-01,-0.49976687320926294,-0.5726189694541232
2007-02-01,0.13758536400145424,0.253904331579736
2007-03-01,-0.054708490992300046,-0.08605486781529333
2007-04-01,0.10161752753036753,0.23946368391530676
2007-05-01,0.03103642978390757,-0.029703558999973418
2007-06-01,0.3266025869935458,0.3493102334711563
2007-07-01,-0.974323087400777,-0.9894675389241463
2007-08-01,-0.8191316815687885,-0.7296353603498524
2007-09-01,-1.0809132397129637,-0.9529686120570409
2007-10-01,0.5673643018531456,0.5277498936411856
2007-11-01,0.20660177988050396,0.23914117869691395
2007-12-01,-0.6205858182721398,-0.5846119906676367
2008-01-01,0.45116069758952254,0.4074341683383227
2008-02-01,-0.23190696882341955,-0.21200729006942687
2008-03-01,0.10026827815704337,0.060455726060919195
2008-04-01,0.5319306793928047,0.47180810089036135
2008-05-01,-0.2796926342974659,-0.3854602395443442
2008-06-01,0.7101837755369516,0.6391316227635228
2008-07-01,0.11484049047024952,0.07564733994870608
2008-08-01,-0.6766504205581862,-0.8091923499012775
2008-09-01,0.5907830924809925,0.08121133423589041
2008-10-01,-0.13886306755928918,0.13632125428252106
2008-11-01,-0.3044447110461548,-0.4005859240715705
2008-12-01,0.23130871003214198,0.04013106008414776
2009-01-01,-0.5576409323393234,-0.7581693679624465
2009-02-01,-0.0007852766736576955,-0.063241341652249
2009-03-01,0.8687306193611238,0.6387962363311083
2009-04-01,-0.9280268969125622,-0.9623980196703336
2009-05-01,-0.41009366108902845,-0.5188008765957726
2009-06-01,-0.16664561877097211,-0.20792545207902413
2009-07-01,0.25118367169715844,0.34844284895308103
2009-08-01,0.5563937526738366,0.5989532570716912
2009-09-01,1.0581217571914947,1.1156700743439962
2009-10-01,-0.3723775830583981,-0.3567887061672826
2009-11-01,-0.19039148329454353,-0.12763669490076493
2009-12-01,0.2779082417213834,0.2967306094436005
2010-01-01,-0.7626580411724604,-0.6622893729069304
2010-02-01,-1.0934100940348594,-1.0666201858778657
2010-03-01,0.8109380196141206,0.8977914744370085
2010-04-01,-0.04025825220167156,-0.08460025141728622
2010-05-01,-0.7086513238528435,-0.5607260129956967
2010-06-01,0.5007396195694077,0.5822685997480113
2010-07-01,0.20289358020058412,0.2704893348341703
2010-08-01,0.2556166050719773,0.2770366912776461
2010-09-01,0.4127090626152361,0.3911161309401885
2010-10-01,0.005036536229995194,-0.06227915190006846
2010-11-01,-0.05291360544708924,-0.05861459255732128
2010-12-01,0.09982761214221228,0.18165439882659629
2011-01-01,-0.07261198476139766,-0.16050789457082712
2011-02-01,-0.6650244352005787,-0.6877841463272621
2011-03-01,0.1789822292005681,0.2865936034988726
2011-04-01,0.22611058624755737,0.1765265477180233
2011-05-01,-1.2283658162786333,-1.2266790437383461
2011-06-01,0.5977916940002381,0.6235813573917259
2011-07-01,0.18918454104263974,0.22664993921518584
2011-08-01,-0.07601560298017662,-0.004860714996090824
2011-09-01,-1.2589960208370317,-1.1263120079298177
2011-10-01,1.2096676564043187,1.3312270893296023
2011-11-01,0.3461745205117493,0.32392849187045525
2011-12-01,-0.258519094509371,-0.1975317105251971
2012-01-01,-0.3069578762061295,-0.3055124278642236
2012-02-01,-0.82867958190831,-0.8092754701883669
2012-03-01,0.3050058027983633,0.20292951838829293
2012-04-01,-0.8136659260045271,-0.7531597460898349
2012-05-01,0.5901037904303961,0.5874973320901726
2012-06-01,-0.8910595441729907,-0.8579871803616099
2012-07-01,0.7327241719147385,0.7714434787251208
2012-08-01,-0.7550755671594904,-0.8491405976676554
2012-09-01,-0.053097206749544594,-0.07307622652356595
2012-10-01,0.43929712012728617,0.4179409585078718
2012-11-01,0.0502616030600047,0.08200122422167826
2012-12-01,-0.22919398727359513,-0.21351016268387765
2013-01-01,-0.4928712328824003,-0.46845880217782604
2013-02-01,0.4482176716022037,0.44157133542503196
2013-03-01,0.3584318322213239,0.3642087923671523
2013-04-01,-3.141550492247624,-3.1432215148746336
2013-05-01,2.1194253059271984,2.1374085432960244
2013-06-01,-0.0017355716224107215,-0.046091391253433416
2013-07-01,-0.42680978869976977,-0.4077664063487969
2013-08-01,-0.7530566394946594,-0.7426556362442734
2013-09-01,0.3502160099133057,0.4227772329468543
2013-10-01,0.8143015372844504,0.7439181866362166
2013-11-01,-0.6528547619106325,-0.6101004080158036
2013-12-01,-0.7351965548562691,-0.7504768544841355
2014-01-01,-0.16207595232213895,-0.18512739129509104
2014-02-01,0.16423858276721517,0.2381391565370734
2014-03-01,-0.12629393215530313,-0.033885822223215734
2014-04-01,-0.24205493270642348,-0.2615618486949367
2014-05-01,-1.4626929632034198,-1.383453208938572
2014-06-01,0.9695527967698226,0.9525629118739247
2014-07-01,-0.8057833756807552,-0.8259437360406566
2014-08-01,-6.116632912028406e-05,-0.03270929538262569
2014-09-01,-0.5571777746440311,-0.5152121573692373
2014-10-01,-0.059005410971797144,-0.059098521426277285
2014-11-01,0.20031062760423604,0.3156481153643341
2014-12-01,0.6338827974564948,0.5305952800777329
2015-01-01,-0.15289897203917127,-0.19514196424425437
2015-02-01,-0.18126678772383736,-0.22973461310195153
2015-03-01,-0.8965735750479447,-0.9302167933702948
2015-04-01,-0.15814705715196348,-0.23693850350855036
2015-05-01,2.055856770964,1.9196039145429404
2015-06-01,0.7184965749040775,0.6233693847809977
2015-07-01,-1.4173504466188023,-1.3244276408128015
2015-08-01,0.438799103997385,0.40230374175084355
2015-09-01,-0.7003068585205978,-0.6253745512234036
2015-10-01,1.5307022362760623,1.5063921274825902
2015-11-01,-1.0718029123615225,-1.2208254605799904
2015-12-01,-0.16227652320279948,-0.19960158355970578
2016-01-01,0.03630810788357829,0.07547409492637026
2016-02-01,-0.48913055772529446,-0.47539704435921953
2016-03-01,1.5945779380592355,1.4945869262755191
2016-04-01,0.17491809110307469,0.13616090227168953
2016-05-01,0.8085704008784966,0.7001968848157051
2016-06-01,0.9600285462596396,0.966022742925602
2016-07-01,-1.2089473558061412,-1.1470556239389633
2016-08-01,-0.4934704707659459,-0.5413267334448415
2016-09-01,-0.1848549930339101,-0.20230694007358882
2016-10-01,0.21852787075320826,0.21236467912655468
2016-11-01,2.515032789686659,2.391646525209347
2016-12-01,0.844965884593748,0.8872513555306062
2017-01-01,2.0357173609848265,1.8774980851690908
2017-02-01,-0.2156378041297935,-0.2880112802825857
2017-03-01,-1.0807560250867805,-0.9834507386651113
2017-04-01,-0.4221474309326928,-0.3135544346992244
2017-05-01,-1.9386685996234443,-1.872884911362428
2017-06-01,-0.4744142107917053,-0.4540861903930845
2017-07-01,0.1284315920240972,0.06535629167563436
2017-08-01,-0.5083230600477017,-0.5819882092673834
2017-09-01,-0.579627141283925,-0.5470855132571962
2017-10-01,-0.46682253146586594,-0.36379606250175645
2017-11-01,-0.5119436960983376,-0.5109057852694922
2017-12-01,-0.09006398030562694,-0.07071707544230746
2018-01-01,1.306614809780142,1.2523866276984812
2018-02-01,-0.3505567333577325,-0.33898460392787416
2018-03-01,4.5502459617395665,4.639727766332859
2018-04-01,0.4236808756837978,0.4553487364591316
2018-05-01,0.08241842982176902,0.008342117493029572
2018-06-01,1.3802995316307078,1.3880178523517126
2018-07-01,0.6166761071736776,0.5924075074246697
2018-08-01,-0.052169063856427625,-0.01849363957899265
2018-09-01,-1.079692436791763,-1.0800412707093905
2018-10-01,-0.24279896123428307,-0.2113162437216676
2018-11-01,-0.5036298260473702,-0.39895080712826336
2018-12-01,0.2828971698078511,0.2935530526101289
2019-01-01,-0.30069781358503084,-0.29958412267569207
2019-02-01,-0.17275383962107851,-0.25603368508495117
2019-03-01,-1.155498050564047,-1.159807228010741
2019-04-01,-0.32076659235743227,-0.414962301432128
2019-05-01,2.0310564051014848,1.9792179063489819
2019-06-01,1.8987636199619402,1.8705741103108227
2019-07-01,-0.9336998100155917,-1.00706697326928
2019-08-01,1.4746931902188651,1.5314008315603551
2019-09-01,-1.3700348258503179,-1.3454856946551894
2019-10-01,-0.4506962903460419,-0.5265174875851509
2019-11-01,-0.7779506944032528,-0.6837863944459489
2019-12-01,0.7082727160988399,0.5914485896761225
2020-01-01,-0.12343616143731058,-0.1913270967534382
2020-02-01,-1.0656726960537628,-1.005466950907688
2020-03-01,-1.5233483970574753,-1.8731377371618596
2020-04-01,0.18837991265373755,-1.0709678617865692
2020-05-01,-0.6548424554995483,-0.19831113772483366
2020-06-01,-0.7838595898792171,-0.34844045450529176
2020-07-01,-0.4148050674204718,-0.1001784042111843
2020-08-01,0.17335195442375945,0.3461114516094592
2020-09-01,0.1705541828086253,0.25375649174802556
2020-10-01,0.34930852781413685,0.4432355995361074
2020-11-01,0.30496022369283354,0.28881550122435556
2020-12-01,1.1836882002423177,1.2882385761329893
2021-01-01,-0.201438300723912,-0.20679550708950017
2021-02-01,-1.9841314823417813,-2.2945973882174653
2021-03-01,-0.5826217120726699,-0.1415597703553888
2021-04-01,0.14542926120701072,0.029052098391046177
2021-05-01,-0.011330354444754586,0.07841075121343961
2021-06-01,0.09503893767894149,0.11250402130883795
2021-07-01,0.5220183779155664,0.5456147355552342
2021-08-01,-0.947083722334025,-0.9665052197909765
2021-09-01,0.7033100059130255,0.5556942199699282
2021-10-01,0.10300387966658155,0.2920670689048228
2021-11-01,-0.24452393371127137,-0.2429514873535126
2021-12-01,-0.9803536867608794,-0.9752153112838335
2022-01-01,0.39775789160675445,0.40480743344675946
2022-02-01,0.33071076592904247,0.42338470591935884
2022-03-01,0.1540271945717584,0.21307898893126265
2022-04-01,-0.7103201982311999,-0.6789141175558328
2022-05-01,1.1328972030900906,1.1175987458687995
2022-06-01,0.872580142963549,0.8540164135922568
2022-07-01,0.03764823294461338,0.049979348931690475
2022-08-01,0.0864498803316652,0.049566900506273756
2022-09-01,-0.8404565283092684,-0.8098736842829724
2022-10-01,-0.6231661256394522,-0.5598278814645297
2022-11-01,-0.0532917064962238,-0.04573334603136025
2022-12-01,0.16713352586303015,0.005851853334115489
2023-01-01,0.21592987769113922,0.29503911070135025
2023-02-01,-0.4213689897430582,-0.47539036567755966
2023-03-01,0.9859841933566615,1.0344196668972403
2023-04-01,-1.6614726805417375,-1.6072120677527775
2023-05-01,1.2618675327340407,1.1952547546814536
2023-06-01,0.08914999766736295,-0.029658939239342246
2023-07-01,0.6157653370143961,0.6455936526450252
2023-08-01,0.036316890001486794,-0.04651293381981691
2023-09-01,0.2669063248879844,0.31969232425257604
2023-10-01,-1.1048962818675878,-1.163975460969499
2023-11-01,-0.802973702437803,-0.6523361775792011
2023-12-01,1.3138980451413664,1.1656012966536742
2024-01-01,0.701113754581845,0.5031880279794272
2024-02-01,-0.18249701084748463,-0.07697993227593106
2024-03-01,0.7952248164156998,0.7513616761892576
2024-04-01,0.6887426295622755,0.6607027277093451
2024-05-01,0.23032526976604073,0.32572071832728894
2024-06-01,0.011211590271847378,-0.05653498472998334
2024-07-01,0.5294157096149101,0.4152806992979621
2024-08-01,-0.04612620719856059,0.019826420205236787
2024-09-01,0.8158854906498518,0.7650933338007392
2024-10-01,0.8770676932910542,0.8224154427368876
2024-11-01,3.3479573306682715,3.286443274359264
2024-12-01,-0.01892401432099109,0.0022287240853143568
2025-01-01,1.416209981300432,1.3461433831151384
2025-02-01,1.3434154790264272,1.4423665245363333
2025-03-01,1.45370234054054,1.4068807723947563
2025-04-01,2.674426865400918,2.6829951205680898
2025-05-01,-0.20132867070201865,-0.14683207095070053
2025-06-01,-1.2199127162164056,-1.1629923651430436
2025-07-01,0.23558451071272005,0.2795175976863515
2025-08-01,0.3643744879765279,0.2841674554670989
2025-09-01,-0.6497246117072363,-0.6305213510934692
2025-10-01,-0.018554222789256836,-0.08124679743802153
2025-11-01,-0.6592415421907855,-0.6138521452943748
2025-12-01,-0.5697194066538451,-0.46905677891337727
2026-01-01,0.9429398559181051,0.8272419176340537
2026-02-01,0.10909707180065463,0.2207946801488592
2026-03-01,-0.885528649943669,-0.8931519204833219
2026-04-01,-1.4863497827410024,-1.238130373713336
2026-05-01,-0.16989179555545528,-0.18709523478693257
2026-06-01,-0.3433111204475588,-0.3088551933186955
2026-07-01,0.15151886572471213,0.14178973407179465
2026-08-01,0.30348168974579276,0.28434459772779264
