variable,muestra,especificacion,pendiente,ee,p,intercepto,correlacion,ramas
produccion,sin pandemia,E1,0.0793152689650554,1.3599609115868072,0.956,-0.37938616377334006,0.01017492524509345,85
produccion,completa,E1,1.3562179044385057,1.5282893833573472,0.402,-2.438498274059732,0.14149313451611942,86
empleo,sin pandemia,E0,-0.2362812322286605,0.4958001858604453,0.635,-0.1300024301252141,-0.07747865408880426,86
empleo,completa,E0,-0.4322015910044595,0.45162227105339614,0.352,-0.3871400301092526,-0.1396331959535831,86
horas,sin pandemia,E1,-0.3179497987629845,0.834260258371268,0.689,-0.5339262152454574,-0.06773961802553577,86
horas,completa,E1,-0.47209012589976657,0.802550146280503,0.57,-1.2804123539982315,-0.09471762930315404,86
exportaciones,sin pandemia,T0,3.2232942792043606,1.843794800475068,0.073,-2.3672681631206167,0.2552568500070099,86
exportaciones,completa,T1,5.353538642255684,2.306637682391736,0.024,-6.048360638075031,0.3550006006699687,86
importaciones_eeuu,sin pandemia,T1,0.8078747543729079,0.9280238574106218,0.369,-0.6693494864567826,0.10162429078615781,85
importaciones_eeuu,completa,T1,1.9894071664171666,1.2547961588858272,0.116,-2.3167482669698267,0.23936033547814609,85
