variable,muestra,especificacion,bic_medio,efecto_medio,ee,p,p_heterogeneidad,placebo_medio,p_placebo,ramas,elegida
produccion,sin pandemia,E0,-245.90864087863474,0.02162571387241031,0.09884505901083437,0.839,0.968,-0.07624579862427831,0.694,84,False
produccion,sin pandemia,E1,-248.9827928649832,0.018639286505269973,0.12549209460527555,0.892,0.956,-0.021105465961665563,0.802,84,True
produccion,sin pandemia,E2,-247.6075605999058,0.032254784663850976,0.11312345893607235,0.79,0.904,0.132584459536596,0.07,84,False
produccion,sin pandemia,E3,-246.725771918053,0.005929032883115658,0.10298352520568979,0.956,0.803,0.16653962718300463,0.023,84,False
produccion,sin pandemia,E4,-231.91983560666412,0.0476937928622709,0.10404046169593237,0.628,0.785,0.2064775187505934,0.028,84,False
produccion,sin pandemia,E5,-241.61625113029797,-0.025979862775193353,0.11389841978799946,0.83,0.894,0.16161907305365716,0.041,84,False
produccion,sin pandemia,E3b (muestra 2020-),-223.75687598606217,0.0704588478891242,0.10559349381408946,0.5,0.661,0.05800347018010575,0.474,85,False
produccion,completa,E0,-296.8745461985214,-0.46631470889429605,0.7992033016864841,0.582,0.459,-0.26359509420677363,0.76,84,False
produccion,completa,E1,-302.07510870466575,-0.4638429767194143,0.802536840964673,0.586,0.461,0.17492789572072173,0.633,84,True
produccion,completa,E2,-301.6792658440705,-0.42869378011092474,0.7203597507339716,0.571,0.571,0.3011292876664595,0.379,84,False
produccion,completa,E3,-301.00170302796164,-0.36552303649557916,0.6790908883845511,0.607,0.571,0.3016963775071308,0.376,84,False
produccion,completa,E4,-282.77463330982476,-0.40967902431390035,0.5968693265621223,0.513,0.67,0.21468429165086284,0.535,84,False
produccion,completa,E5,-295.87285718209654,-0.5454447645013347,0.7571080127709993,0.506,0.453,0.3754836660624698,0.309,84,False
produccion,completa,E3b (muestra 2020-),-274.0671397556119,-0.10280404399726265,0.5865270574647742,0.87,0.366,0.37214861482480366,0.317,85,False
empleo,sin pandemia,E0,-342.94957890970886,0.060590361114111445,0.0988133525700056,0.527,0.914,-0.26089980586359623,0.176,84,False
empleo,sin pandemia,E1,-362.10064978681885,0.051392922596708565,0.07946799472121933,0.509,0.865,-0.018748717542764567,0.506,84,True
empleo,sin pandemia,E2,-360.42662249589443,0.06929699025849002,0.07484191101855435,0.351,0.743,-0.015502621670403224,0.575,84,False
empleo,sin pandemia,E3,-359.8486052441606,0.07309116244349109,0.07190934594028836,0.306,0.707,-0.017418508383155305,0.515,84,False
empleo,sin pandemia,E4,-347.80600085011093,0.0549461654284139,0.07073213014262235,0.428,0.688,0.005026129366882101,0.861,84,False
empleo,sin pandemia,E5,-354.9384606440743,0.049727228884417905,0.07827391782102647,0.507,0.786,-0.013453201623273554,0.669,84,False
empleo,sin pandemia,E3b (muestra 2020-),-331.3472699818757,0.07842461991953584,0.06809707277117505,0.248,0.424,0.01378491533958283,0.51,85,False
empleo,completa,E0,-472.6480839662839,-0.19295577296583644,0.26230920576030237,0.469,0.314,-0.28471330849669574,0.394,84,False
empleo,completa,E1,-501.27135903653476,-0.09812575147149889,0.2402280809832616,0.701,0.52,-0.06602510417070115,0.288,84,True
empleo,completa,E2,-500.99985223531013,-0.0998882969087456,0.2216437491828945,0.667,0.443,-0.03963976401858153,0.347,84,False
empleo,completa,E3,-501.20641513579704,-0.07547911619226101,0.21330850392424874,0.73,0.438,-0.04284115305765043,0.306,84,False
empleo,completa,E4,-488.28941002910585,-0.09244930205322327,0.1737343213373649,0.601,0.42,-0.02541745404494042,0.435,84,False
empleo,completa,E5,-496.13053795298345,-0.12420790187073359,0.23793665837905215,0.632,0.381,-0.043182987986181004,0.349,84,False
empleo,completa,E3b (muestra 2020-),-444.4919151798454,-0.08008542602427446,0.2053553855759786,0.688,0.348,-0.04201567373854708,0.331,85,False
horas,sin pandemia,E0,-304.2710546882057,0.014693752303915831,0.11132801479409246,0.891,0.922,-0.22952495885577454,0.268,84,False
horas,sin pandemia,E1,-309.6097606167152,-0.010969587396418436,0.10858726435641002,0.914,0.92,-0.10207905586505082,0.236,84,False
horas,sin pandemia,E2,-310.11581620831885,0.03312154487257318,0.08732857754262344,0.697,0.766,-0.006905843254026507,0.897,84,True
horas,sin pandemia,E3,-308.6909931621019,0.0386552179439542,0.08512958843714552,0.631,0.7,-0.013946691695792343,0.77,84,False
horas,sin pandemia,E4,-294.3502351728672,0.026977687714575375,0.08920747736308056,0.764,0.761,-0.0018157374294792059,0.977,84,False
horas,sin pandemia,E5,-303.536249152289,0.009340944101222073,0.09402094557540198,0.917,0.743,-0.0076093896785703625,0.885,84,False
horas,sin pandemia,E3b (muestra 2020-),-282.5491423222826,0.04892048722587308,0.07755346240801929,0.522,0.451,0.054432715936150004,0.321,85,False
horas,completa,E0,-384.0047806503374,-0.29685020075176416,0.5221470795138091,0.575,0.425,-0.2564830035695469,0.675,84,False
horas,completa,E1,-391.1069863205952,-0.2949018319993379,0.513474165617276,0.576,0.382,0.028290980848121147,0.921,84,False
horas,completa,E2,-392.4267656371949,-0.1947134091032881,0.46037740120069565,0.685,0.555,0.10192103449921844,0.66,84,True
horas,completa,E3,-391.6200147420465,-0.1364466311649797,0.43647877315898587,0.761,0.558,0.0972312021626465,0.67,84,False
horas,completa,E4,-376.0240462433364,-0.15401982141143894,0.36735202066974243,0.676,0.549,0.03744026903904282,0.85,84,False
horas,completa,E5,-386.25887235826053,-0.2396777930133365,0.4860054194199476,0.647,0.495,0.1308625790629281,0.594,84,False
horas,completa,E3b (muestra 2020-),-355.0173396293496,-0.059734784686639404,0.40025155648519717,0.886,0.43,0.18029973434742358,0.477,85,False
exportaciones,sin pandemia,T0,-161.38176034943572,0.6924632149552913,0.8962465722612286,0.452,0.849,0.5672587663218424,0.406,86,False
exportaciones,sin pandemia,T1,-162.69192590727596,0.4249156479705062,0.8350489070571567,0.617,0.688,0.4102736026779947,0.281,86,True
exportaciones,sin pandemia,T2,-159.79178575137942,0.5266071218922528,0.8125462705826286,0.515,0.421,0.4606703736137045,0.117,86,False
exportaciones,completa,T0,-204.16152451292942,-1.1553662908057822,1.2233534874486893,0.357,0.101,-0.28155555051306835,0.773,86,False
exportaciones,completa,T1,-209.7282163272695,-1.218459405603446,1.093425367418377,0.278,0.077,0.17230854483043467,0.745,86,True
exportaciones,completa,T2,-206.52252542247814,-1.1963996620783652,1.0824123708896831,0.28,0.073,0.27544477303991216,0.607,86,False
importaciones_eeuu,sin pandemia,T0,-395.04322212491707,0.006495353338890358,0.2514719920235121,0.982,0.384,-0.4954602900755796,0.241,85,False
importaciones_eeuu,sin pandemia,T1,-404.973198305795,-0.04519658588430924,0.26734200037306133,0.86,0.366,-0.11846749079695798,0.494,85,True
importaciones_eeuu,sin pandemia,T2,-402.36700591816015,0.012911335914080483,0.2715908093718229,0.963,0.441,-0.017413623181358265,0.894,85,False
importaciones_eeuu,completa,T0,-407.3239438318629,-0.7404669658811659,0.68268236916321,0.28,0.394,-0.7299144012973794,0.293,85,False
importaciones_eeuu,completa,T1,-419.29519999998945,-0.7899297553074301,0.6536647598883009,0.227,0.466,-0.11145296658608234,0.682,85,True
importaciones_eeuu,completa,T2,-415.9849840835928,-0.7867576765811579,0.6566614347892828,0.224,0.475,-0.09798837335716862,0.716,85,False
