rama,rama_nombre,coef_exp_mip,imp_eeuu_desde_mx_2019_usd,expo_mx_2019_usd,proporcion_a_eeuu_sin_topar,topada,proporcion_a_eeuu,exposicion_eeuu
3351,Fabricación de accesorios de iluminación,0.831395116765869,2092753111.0,2032281773.5,1.0297553903639336,True,1.0,0.831395116765869
3364,Fabricación de equipo aeroespacial,0.9896704181454756,3021889463.0,3760400000.0,0.8036085158493778,False,0.8036085158493778,0.7953075759059187
3391,"Fabricación de equipo no electrónico y material desechable de uso médico, dental y para laboratorio, y artículos oftálmicos",0.7835186733412709,7172085497.0,7279182962.0,0.9852871585232728,False,0.9852871585232728,0.7719908873063451
3353,Fabricación de equipo de generación y distribución de energía eléctrica,0.8989208694711824,12250136825.0,14907700000.0,0.8217321803497522,False,0.8217321803497522,0.7386722060324497
3343,Fabricación de equipo de audio y de video,0.9478363435009872,12377599496.0,16032000000.0,0.7720558567864272,False,0.7720558567864272,0.731782600274969
3325,Fabricación de herrajes y cerraduras,0.8134327973740351,1590560008.0,1871600000.0,0.8498397136140201,False,0.8498397136140201,0.6912874955646012
3159,Confección de accesorios de vestir y otras prendas de vestir no clasificados en otra parte,0.6664841032423205,482560010.0,219638484.4,2.197064923837181,True,1.0,0.6664841032423205
3341,Fabricación de computadoras y equipo periférico,0.7847307234340066,27947756942.0,33566000000.0,0.8326210135851755,False,0.8326210135851755,0.6533832903370507
3345,"Fabricación de instrumentos de medición, control, navegación, y equipo médico electrónico",0.9203173609236356,9572411731.0,13653836007.4,0.7010785632559244,False,0.7010785632559244,0.6452147731358265
3169,"Fabricación de otros productos de cuero, piel y materiales sucedáneos",0.6136094363212712,1325965645.0,392227419.1,3.380604160827266,True,1.0,0.6136094363212712
3346,Fabricación y reproducción de medios magnéticos y ópticos,0.6054992436078728,1052988237.0,343312867.0,3.067138864329253,True,1.0,0.6054992436078728
3339,Fabricación de otra maquinaria y equipo para la industria en general,0.6417221502759753,6144277054.0,6752322671.099999,0.9099501539370386,False,0.9099501539370386,0.5839351694284312
3359,Fabricación de otros equipos y accesorios eléctricos,0.7464127593691879,8874171307.0,11707514539.0,0.7579893475629191,False,0.7579893475629191,0.5657729204868889
3361,Fabricación de automóviles y camiones,0.6801529750236635,70870262633.0,87021000000.0,0.8144041396099791,False,0.8144041396099791,0.5539193984273143
3342,Fabricación de equipo de comunicación,0.895054776922478,9118595160.0,15187014584.0,0.6004205177762013,False,0.6004205177762013,0.5374092525978567
3329,Fabricación de otros productos metálicos,0.6293046757254936,4428456782.0,5261568356.0,0.8416609805990707,False,0.8416609805990707,0.5296611904666991
3331,"Fabricación de maquinaria y equipo agropecuario, para la construcción y para la industria extractiva",0.519899184727109,4532972749.0,2288499387.32,1.9807620548714424,True,1.0,0.519899184727109
3333,Fabricación de maquinaria y equipo para el comercio y los servicios,0.8664849575372038,905598143.0,1611392174.97,0.5619973567371084,False,0.5619973567371084,0.4869622557883741
3363,Fabricación de partes para vehículos automotores,0.5296068171162411,49180643559.0,54876200000.0,0.8962108083103422,False,0.8962108083103422,0.474639353654414
3399,Otras industrias manufactureras,0.618987370047973,2855872921.0,3959275230.54,0.7213120469552432,False,0.7213120469552432,0.446483046928746
3334,"Fabricación de equipo de aire acondicionado, calefacción, y de refrigeración industrial y comercial",0.8482017522901368,5368348510.0,10275600000.0,0.5224365010315699,False,0.5224365010315699,0.4431315556353055
3369,Fabricación de otro equipo de transporte,0.6740711386128929,1220467704.0,1908760650.34,0.6394032189329778,False,0.6394032189329778,0.4310032558189012
3262,Fabricación de productos de hule,0.4171737487232005,2347506040.0,2426728980.11,0.9673540223241538,False,0.9673540223241538,0.40355470383543385
3362,Fabricación de carrocerías y remolques,0.4826387565231524,2076862713.0,2554400000.0,0.8130530508142813,False,0.8130530508142813,0.3924109134323602
3314,"Industrias de metales no ferrosos, excepto aluminio",0.4934732886739018,6384233458.0,8060495033.0,0.7920398724721849,False,0.7920398724721849,0.3908505206297068
3352,Fabricación de aparatos eléctricos de uso doméstico,0.3900028883753999,7049354804.0,3365662494.0,2.094492485971768,True,1.0,0.3900028883753999
3152,Confección de prendas de vestir,0.4259861529321015,3021451351.0,3332741788.9,0.9065962928971032,False,0.9065962928971032,0.3861974670737417
3336,"Fabricación de motores de combustión interna, turbinas y transmisiones",0.8385248456652771,3628342033.0,8237200000.0,0.440482449497402,False,0.440482449497402,0.3693554779830722
3366,Fabricación de embarcaciones,0.5822911532336551,515408948.0,817173930.0,0.6307212321372024,False,0.6307212321372024,0.3672633936301235
3379,"Fabricación de colchones, persianas y cortineros",0.3523025337449802,576969141.0,318256420.2,1.8129065256167296,True,1.0,0.3523025337449802
3344,Fabricación de componentes electrónicos,0.4744887481943934,5399970867.0,7470800000.0,0.7228102568667345,False,0.7228102568667345,0.3429653339627648
3371,"Fabricación de muebles, excepto de oficina y estantería",0.3642278188643361,1762603660.0,2178201494.7,0.8092013820983814,False,0.8092013820983814,0.2947336544236997
3271,Fabricación de productos a base de arcillas y minerales refractarios,0.3488287256548686,1078354793.0,1313152111.6,0.8211956432724973,False,0.8211956432724973,0.2864566297560753
3114,"Conservación de frutas, verduras, guisos y otros alimentos preparados",0.3156513149608729,2265982770.0,2530520453.9,0.8954611556321157,False,0.8954611556321157,0.2826534912716602
3326,"Fabricación de alambre, productos de alambre y resortes",0.3138914060002775,895224841.0,1011839232.0,0.8847500795462336,False,0.8847500795462336,0.27771544642762463
3149,"Fabricación de otros productos textiles, excepto prendas de vestir",0.3944218335152466,586693186.0,865710750.58,0.6777011670548544,False,0.6777011670548544,0.2673001368851981
3311,Industria básica del hierro y del acero,0.279574215702268,2636248641.0,3097948649.0,0.8509658937861885,False,0.8509658937861885,0.2379081223446531
3372,Fabricación de muebles de oficina y estantería,0.2214380514733216,766598324.0,251748074.0,3.0451010481216234,True,1.0,0.2214380514733216
3141,"Confección de alfombras, blancos y similares",0.5072465584471345,326036528.0,756454974.8,0.4310058613682872,False,0.4310058613682872,0.21862623984960647
3121,Industria de las bebidas,0.2419442465750293,6278450251.0,7497648057.57,0.8373892989896963,False,0.8373892989896963,0.20260152303405402
3324,"Fabricación de calderas, tanques y envases metálicos",0.2575554192946691,774447243.0,1002916684.0,0.7721949942154915,False,0.7721949942154915,0.19888300551241547
3272,Fabricación de vidrio y productos de vidrio,0.272472982882299,1295095540.0,1781025805.97,0.7271627034593428,False,0.7271627034593428,0.19813219085232375
3259,Fabricación de otros productos químicos,0.3514735701280596,713932750.0,1268627933.76,0.5627597587923382,False,0.5627597587923382,0.19779518154714876
3321,Fabricación de productos metálicos forjados y troquelados,0.4526204884780047,288521833.0,712026499.0,0.4052122124741315,False,0.4052122124741315,0.1834073495472944
3335,Fabricación de maquinaria y equipo para la industria metalmecánica,0.6052735791408839,183034334.0,633996094.0,0.2886994663408762,False,0.2886994663408762,0.17474215928820525
3322,Fabricación de herramientas de mano sin motor y utensilios de cocina metálicos,0.4783144421423179,384727196.0,1055509400.6,0.3644943339976919,False,0.3644943339976919,0.1743429040301417
3279,Fabricación de otros productos a base de minerales no metálicos,0.2243733059375072,437572435.0,597848544.4,0.7319118514190699,False,0.7319118514190699,0.1642214817577383
3332,"Fabricación de maquinaria y equipo para las industrias manufactureras, excepto la metalmecánica",0.6992566972513394,538296028.0,2333467413.1,0.2306850419157456,False,0.2306850419157456,0.16130806051529106
3113,"Elaboración de azúcares, chocolates, dulces y similares",0.2016423568218791,1850693458.0,2377021318.32,0.7785767185748291,False,0.7785767185748291,0.15699404450007343
3323,Fabricación de estructuras metálicas y productos de herrería,0.2249299265714363,1002186091.0,1593116748.0,0.6290725976348847,False,0.6290725976348847,0.1414972531941173
3252,"Fabricación de resinas y hules sintéticos, y fibras químicas",0.3119319594154858,1352084916.0,2989522176.1,0.4522745898355806,False,0.4522745898355806,0.14107889900124782
3261,Fabricación de productos de plástico,0.2303591490643638,3620472321.0,6232566672.8,0.5808958830397063,False,0.5808958830397063,0.13381468131201896
3256,"Fabricación de jabones, limpiadores y preparaciones de tocador",0.2434658656862863,1445048269.0,2835558925.0,0.5096167306768277,False,0.5096167306768277,0.12407427850244887
3162,Fabricación de calzado,0.1604241815757467,403365734.0,530558025.23,0.7602669544488345,False,0.7602669544488345,0.12196520394653977
3219,Fabricación de otros productos de madera,0.1827036170504173,289495808.0,483016482.48,0.5993497499580399,False,0.5993497499580399,0.10950336719559708
3132,Fabricación de telas,0.1336042055792961,460162159.0,574040455.9,0.80161973650192,False,0.80161973650192,0.10709976807202368
3251,Fabricación de productos químicos básicos,0.135778270214786,2581494736.0,3570986975.35,0.7229079114036764,False,0.7229079114036764,0.09815518573497495
3231,Impresión e industrias conexas,0.1024504665734745,436087691.0,466434015.37,0.9349397270138464,False,0.9349397270138464,0.09578501125064544
3222,Fabricación de productos de cartón y papel,0.1574973850413846,1099900237.0,2011777776.4,0.5467304838053384,False,0.5467304838053384,0.08610862152175187
3274,"Fabricación de cal, yeso y productos de yeso",0.1199075903205221,104230303.0,171325381.99,0.6083763058884278,False,0.6083763058884278,0.07294893684718225
3212,Fabricación de laminados y aglutinados de madera,0.0775332943220637,37403729.0,39944375.9,0.9363953787546848,False,0.9363953787546848,0.0726018185028073
3313,Industria básica del aluminio,0.2650002880058719,188913912.0,690357276.0,0.2736465864379475,False,0.2736465864379475,0.0725164242178798
3161,Curtido y acabado de cuero y piel,0.262669438610518,73760141.0,268779482.0,0.2744262339191501,False,0.2744262339191501,0.07208338480354186
3253,"Fabricación de fertilizantes, pesticidas y otros agroquímicos",0.1679807884786191,230460201.0,545044551.0,0.4228281900574399,False,0.4228281900574399,0.07102701275683616
3327,Maquinado de piezas y fabricación de tornillos,0.1233232283296124,146545191.0,281190235.7,0.5211603121110795,False,0.5211603121110795,0.06427117216680672
3119,Otras industrias alimentarias,0.1089707298904361,918669101.0,1565590613.74,0.5867875630688757,False,0.5867875630688757,0.06394266903824569
3365,Fabricación de equipo ferroviario,0.8018618332294466,294677292.0,3785000000.0,0.0778539741083223,False,0.0778539741083223,0.06242813040269719
3133,Acabado de productos textiles y fabricación de telas recubiertas,0.3062290364360683,55886917.0,326282225.5,0.1712839763623593,False,0.1712839763623593,0.05245212703838359
3241,Fabricación de productos derivados del petróleo y del carbón,0.0588949583065286,2061958261.0,2315576937.58,0.8904727921305626,False,0.8904727921305626,0.052444357965627596
3221,"Fabricación de pulpa, papel y cartón",0.0619018679380005,202722839.0,246609691.11,0.8220392235501227,False,0.8220392235501227,0.050885763456056166
3117,Preparación y envasado de pescados y mariscos,0.7478643561015712,63595691.0,956016725.0,0.0665215255517627,False,0.0665215255517627,0.04974907787366323
3112,Molienda de granos y de semillas y obtención de aceites y grasas,0.0609807080676099,568721432.0,920462553.33,0.6178648223575312,False,0.6178648223575312,0.03767783435743026
3315,Moldeo por fundición de piezas metálicas,0.0974402319506194,102240195.0,272151403.72,0.375673957960506,False,0.375673957960506,0.036605757601478946
3254,Fabricación de productos farmacéuticos,0.1290966945098601,432372091.0,1650646991.0,0.2619409803292096,False,0.2619409803292096,0.03381571471717325
3118,Elaboración de productos de panadería y tortillas,0.043199849411286,1080123845.0,1434155817.0,0.753142602914255,False,0.753142602914255,0.03253564703111978
3255,"Fabricación de pinturas, recubrimientos y adhesivos",0.0704773870608603,161658006.0,357530198.0,0.4521520333227908,False,0.4521520333227908,0.03186649386284533
3131,"Preparación e hilado de fibras textiles, y fabricación de hilos",0.2001267979454507,42546264.0,275257735.6,0.1545688222249547,False,0.1545688222249547,0.0309333634540798
3116,"Matanza, empacado y procesamiento de carne de ganado, aves y otros animales comestibles",0.044361709007407,1492837864.0,2349966903.34,0.635259101682766,False,0.635259101682766,0.028181179413157637
3273,Fabricación de cemento y productos de concreto,0.0343074151008847,276319958.0,378384103.87,0.7302631246235814,False,0.7302631246235814,0.0250534401493303
3151,Fabricación de prendas de vestir de tejido de punto,0.3365154443339868,46507454.0,627235514.79,0.0741467166692096,False,0.0741467166692096,0.024951515305845294
3115,Elaboración de productos lácteos,0.0498313429839448,175298967.0,571905455.5,0.3065173890442106,False,0.3065173890442106,0.015274173144005303
3312,Fabricación de productos de hierro y acero,0.0669975578374552,170442708.0,904531456.0,0.1884320405547068,False,0.1884320405547068,0.012624486535493673
3122,Industria del tabaco,0.1071479040489181,5980798.0,236722039.74,0.0252650661787508,False,0.0252650661787508,0.0027070988867103564
3111,Elaboración de alimentos para animales,0.02886946578166,28389253.0,308521290.0,0.09201716030683,False,0.09201716030683,0.002656486260803552
3211,Aserrado y conservación de la madera,0.0034917286527276,6136504.0,11003417.77,0.5576907219437511,False,0.5576907219437511,0.0019473046731713368
3328,Recubrimientos y terminados metálicos,0.1588822707072484,0.0,406089268.0,,False,,
