variable,muestra,especificacion,h,respuesta,ee,p
produccion,completa,E4,-6,0.4497396762858385,0.796789546934973,0.568
produccion,completa,E4,-5,-0.23773931697543,0.7464311120550438,0.734
produccion,completa,E4,-4,-0.8914587120292019,0.637290359711726,0.161
produccion,completa,E4,-3,-0.1834087941687254,0.5457258352639338,0.734
produccion,completa,E4,-2,0.43391633722159645,0.393631406100524,0.268
produccion,completa,E4,-1,0.0,0.0,
produccion,completa,E4,0,0.19395372797470223,0.40859103140083186,0.633
produccion,completa,E4,1,-0.48243559844981576,0.46252243739607746,0.294
produccion,completa,E4,2,-0.016384645821105326,0.5097437823384914,0.979
produccion,completa,E4,3,0.18484287531229318,0.5809044964153564,0.78
produccion,completa,E4,4,-0.5056177376025202,0.6352176518213024,0.43
produccion,completa,E4,5,-0.35113647714195595,0.7079531841123969,0.615
produccion,completa,E4,6,-1.094036640826837,0.7478823146205338,0.143
produccion,completa,E4,7,-1.3818856125947758,0.7889045929580475,0.074
produccion,completa,E4,8,-0.9806831147172433,0.7958850873809995,0.223
produccion,completa,E4,9,-1.7453239622689085,0.8297173931803897,0.037
produccion,completa,E4,10,-1.8841168792318381,0.8423022025683651,0.024
produccion,completa,E4,11,-1.1845104375938373,0.8637910389852896,0.172
produccion,completa,E4,12,-2.2436348599259355,0.9333791043252093,0.019
produccion,sin pandemia,E4,-6,0.6105542144616121,0.7551792163559459,0.459
produccion,sin pandemia,E4,-5,0.04531892429310569,0.7672621705521979,0.939
produccion,sin pandemia,E4,-4,-0.5576690038329857,0.6942912918041722,0.453
produccion,sin pandemia,E4,-3,0.007886933893207826,0.57945152852473,0.986
produccion,sin pandemia,E4,-2,0.45217405543722616,0.4170259194284132,0.263
produccion,sin pandemia,E4,-1,0.0,0.0,
produccion,sin pandemia,E4,0,0.14996639549896698,0.44332047962325255,0.748
produccion,sin pandemia,E4,1,-0.18541185157047727,0.4825030197866066,0.718
produccion,sin pandemia,E4,2,0.4137990037403826,0.5238208294174995,0.414
produccion,sin pandemia,E4,3,0.31446230579928086,0.5689736803536313,0.605
produccion,sin pandemia,E4,4,0.12570957405253655,0.6162141366241237,0.848
produccion,sin pandemia,E4,5,0.4480670941267928,0.6483481022300066,0.479
produccion,sin pandemia,E4,6,-0.13866694049286798,0.6168647826168931,0.817
produccion,sin pandemia,E4,7,-0.5446565594873471,0.6510862332890932,0.434
produccion,sin pandemia,E4,8,-0.24390295288534597,0.5957412217221569,0.667
produccion,sin pandemia,E4,9,-0.8292292981755736,0.6233010680147298,0.178
produccion,sin pandemia,E4,10,-0.9209268558922712,0.6286161249463116,0.145
produccion,sin pandemia,E4,11,0.10889463890069107,0.6274848575109944,0.858
produccion,sin pandemia,E4,12,-0.4735024841746077,0.7725273662025123,0.538
empleo,completa,E4,-6,0.028576549603299063,0.15205407214991787,0.858
empleo,completa,E4,-5,-0.03540456852548274,0.1284265126741551,0.772
empleo,completa,E4,-4,-0.06472958969464218,0.10472234584139452,0.537
empleo,completa,E4,-3,0.02691557140551836,0.07880363447607515,0.736
empleo,completa,E4,-2,0.02111685521886268,0.048247090304784905,0.648
empleo,completa,E4,-1,0.0,0.0,
empleo,completa,E4,0,-0.05859682679179228,0.0494436395791466,0.248
empleo,completa,E4,1,-0.09206782481829351,0.08119863266304596,0.261
empleo,completa,E4,2,-0.08319300715354974,0.111280009570392,0.459
empleo,completa,E4,3,-0.06198081845953584,0.14184538655080015,0.655
empleo,completa,E4,4,-0.16286893832171936,0.1702586190272514,0.333
empleo,completa,E4,5,-0.21975181141859432,0.19560914811397312,0.256
empleo,completa,E4,6,-0.33720941446654185,0.22627209159194386,0.135
empleo,completa,E4,7,-0.5088883136515254,0.25494056803409554,0.045
empleo,completa,E4,8,-0.5675412721820018,0.2823430501611706,0.044
empleo,completa,E4,9,-0.594493237558808,0.30977260966103576,0.052
empleo,completa,E4,10,-0.6586196561423551,0.33099405617747774,0.046
empleo,completa,E4,11,-0.6901266239876099,0.35337719643590365,0.05
empleo,completa,E4,12,-0.7602343179776151,0.38033723459665875,0.045
empleo,sin pandemia,E4,-6,-0.03363045566237112,0.14098456739606854,0.814
empleo,sin pandemia,E4,-5,-0.11039752369591854,0.12284615668619386,0.371
empleo,sin pandemia,E4,-4,-0.1247025573973643,0.10333522752272155,0.228
empleo,sin pandemia,E4,-3,-0.018779555599591897,0.0786506456996686,0.815
empleo,sin pandemia,E4,-2,-0.017893461056426134,0.050379178674229544,0.716
empleo,sin pandemia,E4,-1,0.0,0.0,
empleo,sin pandemia,E4,0,-0.045160440178993205,0.05277834638002372,0.402
empleo,sin pandemia,E4,1,-0.022167352997161084,0.0847488813161361,0.813
empleo,sin pandemia,E4,2,0.019436403689940387,0.1065116745826441,0.832
empleo,sin pandemia,E4,3,0.057233131330911596,0.13209637255714204,0.66
empleo,sin pandemia,E4,4,-0.027518239080837323,0.14828677772708304,0.854
empleo,sin pandemia,E4,5,-0.06535189077514753,0.16151886108233132,0.688
empleo,sin pandemia,E4,6,-0.20840064650225362,0.17915362210704244,0.251
empleo,sin pandemia,E4,7,-0.36428382387573055,0.1949120633653897,0.054
empleo,sin pandemia,E4,8,-0.36468083451883426,0.20659958962629318,0.074
empleo,sin pandemia,E4,9,-0.29873073994060456,0.21651835511794562,0.178
empleo,sin pandemia,E4,10,-0.3138644381298458,0.2164677873337054,0.14
empleo,sin pandemia,E4,11,-0.2387673233525997,0.21758614986643593,0.282
empleo,sin pandemia,E4,12,-0.24260305775065022,0.22750885150392375,0.299
horas,completa,E4,-6,0.5653596840872563,0.8500467736318561,0.501
horas,completa,E4,-5,0.20114442962270762,0.7831713103410041,0.792
horas,completa,E4,-4,-0.23350848189884066,0.6390016291714862,0.698
horas,completa,E4,-3,0.20531414106098783,0.5036693223331992,0.679
horas,completa,E4,-2,0.412688618192084,0.3615006916202719,0.246
horas,completa,E4,-1,0.0,0.0,
horas,completa,E4,0,0.18817909758088638,0.3703082542931361,0.589
horas,completa,E4,1,-0.3201170711804793,0.39326577947574454,0.416
horas,completa,E4,2,0.18506673871058987,0.5056529563961968,0.713
horas,completa,E4,3,0.25037549074484583,0.5837113832247667,0.681
horas,completa,E4,4,-0.4697452087363229,0.612564269578361,0.448
horas,completa,E4,5,-0.13919752855370637,0.6198403771709857,0.817
horas,completa,E4,6,-0.5766914285397547,0.6119150816654488,0.338
horas,completa,E4,7,-1.0171995322632628,0.6234318006728117,0.102
horas,completa,E4,8,-0.657181813408469,0.5926233843102475,0.27
horas,completa,E4,9,-1.3247444192024735,0.6198111833986102,0.035
horas,completa,E4,10,-1.6203253857631448,0.6269282931394558,0.009
horas,completa,E4,11,-1.1157042543528344,0.6569020049957435,0.09
horas,completa,E4,12,-1.5987450972085706,0.7371654911924517,0.027
horas,sin pandemia,E4,-6,0.967923806419619,0.8482806011569183,0.258
horas,sin pandemia,E4,-5,0.5261179998888438,0.7950377438837823,0.531
horas,sin pandemia,E4,-4,0.0908953096866818,0.6751617858133084,0.901
horas,sin pandemia,E4,-3,0.3037240213130345,0.5209209135200171,0.55
horas,sin pandemia,E4,-2,0.37400430769072407,0.3601130506298508,0.286
horas,sin pandemia,E4,-1,0.0,0.0,
horas,sin pandemia,E4,0,0.17180161370648986,0.38617955018931827,0.645
horas,sin pandemia,E4,1,0.008722442579162493,0.41214412629026853,0.982
horas,sin pandemia,E4,2,0.660135732721552,0.5157967959628662,0.2
horas,sin pandemia,E4,3,0.5196707461729516,0.6005812159578315,0.394
horas,sin pandemia,E4,4,0.11314940859053035,0.6371242518106126,0.873
horas,sin pandemia,E4,5,0.4588073628265313,0.6221687824211298,0.463
horas,sin pandemia,E4,6,-0.1679628543214557,0.5845483948538917,0.772
horas,sin pandemia,E4,7,-0.5425106745831912,0.6118994388925585,0.391
horas,sin pandemia,E4,8,-0.17497663080874232,0.5368759979982626,0.717
horas,sin pandemia,E4,9,-0.7411521033310706,0.5648121256765749,0.185
horas,sin pandemia,E4,10,-0.8828213350845542,0.5843779974588615,0.141
horas,sin pandemia,E4,11,-0.16111645273149944,0.5720918812619906,0.762
horas,sin pandemia,E4,12,-0.5612613361837431,0.7096805632764654,0.434
exportaciones,completa,T2,-6,-2.185448557718617,2.0895191120903536,0.304
exportaciones,completa,T2,-5,-2.5390923088145296,1.9313397031107222,0.179
exportaciones,completa,T2,-4,-2.70458252925959,1.6686034489240764,0.102
exportaciones,completa,T2,-3,-0.8297680646488617,1.4843420149161017,0.57
exportaciones,completa,T2,-2,-0.7847717964699386,1.0993944248136864,0.463
exportaciones,completa,T2,-1,0.0,0.0,
exportaciones,completa,T2,0,-0.09768382333763088,1.1152997763055155,0.925
exportaciones,completa,T2,1,-1.4444425870357567,1.1994264202877445,0.232
exportaciones,completa,T2,2,-0.17311753316492084,1.2596343084692998,0.904
exportaciones,completa,T2,3,-0.4630724067051021,1.424325873428557,0.758
exportaciones,completa,T2,4,-1.1797905823874393,1.4940623179481718,0.437
exportaciones,completa,T2,5,-0.9388060334964392,1.6277264553936384,0.561
exportaciones,completa,T2,6,-1.7061146697222693,1.6967876655787446,0.33
exportaciones,completa,T2,7,-1.622647222568149,1.7827942438398663,0.38
exportaciones,completa,T2,8,-2.0816282422420365,1.6617233672763472,0.214
exportaciones,completa,T2,9,-4.02854847380123,1.6977304853193707,0.019
exportaciones,completa,T2,10,-4.057378851790856,1.6979373051498934,0.01
exportaciones,completa,T2,11,-1.4659041697097837,1.761117100037937,0.417
exportaciones,completa,T2,12,-3.65125796803059,2.0268046324579845,0.067
exportaciones,sin pandemia,T2,-6,-2.236323777336964,1.8719489656438977,0.236
exportaciones,sin pandemia,T2,-5,-1.8971015579841357,1.8799101973566135,0.308
exportaciones,sin pandemia,T2,-4,-2.0763007700807803,1.7596245275615405,0.242
exportaciones,sin pandemia,T2,-3,0.08271952733557855,1.5312675657470738,0.942
exportaciones,sin pandemia,T2,-2,0.19821773971053003,1.1972000580498292,0.865
exportaciones,sin pandemia,T2,-1,0.0,0.0,
exportaciones,sin pandemia,T2,0,0.26635605683592645,1.1966772261786462,0.818
exportaciones,sin pandemia,T2,1,0.30648991240346196,1.2474674477184362,0.789
exportaciones,sin pandemia,T2,2,1.4791087624933692,1.3494940008643816,0.282
exportaciones,sin pandemia,T2,3,0.7285862857101656,1.5308509510773431,0.65
exportaciones,sin pandemia,T2,4,0.668736460828952,1.6488797456089734,0.674
exportaciones,sin pandemia,T2,5,1.3637470867953057,1.8403830886319505,0.473
exportaciones,sin pandemia,T2,6,0.38893277262090487,1.9308865730396665,0.831
exportaciones,sin pandemia,T2,7,0.07215602532663135,2.003504908020778,0.969
exportaciones,sin pandemia,T2,8,-0.2703108624475885,1.8354528984535423,0.898
exportaciones,sin pandemia,T2,9,-2.069631601333146,1.8865798995078737,0.273
exportaciones,sin pandemia,T2,10,-2.5639378687278174,1.901593875577691,0.18
exportaciones,sin pandemia,T2,11,-0.7958120696428421,1.9676286265299914,0.683
exportaciones,sin pandemia,T2,12,-2.058311704130342,2.1417488576056525,0.331
importaciones_eeuu,completa,T2,-6,0.4017132179290292,1.0857140216037124,0.702
importaciones_eeuu,completa,T2,-5,0.16306362827439963,1.0339157367378689,0.882
importaciones_eeuu,completa,T2,-4,-0.5430462607535543,0.8687068029099251,0.529
importaciones_eeuu,completa,T2,-3,0.021829304459816956,0.7180657140987189,0.968
importaciones_eeuu,completa,T2,-2,0.3825198918494569,0.5306727257108527,0.493
importaciones_eeuu,completa,T2,-1,0.0,0.0,
importaciones_eeuu,completa,T2,0,0.27193469384049107,0.5230093683416095,0.61
importaciones_eeuu,completa,T2,1,-0.35132694748011206,0.613802084898895,0.57
importaciones_eeuu,completa,T2,2,0.50084759704437,0.709418920629604,0.476
importaciones_eeuu,completa,T2,3,-0.10402343906461076,0.7953261560443537,0.889
importaciones_eeuu,completa,T2,4,0.08434790850877,0.8251369449466956,0.92
importaciones_eeuu,completa,T2,5,0.056894244784465,0.8510062857906923,0.94
importaciones_eeuu,completa,T2,6,-1.0095976903601214,0.8558485429013332,0.238
importaciones_eeuu,completa,T2,7,-0.9629479722018603,0.8723156525665517,0.272
importaciones_eeuu,completa,T2,8,-1.5938855055283379,0.8173908398670092,0.053
importaciones_eeuu,completa,T2,9,-1.84444752497167,0.8045697227750718,0.02
importaciones_eeuu,completa,T2,10,-1.4566709364582735,0.8092098349275052,0.071
importaciones_eeuu,completa,T2,11,-1.5090543100141602,0.8360408376530398,0.073
importaciones_eeuu,completa,T2,12,-1.5344491002044647,0.9513662042800067,0.113
importaciones_eeuu,sin pandemia,T2,-6,0.5081366964391734,1.118680058179174,0.641
importaciones_eeuu,sin pandemia,T2,-5,0.29776849254204024,1.0665034491916472,0.783
importaciones_eeuu,sin pandemia,T2,-4,-0.3873713010417571,0.9160190673143094,0.658
importaciones_eeuu,sin pandemia,T2,-3,0.003866247452241789,0.7418112365688975,0.998
importaciones_eeuu,sin pandemia,T2,-2,0.402877481058023,0.5375278388368379,0.469
importaciones_eeuu,sin pandemia,T2,-1,0.0,0.0,
importaciones_eeuu,sin pandemia,T2,0,0.38100686638712716,0.5465619008761265,0.506
importaciones_eeuu,sin pandemia,T2,1,0.1259691367959378,0.627954929747022,0.849
importaciones_eeuu,sin pandemia,T2,2,1.0437425655995631,0.7189209913884461,0.148
importaciones_eeuu,sin pandemia,T2,3,0.21706947288958056,0.8112524476824313,0.799
importaciones_eeuu,sin pandemia,T2,4,0.7251357007141048,0.8496658857678373,0.398
importaciones_eeuu,sin pandemia,T2,5,0.8325882870899654,0.8689534841279923,0.352
importaciones_eeuu,sin pandemia,T2,6,-0.449186583879276,0.8541208087828784,0.592
importaciones_eeuu,sin pandemia,T2,7,-0.3836612424424468,0.8298419460473775,0.665
importaciones_eeuu,sin pandemia,T2,8,-1.0968776918596732,0.7179904743428339,0.129
importaciones_eeuu,sin pandemia,T2,9,-1.1273864035227483,0.6967752473633414,0.106
importaciones_eeuu,sin pandemia,T2,10,-0.5450873123450923,0.684836041266639,0.426
importaciones_eeuu,sin pandemia,T2,11,-0.777933698817185,0.6735502746783457,0.25
importaciones_eeuu,sin pandemia,T2,12,-0.16785861798576662,0.7875123231198734,0.831
