variable,muestra,especificacion,h,respuesta,ee,nulo_p05,nulo_p95,p
produccion,sin pandemia,E1,-6,0.6746675313327748,0.7894614236420626,-1.2799877743071093,1.3043227542235458,0.416
produccion,sin pandemia,E1,-5,-0.048963638278069266,0.7730071824634748,-1.3210755005773243,1.3062440709639311,0.948
produccion,sin pandemia,E1,-4,-0.4821744756843749,0.7088715780901831,-1.168920951369962,1.1775444036101208,0.489
produccion,sin pandemia,E1,-3,0.26784198034188833,0.6174030032680805,-1.0111523228378265,1.0120984045335617,0.666
produccion,sin pandemia,E1,-2,0.7951068535014449,0.4722401130327541,-0.7646796152467967,0.7705555581768219,0.088
produccion,sin pandemia,E1,-1,0.0,0.0,0.0,0.0,
produccion,sin pandemia,E1,0,0.43280222427673637,0.5007119057144012,-0.7847417334211102,0.894158179980722,0.373
produccion,sin pandemia,E1,1,0.25850646022516355,0.5170036129773726,-0.8349930756767134,0.8434107296181677,0.632
produccion,sin pandemia,E1,2,0.8446075773817077,0.55637115883787,-0.9163750810247182,0.9638331890684553,0.131
produccion,sin pandemia,E1,3,0.8525945540021274,0.5969939046894619,-0.9244298654224429,1.0245893164936366,0.148
produccion,sin pandemia,E1,4,0.36848565829834934,0.6369578989089405,-1.095930182139653,1.0227788499748363,0.562
produccion,sin pandemia,E1,5,0.6125191226553103,0.6783942032171011,-1.1448521370403621,1.0799941841302436,0.342
produccion,sin pandemia,E1,6,-0.2366737029982574,0.7168480004332894,-1.1711618621339297,1.187402297884382,0.766
produccion,sin pandemia,E1,7,-0.30492446656060734,0.7579799265698368,-1.1901731760366365,1.251966855547257,0.701
produccion,sin pandemia,E1,8,-0.04577393195266982,0.727623288098844,-1.2309848905137977,1.2628740007860806,0.956
produccion,sin pandemia,E1,9,-1.2838147243019997,0.7588931648960333,-1.206101789175844,1.2062694222939832,0.084
produccion,sin pandemia,E1,10,-0.8888982175432661,0.7021416626391858,-1.1187979640487116,1.122613259609136,0.204
produccion,sin pandemia,E1,11,-0.4285649955799752,0.723943211517209,-1.1262413147552386,1.1743022388499411,0.534
produccion,sin pandemia,E1,12,-0.34862903181709004,0.8589461327419662,-1.423400082233866,1.4182472626917844,0.674
produccion,completa,E1,-6,0.504572214312506,0.8607051523872488,-1.4873548102128364,1.3851111297575507,0.542
produccion,completa,E1,-5,-0.33894723180775455,0.8101713569298118,-1.3373098703662256,1.3550696231900439,0.668
produccion,completa,E1,-4,-0.7874002100177117,0.7000594429106147,-1.2172468359882067,1.1384979660482337,0.261
produccion,completa,E1,-3,0.15199039305410733,0.6028481259968291,-1.001441238860204,0.9566037274820075,0.825
produccion,completa,E1,-2,0.7438267585321946,0.4536955928746526,-0.7555700503681425,0.7284820180700264,0.101
produccion,completa,E1,-1,0.0,0.0,0.0,0.0,
produccion,completa,E1,0,0.25772979876185603,0.45687424016523487,-0.7057647963826849,0.8092618644574223,0.572
produccion,completa,E1,1,-0.2341335618212918,0.4949060924151997,-0.7633708583842144,0.84216629809518,0.634
produccion,completa,E1,2,0.2325943329502292,0.5568919659927528,-0.9082783332005202,0.9286462234299241,0.673
produccion,completa,E1,3,0.3451278619021123,0.6176421787478958,-0.934244714845507,1.0668888744563731,0.583
produccion,completa,E1,4,-0.5407933937210909,0.6578881643926813,-1.1156097132592595,1.0221323196135983,0.414
produccion,completa,E1,5,-0.4357371507136509,0.7183499087498105,-1.1637377255290942,1.2135697465034958,0.544
produccion,completa,E1,6,-1.2498866343502784,0.7600545509468545,-1.217216201707013,1.282661726307718,0.107
produccion,completa,E1,7,-1.1403133366884761,0.8129163392476956,-1.262618953853464,1.377742177381365,0.16
produccion,completa,E1,8,-1.0722276255898797,0.8318426953468274,-1.3783144457773884,1.4216607725241104,0.207
produccion,completa,E1,9,-2.2820735265860828,0.8495172312511559,-1.3309565269356023,1.4497578520982946,0.009
produccion,completa,E1,10,-1.8703376135303742,0.8389893318899544,-1.2643246314506529,1.4355038656988572,0.032
produccion,completa,E1,11,-1.4200940292823847,0.8488931272146109,-1.2972008644699733,1.3883716340704384,0.086
produccion,completa,E1,12,-1.9037476775490627,0.9321043913359947,-1.4212625100362315,1.5737076964241874,0.055
empleo,sin pandemia,E0,-6,-0.034336736991489376,0.16233257805373444,-0.2667141190739788,0.2590422820551787,0.839
empleo,sin pandemia,E0,-5,-0.13418441708326798,0.14125838134902502,-0.2271573825804186,0.23141253026596406,0.336
empleo,sin pandemia,E0,-4,-0.128252826322029,0.11633116534298278,-0.1981414437751477,0.19061642314615662,0.278
empleo,sin pandemia,E0,-3,-0.029890305039891298,0.08749606629409949,-0.14691638468441676,0.13619010820111704,0.731
empleo,sin pandemia,E0,-2,-0.03084402171769548,0.05368338785494834,-0.09143272177940882,0.08110851726603185,0.582
empleo,sin pandemia,E0,-1,0.0,0.0,0.0,0.0,
empleo,sin pandemia,E0,0,-0.012763554984095404,0.05382601255153366,-0.08386976473302934,0.09214203608734381,0.81
empleo,sin pandemia,E0,1,0.03443484013223383,0.0858380120409102,-0.13563244494915697,0.14404302054659995,0.685
empleo,sin pandemia,E0,2,0.09052622145899845,0.10893540478221608,-0.16686858263742588,0.17850523249058062,0.405
empleo,sin pandemia,E0,3,0.1457708420379591,0.1359847784464626,-0.21874124272235346,0.2355813148922369,0.289
empleo,sin pandemia,E0,4,0.10338893298353204,0.15592646182193484,-0.2613821028757017,0.2630256256959612,0.515
empleo,sin pandemia,E0,5,0.0760729584732992,0.172564554634701,-0.2707632568882552,0.288774510555424,0.661
empleo,sin pandemia,E0,6,-0.0572690269732091,0.19259231299335322,-0.29512608187755984,0.33176080059081836,0.786
empleo,sin pandemia,E0,7,-0.14431278361905064,0.206888198380321,-0.3212358270134059,0.34610533124133763,0.487
empleo,sin pandemia,E0,8,-0.2060399627593858,0.21601807296213338,-0.32708942325848656,0.3602591068783147,0.351
empleo,sin pandemia,E0,9,-0.22564535132666932,0.23280552443604366,-0.36032764808382983,0.3999347433626312,0.34
empleo,sin pandemia,E0,10,-0.227003933036648,0.24260402308178303,-0.391253972471495,0.40755110206070416,0.349
empleo,sin pandemia,E0,11,-0.2267412311226146,0.2508447802546293,-0.40858814968371415,0.426085843848439,0.369
empleo,sin pandemia,E0,12,-0.22316705320314292,0.2643341386548961,-0.426705768605739,0.44233227736007685,0.392
empleo,completa,E0,-6,0.03983588506122822,0.17807303520297582,-0.29423551646473045,0.29022601743894316,0.813
empleo,completa,E0,-5,-0.05921571497428303,0.1504479018564629,-0.24573027967050529,0.24523643743560358,0.699
empleo,completa,E0,-4,-0.0931865713206031,0.12069627016108761,-0.1984451031039926,0.2009277098233413,0.434
empleo,completa,E0,-3,0.004843813076833136,0.08813166405508983,-0.14624341007416,0.1432725236334025,0.961
empleo,completa,E0,-2,0.0024790601573312144,0.05173005592735803,-0.08813278815175868,0.08185176018991605,0.962
empleo,completa,E0,-1,0.0,0.0,0.0,0.0,
empleo,completa,E0,0,-0.0329777453482601,0.05085416880553978,-0.07833193656032712,0.08743209662339496,0.513
empleo,completa,E0,1,-0.026544807877167318,0.085631949926157,-0.13517028319756275,0.1423360357418004,0.761
empleo,completa,E0,2,-0.005684167430348278,0.11486446882821243,-0.18500227538806477,0.19024246434937042,0.959
empleo,completa,E0,3,0.013777903941229411,0.1442476813983102,-0.2455980474271271,0.2391585856937966,0.919
empleo,completa,E0,4,-0.051879911980002455,0.1692301247934318,-0.27327984198542754,0.27843063444100913,0.76
empleo,completa,E0,5,-0.09682234893523567,0.19177907825570456,-0.3068166977703471,0.31632974845518785,0.613
empleo,completa,E0,6,-0.19747612817771432,0.21664138193284763,-0.3527596086460403,0.3617105462836254,0.379
empleo,completa,E0,7,-0.2987655325206123,0.238460522112398,-0.37826221705185953,0.40266392494958203,0.207
empleo,completa,E0,8,-0.37082644282292343,0.25698323226103637,-0.4095899974205156,0.43719963669936784,0.148
empleo,completa,E0,9,-0.42222623380495683,0.27858362505284384,-0.44614231802672055,0.47360473434987216,0.139
empleo,completa,E0,10,-0.43285622880519875,0.29733918260147324,-0.5007391518295867,0.5033979511623003,0.153
empleo,completa,E0,11,-0.4886439055494249,0.3151021009711316,-0.5253216350777916,0.5480972823888938,0.13
empleo,completa,E0,12,-0.5575551660885859,0.33519013674461834,-0.5680769560279888,0.5843736004021942,0.107
horas,sin pandemia,E1,-6,1.0029181319502292,0.8852051187601198,-1.4706095458224882,1.4195369584866742,0.266
horas,sin pandemia,E1,-5,0.26514784487859167,0.8307199156432256,-1.3115843116772425,1.3287341828538204,0.746
horas,sin pandemia,E1,-4,0.09868539072143645,0.6773702264373836,-1.0893654611850525,1.1310626078577466,0.895
horas,sin pandemia,E1,-3,0.32396326173057705,0.54783882495242,-0.8770490928512208,0.8945635911315666,0.565
horas,sin pandemia,E1,-2,0.47773461185971167,0.42947066279602825,-0.659676322094357,0.7242636592829793,0.251
horas,sin pandemia,E1,-1,0.0,0.0,0.0,0.0,
horas,sin pandemia,E1,0,0.3239286930682262,0.4652744440022008,-0.7542778088721321,0.8015406158046577,0.471
horas,sin pandemia,E1,1,0.348371957106144,0.45819780254736125,-0.7869683127126497,0.7021602064585585,0.46
horas,sin pandemia,E1,2,0.9793901554644735,0.5603049372948188,-0.8694329942593267,0.9429611291437048,0.074
horas,sin pandemia,E1,3,0.8659633767118325,0.6790259137338489,-1.1209176705208195,1.1079346305459317,0.183
horas,sin pandemia,E1,4,0.4327097022954045,0.7336562900184893,-1.25169493198827,1.174120607525357,0.567
horas,sin pandemia,E1,5,0.7494424777382418,0.7532566528916282,-1.2800248440893982,1.186426526303407,0.326
horas,sin pandemia,E1,6,-0.04790318784438974,0.7811507715803909,-1.3178862090172163,1.2356382947765518,0.948
horas,sin pandemia,E1,7,-0.14199500265807405,0.7470412449578334,-1.217631768300822,1.1544883556323295,0.849
horas,sin pandemia,E1,8,-0.05331674033234661,0.6904834160495147,-1.116229875924161,1.1544642523765856,0.931
horas,sin pandemia,E1,9,-1.207893425129014,0.7454490015331983,-1.2084841784440377,1.1764951436886137,0.095
horas,sin pandemia,E1,10,-0.8863394092615092,0.682388314557725,-1.0909540125029364,1.121213872706384,0.196
horas,sin pandemia,E1,11,-0.5007620979987033,0.6740583801549267,-1.028283822451715,1.1540422651726105,0.445
horas,sin pandemia,E1,12,-0.6592923853811806,0.8083903144462996,-1.3104289270863856,1.3667102015205255,0.413
horas,completa,E1,-6,0.6443186890842052,0.8779616047348493,-1.5536130280734306,1.3970560447238045,0.459
horas,completa,E1,-5,0.03918379784501125,0.81749738566062,-1.4489668820832071,1.2954462657967625,0.959
horas,completa,E1,-4,-0.31912122345700833,0.6503078533743503,-1.1213767729245387,1.0144572104621357,0.6
horas,completa,E1,-3,0.267251084196273,0.532603375570522,-0.8385704648483511,0.8364685754106573,0.624
horas,completa,E1,-2,0.5412827302437905,0.42295367887372703,-0.6840334031938063,0.7174035698296649,0.195
horas,completa,E1,-1,0.0,0.0,0.0,0.0,
horas,completa,E1,0,0.2136690098396741,0.42958218128956466,-0.6956963132200495,0.76805668226232,0.6
horas,completa,E1,1,-0.005469900616608819,0.42552709639461983,-0.6667434136722751,0.6774929171370484,0.99
horas,completa,E1,2,0.48821999925441084,0.5450483713824775,-0.9022494922898258,0.8772601367462624,0.363
horas,completa,E1,3,0.3663930593974829,0.6485565909823436,-0.992120769512064,1.0865603404529085,0.58
horas,completa,E1,4,-0.3332753823331087,0.6920492530996162,-1.188448189433037,1.0647780398011006,0.628
horas,completa,E1,5,-0.07050827751107103,0.7234712389932916,-1.1862971438499876,1.1688282945958581,0.923
horas,completa,E1,6,-0.6272892629444673,0.7265456154666042,-1.205719938610448,1.212268976789116,0.381
horas,completa,E1,7,-0.6447820898708374,0.7048064113387951,-1.1281144254859925,1.1445758409330071,0.371
horas,completa,E1,8,-0.6284911802734321,0.6798616926056642,-1.06896444428667,1.1619727765021408,0.356
horas,completa,E1,9,-1.696165865371101,0.7113146607019832,-1.1008207967789472,1.2139770618909256,0.022
horas,completa,E1,10,-1.4108852869349664,0.6680919135827323,-1.0241683546475044,1.1810876813719007,0.037
horas,completa,E1,11,-1.1734486193617175,0.6843017021428018,-1.0670427439595012,1.1749028638950865,0.09
horas,completa,E1,12,-1.4665553591934135,0.7712487919048983,-1.266008624493118,1.3309804811948518,0.062
exportaciones,sin pandemia,T0,-6,-1.2327105102440374,1.4731118428437555,-2.403236003128092,2.260364929944286,0.409
exportaciones,sin pandemia,T0,-5,-1.0563861659937734,1.6274696262187265,-2.777007965022457,2.74832150012594,0.501
exportaciones,sin pandemia,T0,-4,-1.265987617834716,1.5442634477151456,-2.571518606930289,2.4940651920610253,0.402
exportaciones,sin pandemia,T0,-3,1.0613738780478548,1.4840625663486082,-2.405746682110592,2.480847339788268,0.476
exportaciones,sin pandemia,T0,-2,0.39944903038151186,1.3867138831153505,-2.269699408207854,2.3262373315272984,0.776
exportaciones,sin pandemia,T0,-1,0.0,0.0,0.0,0.0,
exportaciones,sin pandemia,T0,0,0.16226475745149022,1.389855647437352,-2.293492965832611,2.3602603279731653,0.909
exportaciones,sin pandemia,T0,1,-0.13122712623582217,1.4804803277374246,-2.441891376001523,2.3788838139068127,0.92
exportaciones,sin pandemia,T0,2,1.1395631610290886,1.4307232689471918,-2.2586935483031576,2.4521645874493214,0.427
exportaciones,sin pandemia,T0,3,0.4793362076628481,1.6361206005547588,-2.757960815015225,2.699894690888721,0.783
exportaciones,sin pandemia,T0,4,0.11971631359113633,1.7004354167428952,-2.6945436728612746,2.750285913432302,0.951
exportaciones,sin pandemia,T0,5,0.4994687504349673,1.8337921078365855,-2.81067621737566,3.157027088078704,0.773
exportaciones,sin pandemia,T0,6,-0.4352171173739191,1.901561225887643,-3.159179530244178,3.1310406262844808,0.822
exportaciones,sin pandemia,T0,7,-0.9699920490566177,1.9427959883829882,-3.1595230025494216,3.328393936660138,0.621
exportaciones,sin pandemia,T0,8,-1.3040365675259187,2.0157855411809216,-3.1008598954471,3.4834631113040166,0.506
exportaciones,sin pandemia,T0,9,-2.1022427831154875,2.1541326146717936,-3.3741327188603343,3.561382588443806,0.322
exportaciones,sin pandemia,T0,10,-2.3459624809243533,2.0979301876752685,-3.388600696558602,3.5396152052511267,0.274
exportaciones,sin pandemia,T0,11,-1.0911811376666125,2.0391185824406386,-3.1673440454895876,3.531537499982478,0.585
exportaciones,sin pandemia,T0,12,-1.0963377817321067,2.1956517050310094,-3.591102332738709,3.689939967937321,0.631
exportaciones,completa,T1,-6,-2.313762821329152,1.7594326264748807,-2.939067553265219,2.74055553001814,0.184
exportaciones,completa,T1,-5,-2.530674001083626,1.6765915917305791,-2.8951038207935835,2.574738583125834,0.125
exportaciones,completa,T1,-4,-2.5921403150971924,1.542501677717982,-2.668960423435022,2.4287541523362925,0.098
exportaciones,completa,T1,-3,-0.5743083921732446,1.5102243107257804,-2.526030303556256,2.4788845003293147,0.716
exportaciones,completa,T1,-2,-0.36982583944039515,1.144414137400419,-1.8690104943787178,1.8614288535817065,0.737
exportaciones,completa,T1,-1,0.0,0.0,0.0,0.0,
exportaciones,completa,T1,0,-0.40159547603527856,1.1777157221326688,-1.9533708923234498,1.9804093198972443,0.721
exportaciones,completa,T1,1,-1.9163064968857904,1.2302888618554388,-2.0651433027740254,2.039805312008947,0.13
exportaciones,completa,T1,2,-0.7419287559700081,1.2714800069561358,-1.9917754381960877,2.155928629118717,0.563
exportaciones,completa,T1,3,-0.8961788137512388,1.4040866126607028,-2.2946992857803776,2.152729735671594,0.54
exportaciones,completa,T1,4,-1.9200828297674462,1.5114105836794023,-2.4801687917703394,2.486649649746032,0.192
exportaciones,completa,T1,5,-1.6419651818033203,1.6439512581703968,-2.616705690256516,2.805390693075229,0.312
exportaciones,completa,T1,6,-2.0476585089086123,1.643087606847467,-2.684363383245121,2.656210977622924,0.211
exportaciones,completa,T1,7,-2.3306238517108233,1.723260283313972,-2.7907225084914278,2.843703113885541,0.177
exportaciones,completa,T1,8,-3.2134744241650055,1.761361811319027,-2.7892196762454056,3.0244525140098566,0.067
exportaciones,completa,T1,9,-4.454005738602895,1.8543680537301137,-2.9061196613176845,3.0496299594250864,0.022
exportaciones,completa,T1,10,-3.9889555267050856,1.636101613839198,-2.6883441986811105,2.7675413185908275,0.01
exportaciones,completa,T1,11,-1.3757824784535377,1.6738480352635683,-2.6152654631660583,2.8960108049223274,0.422
exportaciones,completa,T1,12,-3.937484522208987,1.9791231536723508,-3.1892224832580722,3.2926463792746814,0.048
importaciones_eeuu,sin pandemia,T1,-6,0.4575347048828481,1.0368308433073605,-1.7850751130670273,1.6665838587550454,0.654
importaciones_eeuu,sin pandemia,T1,-5,0.16623720164035083,1.0097094937997306,-1.6634556011739106,1.6694785308381535,0.856
importaciones_eeuu,sin pandemia,T1,-4,-0.4050682558358779,0.8983240034327776,-1.4685847170699364,1.4596692453183076,0.647
importaciones_eeuu,sin pandemia,T1,-3,0.02544104585006013,0.7473451258874106,-1.1682340784803482,1.2232721317101152,0.97
importaciones_eeuu,sin pandemia,T1,-2,0.6117544397274713,0.5398812027815627,-0.8748967143681589,0.897027246562621,0.279
importaciones_eeuu,sin pandemia,T1,-1,0.0,0.0,0.0,0.0,
importaciones_eeuu,sin pandemia,T1,0,0.1602582228814699,0.5630196245161168,-0.8786415669912198,1.008028371445094,0.782
importaciones_eeuu,sin pandemia,T1,1,-0.1246667074710292,0.6560118304096971,-1.0278403953287927,1.1067039996816639,0.857
importaciones_eeuu,sin pandemia,T1,2,0.8025230452894041,0.7446166967743059,-1.2059591351845937,1.2153531915638898,0.291
importaciones_eeuu,sin pandemia,T1,3,-0.12373691855417879,0.8149721464499338,-1.2793920349557282,1.4177387061550843,0.896
importaciones_eeuu,sin pandemia,T1,4,0.34946276540496674,0.8567478572842018,-1.3981601743276209,1.4297778973434072,0.681
importaciones_eeuu,sin pandemia,T1,5,0.5122883059976259,0.8815765358621729,-1.4040742339802474,1.4745232600439775,0.579
importaciones_eeuu,sin pandemia,T1,6,-0.8936812351095665,0.8976741172484197,-1.4958748868525107,1.5390550439902282,0.309
importaciones_eeuu,sin pandemia,T1,7,-0.6177989016341692,0.9172675442944255,-1.4610184117399876,1.5696967840927085,0.513
importaciones_eeuu,sin pandemia,T1,8,-1.105549330537277,0.8500311548200034,-1.2988085165840815,1.4913311003917222,0.192
importaciones_eeuu,sin pandemia,T1,9,-1.1890156158597738,0.7962853400210417,-1.2380761621549576,1.3714324351504976,0.13
importaciones_eeuu,sin pandemia,T1,10,-0.5165534170371935,0.7012109911706456,-1.1826790610302182,1.205520832961297,0.44
importaciones_eeuu,sin pandemia,T1,11,-0.9043427520209306,0.6973452849086331,-1.1125510782359056,1.156103826825464,0.201
importaciones_eeuu,sin pandemia,T1,12,-0.34857065484990013,0.7983845796937434,-1.2812655470849412,1.355236922692745,0.674
importaciones_eeuu,completa,T1,-6,0.3440619820869395,0.9963027242474494,-1.63933165840658,1.5969783818124934,0.702
importaciones_eeuu,completa,T1,-5,0.08649869685036826,0.9694613666106962,-1.5423014578918233,1.580906517143643,0.941
importaciones_eeuu,completa,T1,-4,-0.5949681195512115,0.8407824082309056,-1.3687336279414597,1.3322290903751886,0.497
importaciones_eeuu,completa,T1,-3,0.045001519883220986,0.7227430364949519,-1.179720688526454,1.1320027680689866,0.95
importaciones_eeuu,completa,T1,-2,0.5699097750757398,0.5440521884563205,-0.9048451654940595,0.8838336445524629,0.304
importaciones_eeuu,completa,T1,-1,0.0,0.0,0.0,0.0,
importaciones_eeuu,completa,T1,0,0.040682356991075155,0.5378166213043867,-0.8318185549487643,0.9343468726971957,0.94
importaciones_eeuu,completa,T1,1,-0.5809412031218538,0.6206735472106821,-0.9450938311775007,1.0327051410320662,0.366
importaciones_eeuu,completa,T1,2,0.2544785175140841,0.7127091932688103,-1.121843560223479,1.2160639223994167,0.726
importaciones_eeuu,completa,T1,3,-0.47878848835310317,0.7942931675664868,-1.237413172059312,1.3972879035564478,0.543
importaciones_eeuu,completa,T1,4,-0.34013639721439526,0.8284172924350833,-1.3367350534150217,1.3819283194814742,0.688
importaciones_eeuu,completa,T1,5,-0.3061493304343978,0.8610907280256075,-1.4044197518789505,1.4323709145805763,0.724
importaciones_eeuu,completa,T1,6,-1.485959246126878,0.8625960485748315,-1.4034624213871951,1.449716571705912,0.088
importaciones_eeuu,completa,T1,7,-1.2242626819680602,0.8989534595454542,-1.4109695540240919,1.4804972041165756,0.172
importaciones_eeuu,completa,T1,8,-1.7068061904321592,0.8855221618198863,-1.4096304546874372,1.4640135016814544,0.051
importaciones_eeuu,completa,T1,9,-1.8982380806373114,0.8498202497290032,-1.3514568590325493,1.5040268962521597,0.021
importaciones_eeuu,completa,T1,10,-1.3134225821072736,0.799561333141079,-1.2670804356894332,1.348091055208257,0.096
importaciones_eeuu,completa,T1,11,-1.4894345280253056,0.8193040534005505,-1.3454257076043872,1.4230250994725528,0.072
importaciones_eeuu,completa,T1,12,-1.526824206365889,0.9278845104386223,-1.429085538519623,1.6054336684843795,0.101
