sim,h,rechaza_dk,rechaza_perm
0,0,False,False
0,3,False,False
0,6,False,False
0,9,False,False
0,12,False,False
1,0,False,False
1,3,False,False
1,6,True,False
1,9,True,False
1,12,True,False
2,0,False,False
2,3,False,False
2,6,False,False
2,9,False,False
2,12,True,False
3,0,False,False
3,3,True,False
3,6,True,True
3,9,False,False
3,12,True,True
4,0,False,False
4,3,False,False
4,6,True,False
4,9,False,False
4,12,True,False
5,0,True,True
5,3,False,False
5,6,True,True
5,9,False,False
5,12,True,False
6,0,False,False
6,3,False,False
6,6,True,True
6,9,True,False
6,12,True,False
7,0,True,True
7,3,False,False
7,6,True,False
7,9,True,True
7,12,True,False
8,0,False,False
8,3,False,False
8,6,True,False
8,9,True,False
8,12,False,False
9,0,True,True
9,3,False,False
9,6,True,False
9,9,False,False
9,12,True,False
10,0,True,False
10,3,True,False
10,6,False,False
10,9,False,False
10,12,False,False
11,0,True,True
11,3,True,False
11,6,False,False
11,9,False,False
11,12,True,False
12,0,False,False
12,3,True,False
12,6,True,False
12,9,False,False
12,12,False,False
13,0,False,False
13,3,True,False
13,6,True,False
13,9,True,False
13,12,True,False
14,0,False,False
14,3,False,False
14,6,False,False
14,9,False,False
14,12,True,False
15,0,False,False
15,3,False,False
15,6,False,False
15,9,False,False
15,12,True,False
16,0,False,False
16,3,False,False
16,6,True,False
16,9,False,False
16,12,True,False
17,0,False,False
17,3,False,False
17,6,False,False
17,9,True,True
17,12,False,False
18,0,False,False
18,3,False,False
18,6,False,False
18,9,False,False
18,12,False,False
19,0,False,False
19,3,True,False
19,6,False,False
19,9,True,False
19,12,False,False
20,0,False,False
20,3,False,False
20,6,True,False
20,9,False,False
20,12,True,False
21,0,True,False
21,3,True,False
21,6,True,False
21,9,True,False
21,12,True,False
22,0,False,False
22,3,True,False
22,6,True,True
22,9,True,False
22,12,True,False
23,0,False,False
23,3,True,True
23,6,False,False
23,9,True,False
23,12,False,False
24,0,False,False
24,3,True,False
24,6,True,False
24,9,True,False
24,12,False,False
25,0,False,False
25,3,True,False
25,6,True,False
25,9,False,False
25,12,False,False
26,0,False,False
26,3,False,False
26,6,False,False
26,9,False,False
26,12,True,True
27,0,False,False
27,3,False,False
27,6,False,False
27,9,True,False
27,12,False,False
28,0,False,False
28,3,False,False
28,6,False,False
28,9,False,False
28,12,True,False
29,0,False,False
29,3,False,False
29,6,True,False
29,9,True,False
29,12,True,False
30,0,True,False
30,3,False,False
30,6,True,False
30,9,False,False
30,12,True,False
31,0,False,False
31,3,False,False
31,6,False,False
31,9,True,False
31,12,False,False
32,0,False,False
32,3,False,False
32,6,True,True
32,9,False,False
32,12,False,False
33,0,False,False
33,3,False,False
33,6,True,True
33,9,True,True
33,12,True,True
34,0,True,False
34,3,False,False
34,6,False,False
34,9,True,False
34,12,True,False
35,0,False,False
35,3,False,False
35,6,False,False
35,9,False,False
35,12,True,False
36,0,False,False
36,3,False,False
36,6,False,False
36,9,False,False
36,12,False,False
37,0,False,False
37,3,False,False
37,6,True,False
37,9,False,False
37,12,False,False
38,0,False,False
38,3,True,False
38,6,False,False
38,9,True,True
38,12,True,True
39,0,True,False
39,3,False,False
39,6,True,False
39,9,True,False
39,12,False,False
40,0,False,False
40,3,True,False
40,6,True,False
40,9,False,False
40,12,True,False
41,0,True,True
41,3,True,False
41,6,False,False
41,9,False,False
41,12,True,False
42,0,True,False
42,3,False,False
42,6,False,False
42,9,True,False
42,12,True,False
43,0,False,False
43,3,False,False
43,6,False,False
43,9,True,False
43,12,True,True
44,0,True,False
44,3,False,False
44,6,False,False
44,9,False,False
44,12,False,False
45,0,False,False
45,3,True,False
45,6,False,False
45,9,False,False
45,12,True,False
46,0,False,False
46,3,False,False
46,6,False,False
46,9,True,False
46,12,False,False
47,0,True,False
47,3,False,False
47,6,False,False
47,9,True,True
47,12,True,False
48,0,False,False
48,3,True,False
48,6,False,False
48,9,False,False
48,12,False,False
49,0,False,False
49,3,False,False
49,6,False,False
49,9,False,False
49,12,True,False
50,0,False,False
50,3,False,False
50,6,False,False
50,9,False,False
50,12,False,False
51,0,False,False
51,3,False,False
51,6,False,False
51,9,False,False
51,12,False,False
52,0,False,False
52,3,True,True
52,6,True,True
52,9,True,True
52,12,False,False
53,0,False,False
53,3,False,False
53,6,False,False
53,9,False,False
53,12,False,False
54,0,False,False
54,3,True,False
54,6,False,False
54,9,True,True
54,12,True,False
55,0,False,False
55,3,False,False
55,6,True,False
55,9,False,False
55,12,False,False
56,0,False,False
56,3,False,False
56,6,False,False
56,9,False,False
56,12,True,False
57,0,False,False
57,3,False,False
57,6,False,False
57,9,False,False
57,12,False,False
58,0,False,False
58,3,False,False
58,6,False,False
58,9,False,False
58,12,False,False
59,0,True,False
59,3,False,False
59,6,True,True
59,9,False,False
59,12,True,False
60,0,False,False
60,3,True,False
60,6,False,False
60,9,True,False
60,12,False,False
61,0,False,False
61,3,False,False
61,6,False,False
61,9,True,False
61,12,True,False
62,0,False,False
62,3,True,False
62,6,False,False
62,9,False,False
62,12,False,False
63,0,True,True
63,3,False,False
63,6,True,False
63,9,False,False
63,12,False,False
64,0,False,False
64,3,True,False
64,6,True,False
64,9,True,False
64,12,True,False
65,0,False,False
65,3,False,False
65,6,True,False
65,9,False,False
65,12,True,False
66,0,True,True
66,3,False,False
66,6,False,False
66,9,True,False
66,12,True,False
67,0,True,True
67,3,False,False
67,6,False,False
67,9,False,False
67,12,False,False
68,0,False,False
68,3,False,False
68,6,False,False
68,9,False,False
68,12,True,False
69,0,False,False
69,3,False,False
69,6,False,False
69,9,True,False
69,12,True,False
70,0,False,False
70,3,False,False
70,6,False,False
70,9,True,False
70,12,False,False
71,0,False,False
71,3,False,False
71,6,False,False
71,9,True,False
71,12,False,False
72,0,False,False
72,3,False,False
72,6,True,False
72,9,False,False
72,12,True,False
73,0,False,False
73,3,True,False
73,6,False,False
73,9,False,False
73,12,False,False
74,0,True,True
74,3,False,False
74,6,True,False
74,9,False,False
74,12,False,False
75,0,False,False
75,3,True,False
75,6,True,False
75,9,False,False
75,12,True,False
76,0,True,False
76,3,False,False
76,6,False,False
76,9,True,False
76,12,True,False
77,0,False,False
77,3,False,False
77,6,True,False
77,9,True,True
77,12,True,True
78,0,True,False
78,3,True,False
78,6,True,True
78,9,False,False
78,12,False,False
79,0,True,False
79,3,True,False
79,6,True,True
79,9,True,False
79,12,True,False
80,0,False,False
80,3,False,False
80,6,False,False
80,9,True,False
80,12,False,False
81,0,False,False
81,3,False,False
81,6,False,False
81,9,False,False
81,12,True,False
82,0,True,False
82,3,True,False
82,6,True,False
82,9,True,True
82,12,True,False
83,0,True,True
83,3,False,False
83,6,True,False
83,9,True,False
83,12,True,False
84,0,False,False
84,3,False,False
84,6,True,False
84,9,True,True
84,12,True,True
85,0,False,False
85,3,True,True
85,6,False,False
85,9,False,False
85,12,False,False
86,0,False,False
86,3,False,False
86,6,False,False
86,9,False,False
86,12,False,False
87,0,False,False
87,3,True,False
87,6,False,False
87,9,True,False
87,12,False,False
88,0,False,False
88,3,False,False
88,6,True,False
88,9,True,False
88,12,True,False
89,0,False,False
89,3,False,False
89,6,False,False
89,9,False,False
89,12,False,False
90,0,False,False
90,3,False,False
90,6,False,False
90,9,True,False
90,12,False,False
91,0,True,False
91,3,False,False
91,6,True,False
91,9,False,False
91,12,False,False
92,0,True,False
92,3,False,False
92,6,True,True
92,9,False,False
92,12,True,False
93,0,True,False
93,3,False,False
93,6,False,False
93,9,True,True
93,12,False,False
94,0,False,False
94,3,False,False
94,6,False,False
94,9,False,False
94,12,True,True
95,0,True,False
95,3,False,False
95,6,True,True
95,9,True,False
95,12,True,True
96,0,False,False
96,3,False,False
96,6,False,False
96,9,False,False
96,12,True,False
97,0,False,False
97,3,False,False
97,6,False,False
97,9,False,False
97,12,False,False
98,0,False,False
98,3,True,False
98,6,True,False
98,9,True,True
98,12,False,False
99,0,False,False
99,3,False,False
99,6,True,True
99,9,False,False
99,12,True,True
100,0,False,False
100,3,True,True
100,6,True,True
100,9,True,True
100,12,True,True
101,0,True,True
101,3,False,False
101,6,False,False
101,9,False,False
101,12,True,False
102,0,False,False
102,3,False,False
102,6,False,False
102,9,False,False
102,12,True,False
103,0,False,False
103,3,False,False
103,6,False,False
103,9,True,False
103,12,False,False
104,0,False,False
104,3,True,False
104,6,False,False
104,9,False,False
104,12,True,False
105,0,False,False
105,3,False,False
105,6,False,False
105,9,False,False
105,12,False,False
106,0,False,False
106,3,True,True
106,6,True,False
106,9,False,False
106,12,True,False
107,0,False,False
107,3,False,False
107,6,True,False
107,9,True,True
107,12,True,False
108,0,True,True
108,3,False,False
108,6,False,False
108,9,False,False
108,12,True,False
109,0,False,False
109,3,False,False
109,6,False,False
109,9,False,False
109,12,True,False
110,0,False,False
110,3,False,False
110,6,True,False
110,9,False,False
110,12,False,False
111,0,True,False
111,3,True,False
111,6,False,False
111,9,False,False
111,12,True,False
112,0,False,False
112,3,False,False
112,6,False,False
112,9,True,False
112,12,False,False
113,0,False,False
113,3,False,False
113,6,False,False
113,9,True,False
113,12,True,False
114,0,False,False
114,3,True,False
114,6,True,False
114,9,True,False
114,12,True,False
115,0,False,False
115,3,False,False
115,6,True,False
115,9,False,False
115,12,True,True
116,0,False,False
116,3,False,False
116,6,True,False
116,9,True,False
116,12,True,False
117,0,False,False
117,3,False,False
117,6,False,False
117,9,True,True
117,12,True,False
118,0,False,False
118,3,False,False
118,6,False,False
118,9,False,False
118,12,True,True
119,0,True,False
119,3,False,False
119,6,False,False
119,9,False,False
119,12,False,False
120,0,True,True
120,3,False,False
120,6,False,False
120,9,False,False
120,12,False,False
121,0,True,False
121,3,True,False
121,6,True,False
121,9,False,False
121,12,False,False
122,0,False,False
122,3,False,False
122,6,False,False
122,9,True,False
122,12,False,False
123,0,True,True
123,3,False,False
123,6,False,False
123,9,False,False
123,12,True,False
124,0,False,False
124,3,False,False
124,6,False,False
124,9,False,False
124,12,False,False
125,0,False,False
125,3,False,False
125,6,False,False
125,9,False,False
125,12,True,True
126,0,False,False
126,3,True,True
126,6,False,False
126,9,False,False
126,12,True,False
127,0,False,False
127,3,True,True
127,6,False,False
127,9,False,False
127,12,True,True
128,0,False,False
128,3,True,False
128,6,True,False
128,9,False,False
128,12,False,False
129,0,True,False
129,3,True,True
129,6,False,False
129,9,False,False
129,12,True,False
130,0,False,False
130,3,False,False
130,6,False,False
130,9,False,False
130,12,False,False
131,0,False,False
131,3,False,False
131,6,False,False
131,9,False,False
131,12,True,False
132,0,False,False
132,3,True,True
132,6,True,False
132,9,True,True
132,12,False,False
133,0,False,False
133,3,True,False
133,6,True,True
133,9,True,False
133,12,False,False
134,0,True,True
134,3,True,False
134,6,False,False
134,9,False,False
134,12,False,False
135,0,False,False
135,3,False,False
135,6,False,False
135,9,True,False
135,12,True,False
136,0,False,False
136,3,False,False
136,6,True,False
136,9,False,False
136,12,False,False
137,0,False,False
137,3,False,False
137,6,False,False
137,9,True,False
137,12,False,False
138,0,False,False
138,3,True,False
138,6,False,False
138,9,True,False
138,12,True,False
139,0,False,False
139,3,True,False
139,6,True,True
139,9,False,False
139,12,False,False
140,0,False,False
140,3,True,True
140,6,True,False
140,9,False,False
140,12,True,False
141,0,True,True
141,3,True,False
141,6,False,False
141,9,True,False
141,12,False,False
142,0,True,False
142,3,True,True
142,6,False,False
142,9,True,True
142,12,False,False
143,0,False,False
143,3,False,False
143,6,False,False
143,9,True,False
143,12,False,False
144,0,False,False
144,3,False,False
144,6,True,False
144,9,False,False
144,12,True,False
145,0,False,False
145,3,False,False
145,6,False,False
145,9,True,False
145,12,True,False
146,0,True,False
146,3,True,False
146,6,True,False
146,9,True,True
146,12,True,True
147,0,False,False
147,3,False,False
147,6,False,False
147,9,False,False
147,12,True,False
148,0,True,False
148,3,False,False
148,6,False,False
148,9,True,False
148,12,True,False
149,0,False,False
149,3,False,False
149,6,False,False
149,9,False,False
149,12,False,False
150,0,False,False
150,3,False,False
150,6,False,False
150,9,True,False
150,12,False,False
151,0,False,False
151,3,True,False
151,6,True,False
151,9,True,False
151,12,False,False
152,0,True,True
152,3,True,True
152,6,False,False
152,9,False,False
152,12,True,False
153,0,True,False
153,3,True,False
153,6,False,False
153,9,True,True
153,12,True,False
154,0,False,False
154,3,False,False
154,6,False,False
154,9,True,True
154,12,False,False
155,0,False,False
155,3,False,False
155,6,True,False
155,9,False,False
155,12,True,False
156,0,True,True
156,3,True,False
156,6,False,False
156,9,True,False
156,12,True,False
157,0,False,False
157,3,False,False
157,6,True,False
157,9,False,False
157,12,True,False
158,0,False,False
158,3,True,False
158,6,True,False
158,9,False,False
158,12,True,False
159,0,True,False
159,3,True,False
159,6,False,False
159,9,False,False
159,12,True,True
160,0,False,False
160,3,False,False
160,6,False,False
160,9,True,False
160,12,False,False
161,0,False,False
161,3,True,True
161,6,False,False
161,9,False,False
161,12,False,False
162,0,True,False
162,3,False,False
162,6,True,True
162,9,True,True
162,12,False,False
163,0,False,False
163,3,False,False
163,6,True,False
163,9,True,False
163,12,False,False
164,0,False,False
164,3,False,False
164,6,False,False
164,9,False,False
164,12,False,False
165,0,False,False
165,3,False,False
165,6,False,False
165,9,False,False
165,12,False,False
166,0,False,False
166,3,True,False
166,6,False,False
166,9,False,False
166,12,False,False
167,0,False,False
167,3,False,False
167,6,True,False
167,9,False,False
167,12,True,False
168,0,False,False
168,3,False,False
168,6,False,False
168,9,True,False
168,12,True,False
169,0,False,False
169,3,False,False
169,6,True,False
169,9,True,False
169,12,False,False
170,0,False,False
170,3,False,False
170,6,False,False
170,9,True,False
170,12,False,False
171,0,True,False
171,3,False,False
171,6,True,False
171,9,True,True
171,12,False,False
172,0,True,False
172,3,True,True
172,6,False,False
172,9,False,False
172,12,True,False
173,0,True,False
173,3,True,True
173,6,False,False
173,9,False,False
173,12,False,False
174,0,False,False
174,3,False,False
174,6,False,False
174,9,False,False
174,12,False,False
175,0,True,False
175,3,False,False
175,6,False,False
175,9,False,False
175,12,False,False
176,0,False,False
176,3,False,False
176,6,True,False
176,9,False,False
176,12,False,False
177,0,True,False
177,3,True,True
177,6,True,False
177,9,True,True
177,12,False,False
178,0,False,False
178,3,False,False
178,6,True,False
178,9,False,False
178,12,True,False
179,0,True,False
179,3,False,False
179,6,False,False
179,9,True,False
179,12,True,False
180,0,False,False
180,3,False,False
180,6,True,False
180,9,True,True
180,12,True,False
181,0,False,False
181,3,True,False
181,6,True,True
181,9,True,False
181,12,False,False
182,0,True,False
182,3,False,False
182,6,False,False
182,9,True,True
182,12,True,True
183,0,True,False
183,3,False,False
183,6,True,False
183,9,False,False
183,12,True,False
184,0,True,False
184,3,True,False
184,6,True,False
184,9,True,False
184,12,True,False
185,0,False,False
185,3,False,False
185,6,True,False
185,9,False,False
185,12,False,False
186,0,True,False
186,3,True,True
186,6,False,False
186,9,True,False
186,12,False,False
187,0,True,False
187,3,False,False
187,6,True,False
187,9,True,False
187,12,False,False
188,0,False,False
188,3,False,False
188,6,False,False
188,9,True,False
188,12,False,False
189,0,False,False
189,3,True,True
189,6,False,False
189,9,True,True
189,12,False,False
190,0,True,False
190,3,True,False
190,6,True,False
190,9,True,False
190,12,False,False
191,0,True,False
191,3,True,False
191,6,False,False
191,9,False,False
191,12,False,False
192,0,False,False
192,3,True,False
192,6,False,False
192,9,False,False
192,12,False,False
193,0,False,False
193,3,False,False
193,6,False,False
193,9,False,False
193,12,True,False
194,0,True,False
194,3,True,True
194,6,True,False
194,9,True,False
194,12,True,False
195,0,False,False
195,3,True,False
195,6,True,False
195,9,False,False
195,12,True,False
196,0,True,False
196,3,False,False
196,6,False,False
196,9,False,False
196,12,False,False
197,0,False,False
197,3,False,False
197,6,False,False
197,9,False,False
197,12,False,False
198,0,False,False
198,3,False,False
198,6,True,True
198,9,True,False
198,12,True,False
199,0,False,False
199,3,False,False
199,6,False,False
199,9,True,False
199,12,False,False
