muestra,rama,rama_nombre,coef_exportacion,efecto_h0_12,p_h0_12,q_h0_12,efecto_h1_6,p_h1_6,q_h1_6,efecto_h7_12,p_h7_12,q_h7_12,meses_h0,meses_h12,efecto_h0,efecto_h1,efecto_h2,efecto_h3,efecto_h4,efecto_h5,efecto_h6,efecto_h7,efecto_h8,efecto_h9,efecto_h10,efecto_h11,efecto_h12
sin pandemia,3366,Fabricación de embarcaciones,0.5822911532336551,-10.478862655924258,0.088,0.9383684210526316,-6.785151465749357,0.18,0.8930526315789473,-13.501357558093327,0.11,0.9897831325301205,73,49,-14.506160383959235,-4.174051907688185,-2.2159180564812426,-8.06725691495884,-3.948943903656696,-14.195549078493997,-8.109188933217194,-18.58878102447856,-15.213982695290968,-8.777867743834559,-10.770792800503022,-14.761080176818773,-12.895640907634082
sin pandemia,3365,Fabricación de equipo ferroviario,0.8018618332294466,-2.1656881234770475,0.276,0.9383684210526316,-3.0781399447052706,0.085,0.8930526315789473,-1.325249482817654,0.617,0.9897831325301205,73,49,-1.7336090400640707,-3.699391677825898,1.0865208644197286,-1.7018622746482144,-4.378026541576525,-3.877391102481578,-5.898688936119139,-1.611861998963093,3.39836083113363,-1.1214049818471108,-3.5738855165908836,-1.5311136918375343,-3.5115915388009324
sin pandemia,3342,Fabricación de equipo de comunicación,0.895054776922478,-1.7587887771658144,0.392,0.9383684210526316,-1.635575288241999,0.376,0.8930526315789473,-1.972675522845867,0.517,0.9897831325301205,73,49,-1.2147492366283894,-2.9024073396764463,-1.4615187343516014,-1.5119540299949248,-3.1394222547868016,-0.8442091893688315,0.04605981872661175,-3.73839026663731,-3.0859454036286245,-1.5560647897714175,-3.159970077062523,-0.1775862576666804,-0.11809634230864814
sin pandemia,3315,Moldeo por fundición de piezas metálicas,0.0974402319506194,-1.537356890850449,0.338,0.9383684210526316,-0.6445356938304627,0.643,0.9154576271186441,-2.5639336275758895,0.297,0.9897831325301205,73,49,-0.7348236526177215,-1.9783452955119438,0.3135203654283188,-1.0618022150322315,-0.466670565338944,-0.411726225184369,-0.2621902273436074,-0.3121509848475791,0.2971835243634756,-2.5857045076104406,-5.143209910597977,-4.555765732206654,-3.083954154556162
sin pandemia,3312,Fabricación de productos de hierro y acero,0.0669975578374552,-1.5046767180597056,0.266,0.9383684210526316,-1.477515079947842,0.219,0.8930526315789473,-1.7745436289685157,0.386,0.9897831325301205,73,49,-0.048445081278026346,-0.36677704511860937,-1.8319237307877785,-1.814031043290584,-1.5086220853014327,-1.507284630202279,-1.836451944986369,-0.626016003091085,0.29492026364906077,-1.9058901451459114,-2.925740527807063,-3.883754388288594,-1.600780973127503
sin pandemia,3313,Industria básica del aluminio,0.2650002880058719,-1.4241483210785988,0.211,0.9383684210526316,-0.6564274935538404,0.602,0.8930526315789473,-2.2166536733993785,0.205,0.9897831325301205,73,49,-1.2754411723024686,-0.39564183572739914,-1.8337873590139804,-1.132915864332519,-0.12578044459591176,0.46757223269826437,-0.9180116903514964,-0.5896485841276887,0.3754836862562938,-3.0179697013121567,-3.7223032284925206,-3.3533320601974497,-2.992152152522748
sin pandemia,3311,Industria básica del hierro y del acero,0.279574215702268,-1.1969137071243556,0.694,0.9383684210526316,-0.8741604545125847,0.774,0.9561176470588236,-1.8384533999782011,0.69,0.9897831325301205,73,49,0.7158049343280916,-0.43921337591674314,-1.1784042044907703,-0.8659541521413742,0.5341132155172377,1.0776062517038785,-4.3731104617477365,-1.9461671489190515,0.8478648852683721,-0.16955643347979607,-5.396524657616958,-3.2617490048031152,-1.1045880403186572
sin pandemia,3152,Confección de prendas de vestir,0.4259861529321015,-1.1570817901637522,0.043,0.9383684210526316,-1.0247037601431772,0.072,0.8930526315789473,-1.3377406903398519,0.069,0.9897831325301205,73,49,-0.8673965692306038,-0.5592349516481401,-1.394954425514861,-1.1674855364618753,-1.6043452160064542,-1.850662209444538,0.4284597782168046,-0.8616031863790187,-1.0917864099366372,-1.8714115680078265,-1.4330621850812943,-1.841135654376873,-0.9274451382574612
sin pandemia,3327,Maquinado de piezas y fabricación de tornillos,0.1233232283296124,-1.1496298958739584,0.117,0.9383684210526316,-1.6491866974844283,0.098,0.8930526315789473,-0.8431100337910421,0.293,0.9897831325301205,73,49,0.008591741291365116,-0.19346101639613975,-1.144569451933405,-1.5553216919912602,-1.6436856418424624,-2.7219403541178933,-2.63614202862541,-1.8863528462312924,-0.49132493577453096,-1.0922400742216025,-1.4055213342369426,-0.8421206266055987,0.6588996143237148
sin pandemia,3113,"Elaboración de azúcares, chocolates, dulces y similares",0.2016423568218791,-1.1405061376228303,0.337,0.9383684210526316,-1.3958212516216328,0.268,0.8930526315789473,-1.0673802111020168,0.493,0.9897831325301205,73,49,-0.047371012754895934,-2.370222091585541,-4.062031734946755,-2.0967128434254207,-1.3123267450295506,0.17606045683413238,1.2903054484233367,0.4827984873274021,-0.562253254407256,1.0100412863195722,-0.3959679173106954,-2.275223642963415,-4.663676225577708
sin pandemia,3361,Fabricación de automóviles y camiones,0.6801529750236635,-1.1047468542776293,0.206,0.9383684210526316,-0.903808988599083,0.231,0.8930526315789473,-1.2716237243512647,0.261,0.9897831325301205,73,49,-1.3091128279070945,0.08061772951166385,-0.3292322886850606,-1.2224094436733206,-1.5138502053179377,-1.5850310034414485,-0.8529487199883947,-0.38997779226420004,-0.13793746709210739,-1.1947318316049977,-1.1778545983446431,-1.8326501324387436,-2.896590524362897
sin pandemia,3255,"Fabricación de pinturas, recubrimientos y adhesivos",0.0704773870608603,-1.005537833032911,0.059,0.9383684210526316,-1.3302258371759004,0.028,0.8930526315789473,-0.6781037354180571,0.348,0.9897831325301205,73,49,-1.022014393864099,-1.0890284821752618,-1.1982358821055406,-0.740258935123632,-2.148432573646988,-1.2061047020834572,-1.5992944479205227,-0.37335770145670427,0.3384505659168426,0.9220836482234946,-1.328311244253335,-2.2847608041109475,-1.3427268768276932
sin pandemia,3219,Fabricación de otros productos de madera,0.1827036170504173,-0.9696638955154633,0.146,0.9383684210526316,-0.5887799996921902,0.402,0.8930526315789473,-1.5378034325914014,0.09,0.9897831325301205,73,49,0.15386995200052472,-0.5738783586885579,0.2545760452122042,-0.6282219483576027,-0.7589495151196368,-0.9447919709267844,-0.8814142502727632,-1.0531680591360528,-1.5933527339130826,-1.811266705285505,-2.0737522355402898,-0.5380657417303728,-2.157215119943105
sin pandemia,3252,"Fabricación de resinas y hules sintéticos, y fibras químicas",0.3119319594154858,-0.9580676528399603,0.075,0.9383684210526316,-1.2286951208609227,0.101,0.8930526315789473,-0.7668522885080166,0.192,0.9897831325301205,73,49,-0.4815950307058498,-0.9131078888485038,-1.7820438328907988,-0.7630911553011319,-0.8891577830057364,-1.705758213951248,-1.3190118511681161,-0.9002733447735962,-0.011380346872078262,0.36394676319980146,-0.6410763780055014,-1.4836504388960918,-1.9286799857006338
sin pandemia,3333,Fabricación de maquinaria y equipo para el comercio y los servicios,0.8664849575372038,-0.8908385017966288,0.549,0.9383684210526316,-0.589273736821412,0.705,0.94,-1.3776652842685977,0.492,0.9897831325301205,73,49,0.22073360318388482,0.10919666785722461,-1.3490366284236184,-2.566816758085437,-0.9810016482014787,0.48705958519879716,0.7649563607260393,-0.9765063547559363,-4.4315391448115165,-1.9558959970330352,-0.12381557834882997,-0.7199971006201445,-0.05823753004212476
sin pandemia,3211,Aserrado y conservación de la madera,0.0034917286527276,-0.8525127743674628,0.299,0.9383684210526316,-1.7271708126263292,0.109,0.8930526315789473,-0.08024310938609543,0.932,0.9897831325301205,73,49,-0.23818253470246803,-0.6340686561602129,-2.602678105136059,-2.4830741367225984,-2.0412239380163615,-0.899440530037632,-1.7025395096851117,-0.28228649150291096,1.573033956829887,0.5834644345774196,-0.844273753035043,-0.367272794185869,-1.144124009000056
sin pandemia,3372,Fabricación de muebles de oficina y estantería,0.2214380514733216,-0.7729500333497965,0.395,0.9383684210526316,-0.43835585084770895,0.557,0.8930526315789473,-1.3015168958751695,0.335,0.9897831325301205,73,49,0.39088604678991545,-0.7898073828561084,-0.36601266859824916,-1.1535273129026673,-0.5099073154980779,-0.3364730149146144,0.5255925896834635,-0.11444768805799195,-1.035196309191242,-1.9689300232995273,-2.426290568624287,-1.536635741107226,-0.727601044970742
sin pandemia,3161,Curtido y acabado de cuero y piel,0.262669438610518,-0.7611371377957693,0.455,0.9383684210526316,-1.0632986780489386,0.198,0.8930526315789473,-0.4489822439438622,0.764,0.9897831325301205,73,49,-0.8210972593881939,-1.2497510448727984,-2.0100742082288203,-0.5189875531429115,-0.17268359305272768,-1.572759696697145,-0.8555359722992305,-0.40263504632107705,0.8949330802785072,-0.589812831618856,-0.5081882194276629,-1.0627766180864442,-1.0254138284876397
sin pandemia,3115,Elaboración de productos lácteos,0.0498313429839448,-0.6985223952801689,0.041,0.9383684210526316,-0.6770349494124611,0.048,0.8930526315789473,-0.7735729782375457,0.127,0.9897831325301205,73,49,-0.37714357274215626,-0.5315189749122955,-0.8887959876962538,-0.410434568005079,-0.9179535581539454,-0.47883668948134406,-0.8346699182258481,-0.4846943716571962,-0.309600792086935,-0.7099410070002573,-0.8995160600007941,-1.1592042575235815,-1.0784813811565095
sin pandemia,3314,"Industrias de metales no ferrosos, excepto aluminio",0.4934732886739018,-0.6616455609974957,0.48,0.9383684210526316,-0.8536739825533844,0.302,0.8930526315789473,-0.539093942144588,0.679,0.9897831325301205,73,49,-0.24478474477960832,-1.7392859661416844,-0.8331070780633418,-0.8773676040816321,-0.3680533007006071,-1.0880811981272058,-0.21614874820583582,-0.3707560330002182,0.8214090645271667,-1.6818698665959249,-0.488056454371356,-0.27272004369521585,-1.242570319731979
sin pandemia,3241,Fabricación de productos derivados del petróleo y del carbón,0.0588949583065286,-0.6148669232753231,0.743,0.9383684210526316,-1.1079015575330087,0.484,0.8930526315789473,-0.22710771586612966,0.924,0.9897831325301205,73,49,0.01678563781563022,-0.49591981135068053,-1.653599718226778,-1.6175432510023486,-1.6689700350859589,-0.9915474632091796,-0.2198290663231066,0.8995412619615645,-0.24412294851471722,-2.545242589549069,0.131255932246614,-0.7353393573746193,1.1312614060334492
sin pandemia,3339,Fabricación de otra maquinaria y equipo para la industria en general,0.6417221502759753,-0.5801617406093187,0.358,0.9383684210526316,-0.46301987455212007,0.388,0.8930526315789473,-0.8017187669417164,0.343,0.9897831325301205,73,49,0.046329221041875535,-0.0033001384602244317,0.6509709769593622,-0.7116866105582221,-1.2001099489176221,-0.6777860998812973,-0.8362074264547166,0.35049469602798,0.18676044459348556,-1.564218355566534,-1.194772001477078,-1.4595411782237135,-1.1290362070044382
sin pandemia,3353,Fabricación de equipo de generación y distribución de energía eléctrica,0.8989208694711824,-0.4999293825845386,0.385,0.9383684210526316,-0.45181895164419844,0.475,0.8930526315789473,-0.6422266932738152,0.371,0.9897831325301205,73,49,0.06519189590907891,-0.4702355864395332,-0.9667030379951758,0.7315350083758747,0.7650126865410125,-1.465814191477597,-1.304708588869772,1.195616846545945,0.42097029811124753,-2.0046136675775585,-0.9966526278074279,-1.411303311534315,-1.0573776973807818
sin pandemia,3322,Fabricación de herramientas de mano sin motor y utensilios de cocina metálicos,0.4783144421423179,-0.46024306911944274,0.578,0.9383684210526316,-0.8516128403541159,0.347,0.8930526315789473,-0.1552835845638795,0.889,0.9897831325301205,73,49,0.05821865095521554,-1.09112021298913,-1.3408601117595724,-1.9868682801131472,-1.2147353945683614,-0.380735462862465,0.9046424201679818,0.37985945231957235,-0.41805184693065034,-0.5848700426532296,0.07425173168685802,0.37813645836961735,-0.761027260175445
sin pandemia,3399,Otras industrias manufactureras,0.618987370047973,-0.4138112170454641,0.308,0.9383684210526316,-0.22468969600349115,0.654,0.9156,-0.6591598391775982,0.253,0.9897831325301205,73,49,-0.07644861050449611,-0.4639404032261226,-0.3502495564978747,-0.8770110680115606,0.09395729243438032,-0.16969471415616788,0.41880027343639886,0.5223395226443752,-0.8551755207734096,-0.9674018645934453,-0.6058484197043507,-0.7505524617901796,-1.2983202908485794
sin pandemia,3341,Fabricación de computadoras y equipo periférico,0.7847307234340066,-0.38262810099020433,0.765,0.9383684210526316,-0.33748070725807117,0.742,0.9561176470588236,-0.4952983903023679,0.772,0.9897831325301205,73,49,0.022509272489977892,0.0015345144325424342,0.6472993550095919,1.129946229693601,-0.8338963821845193,-1.2830913121743908,-1.6866766483252515,-2.055819726236279,-0.09712635519188424,-0.9177209151421549,-2.491243905417231,0.8564534939571824,1.7336670662161597
sin pandemia,3371,"Fabricación de muebles, excepto de oficina y estantería",0.3642278188643361,-0.31187524479464046,0.487,0.9383684210526316,-0.5794019450880011,0.257,0.8930526315789473,0.0044029564841649264,0.994,0.994,73,49,-0.6043842507073094,-1.046388566853844,-1.4162488859251778,0.01055374924882771,0.46736987633641247,0.10147939411661626,-1.5931772374508415,-0.38666059954157717,0.46338708613841895,0.0910283383281262,-0.9162458493814671,0.14688885614335567,0.6280199072181331
sin pandemia,3256,"Fabricación de jabones, limpiadores y preparaciones de tocador",0.2434658656862863,-0.3059854371326482,0.56,0.9383684210526316,-0.40541125252026405,0.4,0.8930526315789473,-0.25386696499254763,0.709,0.9897831325301205,73,49,-0.022141377647557366,-0.3120327911685043,-0.5535493495006931,-0.4036087571065759,-0.47191173877147136,-0.5011900390120896,-0.19017483956224968,0.41781122782563035,0.8705614198655571,0.29560178692983,-1.4277906153313227,-1.0206532245502202,-0.6587323846947604
sin pandemia,3119,Otras industrias alimentarias,0.1089707298904361,-0.29327738440942613,0.257,0.9383684210526316,-0.3935319705159268,0.12,0.8930526315789473,-0.2147293648544176,0.517,0.9897831325301205,73,49,-0.1630379851004725,-0.42558311596350473,-0.47716939188097746,-0.36170333731466464,-0.26774581094114247,-0.23164375467343568,-0.5973464123218363,-0.3937148090317793,0.3771225198534909,0.45645638938291017,-0.5079495116760371,-0.11726424822184123,-1.103026529433249
sin pandemia,3325,Fabricación de herrajes y cerraduras,0.8134327973740351,-0.2751825737422778,0.722,0.9383684210526316,0.2939556308320844,0.72,0.945,-0.8936759093096998,0.359,0.9897831325301205,73,49,0.02094821221608118,-0.15856561185658535,0.5863937480291054,0.45615142241706386,-0.22129788436553943,0.8204188489219708,0.28063326184649096,-0.45227988461254354,-1.957624757043442,-0.06509022542341136,-1.0776016971860425,0.26375981972812307,-2.073218711320883
sin pandemia,3149,"Fabricación de otros productos textiles, excepto prendas de vestir",0.3944218335152466,-0.23934796184018575,0.548,0.9383684210526316,-0.16694879821505398,0.666,0.9171147540983607,-0.34041489095325234,0.575,0.9897831325301205,73,49,-0.06734136891257633,-0.49490099808996346,-0.195758162422457,-0.5721774731391138,0.1990402397557682,0.3102155715750796,-0.2481119669696375,-0.48223597647797256,-0.021609248611980884,-0.14004922723393093,-0.1770531384144723,-0.3428706829305175,-0.8786710720506401
sin pandemia,3159,Confección de accesorios de vestir y otras prendas de vestir no clasificados en otra parte,0.6664841032423205,-0.22534686040963275,0.849,0.9383684210526316,-0.46735523373107957,0.632,0.9153103448275862,0.03928512434276932,0.978,0.9897831325301205,73,49,-0.3610885289953649,-0.7274664205898058,0.4682949413654986,0.743730989528258,0.12216688745753405,-2.5296718598799735,-0.8811859402679885,0.8993053316774622,0.02387940698677249,-0.12008731432206941,-1.9558790564338888,0.15190613377187986,1.2365862443764597
sin pandemia,3273,Fabricación de cemento y productos de concreto,0.0343074151008847,-0.2012599757254444,0.678,0.9383684210526316,-0.35351406948482234,0.42,0.8930526315789473,0.03548671209415947,0.966,0.9897831325301205,73,49,-0.7082155400868,-0.4319284088641328,-0.20528975742694958,-0.627319961395231,-0.10205910768725959,-0.38979032827818905,-0.3646968532571718,-0.3654618149046612,0.6321936943982995,0.6472545331829201,-0.2021768527328977,-0.42493387319533,-0.07395541418337388
sin pandemia,3363,Fabricación de partes para vehículos automotores,0.5296068171162411,-0.1939906816141534,0.684,0.9383684210526316,-0.032725805248118085,0.944,0.9953999999999998,-0.35888831958020334,0.578,0.9897831325301205,73,49,-0.17219411201406565,-0.22809387930593167,-0.1766914495093499,-0.0752654352728314,-0.3440792123464726,0.19799322721632762,0.4297819177295493,0.0991796767185168,-0.45799684596146567,-0.39966771910246357,-0.1787836249918904,-0.16377939066387312,-1.052282013480044
sin pandemia,3121,Industria de las bebidas,0.2419442465750293,-0.18952536319187713,0.663,0.9383684210526316,-0.031089878487112532,0.948,0.9953999999999998,-0.4260842839399381,0.481,0.9897831325301205,73,49,0.2792152530679014,0.2588819858823894,0.332629107915752,-0.15458507524261023,-0.38754684053447147,0.1443161591635569,-0.3802346081072918,-0.5258993764970907,-0.5900652712058896,-0.6819595922852907,-0.030587782653799092,-0.1756468706329146,-0.5523468103646441
sin pandemia,3254,Fabricación de productos farmacéuticos,0.1290966945098601,-0.18057038809824386,0.826,0.9383684210526316,-0.2009203510322737,0.819,0.9827999999999999,-0.15880093435163867,0.9,0.9897831325301205,73,49,-0.18908733297369593,0.22141726284590546,-0.841860975314577,0.6069297964564447,-0.6497896362852665,-0.6043246348023341,0.06210608090618529,-0.5449685388895816,-0.4090088346975355,0.974781045805472,-0.5259381232806958,0.020404780985131935,-0.46807593603262326
sin pandemia,3111,Elaboración de alimentos para animales,0.02886946578166,-0.167053573547217,0.726,0.9383684210526316,-0.40016697127134077,0.446,0.8930526315789473,0.022513560326940893,0.966,0.9897831325301205,73,49,0.09422400955257765,-0.48426029924790126,-0.8536972931791089,-0.7236777433459229,-0.6332201464522881,-0.17581345746154423,0.4696671120587214,0.3944842121457101,0.6714442216768267,0.22633686979002432,-0.5801625949658098,-0.5488308879174914,-0.028190458767614703
sin pandemia,3324,"Fabricación de calderas, tanques y envases metálicos",0.2575554192946691,-0.15372215773460168,0.837,0.9383684210526316,-0.06796189802399816,0.935,0.9953999999999998,-0.34734165508678516,0.703,0.9897831325301205,73,49,0.4934332681148787,-0.43473132329515196,0.5984738537514326,0.8235640810200451,0.5167574057013448,-1.004538066327709,-0.9072973389939504,-0.8346385528260081,-1.0770435969552523,-0.5237355929560655,-0.4840655857141384,0.5579882292995196,0.27744516863123375
sin pandemia,3261,Fabricación de productos de plástico,0.2303591490643638,-0.09586973699369677,0.778,0.9383684210526316,-0.19596350327005602,0.543,0.8930526315789473,0.05590525193451009,0.907,0.9897831325301205,73,49,-0.4059570729047822,-0.24539340525885825,-0.19649284749542703,-0.29473730320323177,-0.1756958624786712,0.016751921305861856,-0.28021352249000986,-0.04283959960258997,0.32175006081185187,0.5414318351321975,0.38033459957865,-0.30355609838975434,-0.5616892859232946
sin pandemia,3151,Fabricación de prendas de vestir de tejido de punto,0.3365154443339868,-0.08481702680591373,0.941,0.985,0.8081533993866639,0.515,0.8930526315789473,-1.005746969102966,0.573,0.9897831325301205,73,49,0.08294006982093433,-0.7429086719186128,0.6189586947491629,1.179155134940085,2.1944430753403408,0.7774278092436306,0.8218443539653764,-2.1927482051064215,-0.756960926706309,-0.45156013572996867,-0.7318962350202076,-1.5854209435789794,-0.31589536847590916
sin pandemia,3116,"Matanza, empacado y procesamiento de carne de ganado, aves y otros animales comestibles",0.044361709007407,-0.07804304640086485,0.844,0.9383684210526316,-0.18908575618932802,0.561,0.8930526315789473,-0.05006197816552673,0.928,0.9897831325301205,73,49,0.42032680291788527,0.3379120317224186,-0.5525934405144868,-0.29223322363098125,-0.3233011623669365,-0.3532884705363256,0.0489897281903435,0.210370052932244,0.6582439615506421,-0.41292581291059105,-0.6278416154077604,0.007580201958739342,-0.13579865711643435
sin pandemia,3212,Fabricación de laminados y aglutinados de madera,0.0775332943220637,-0.014549424169506088,0.981,0.985,-0.18775204764228556,0.798,0.9714782608695653,0.07046003453093543,0.955,0.9897831325301205,73,49,0.514609564464522,-0.49948805105466165,-0.6443861395861787,-1.4846491267714308,-0.9350764274392225,0.9899535048320014,1.4471339541657786,0.9396135137449637,-0.048094113579111517,1.6143195780963633,0.42153167627050714,-0.5481230082088862,-1.9564874391382239
sin pandemia,3323,Fabricación de estructuras metálicas y productos de herrería,0.2249299265714363,0.014137550164731899,0.979,0.985,0.26816419145594705,0.551,0.8930526315789473,-0.3261178800595644,0.634,0.9897831325301205,73,49,0.5315102837632187,0.25840265167746274,0.6165500375739242,-0.08231624187207079,0.5357104714152406,0.6008140421100162,-0.32017581216889074,-0.5245769377139234,-1.5972998539246417,-0.3624400418533358,0.2538915957825081,0.6945158477019301,-0.42079789034992376
sin pandemia,3169,"Fabricación de otros productos de cuero, piel y materiales sucedáneos",0.6136094363212712,0.02179890275466554,0.959,0.985,-0.3459335873994973,0.459,0.8930526315789473,0.40154329901257596,0.481,0.9897831325301205,73,49,-0.05027253386781994,-0.0618573659687425,-0.8784841801834652,0.19541625222481335,-0.3614084348339354,-0.18023369582051268,-0.7890340998151415,-0.3330850933644153,1.616957487933528,-0.20618917757772426,-0.46986157778216403,0.6088286245544695,1.1926095303117616
sin pandemia,3141,"Confección de alfombras, blancos y similares",0.5072465584471345,0.0219400157426048,0.977,0.985,0.45800143381792496,0.549,0.8930526315789473,-0.38491076154433757,0.65,0.9897831325301205,73,49,-0.15332382898766184,0.47756194851744693,0.7972260306831125,1.140969431721548,-0.11257334364056686,0.8629795723498842,-0.41815503672387483,-1.1637815465400745,-1.9322050010234866,-0.7402903374258674,0.25176742942030594,0.9477377372093039,0.32730714909379305
sin pandemia,3162,Fabricación de calzado,0.1604241815757467,0.022940920271664514,0.975,0.985,-0.20843352577180918,0.763,0.9561176470588236,0.24864971892218907,0.784,0.9897831325301205,73,49,0.05693480462935921,-0.41053572699957824,-0.44491164653413207,-0.36658800586964163,-0.7448125649261309,-0.20614095229495544,0.9223877419935833,0.6904500551556332,-0.06131554216508348,-0.0451008639982008,-0.0813404374161541,0.789087039213279,0.20011806274366054
sin pandemia,3352,Fabricación de aparatos eléctricos de uso doméstico,0.3900028883753999,0.04884785123460513,0.985,0.985,-0.16804876726824017,0.919,0.9953999999999998,0.1505988809214546,0.947,0.9897831325301205,73,49,0.7397213841305799,-0.33483542692903545,1.4175119470983797,1.4392615777711792,-0.040827871870336076,-0.8226215820207473,-2.666781247658881,-1.0168417297041756,1.26766799100999,0.9907583797706234,-1.7514655902029868,0.18087696747759674,1.23259726717768
sin pandemia,3379,"Fabricación de colchones, persianas y cortineros",0.3523025337449802,0.05442900520148732,0.96,0.985,0.6611299838278355,0.589,0.8930526315789473,-0.8216802624724123,0.552,0.9897831325301205,73,49,1.6708787394867968,1.665763921439152,-0.01922062043265663,-0.3117083097218834,1.3926785057977034,1.6367685313407279,-0.3975021254560302,-0.5878857278096153,-1.3378961515431456,-0.41789299673776586,-0.6578276551593124,-1.1959328666239557,-0.7326461769606795
sin pandemia,3118,Elaboración de productos de panadería y tortillas,0.043199849411286,0.1088278636383431,0.656,0.9383684210526316,-0.038532475358521556,0.888,0.9953999999999998,0.309326431305864,0.378,0.9897831325301205,73,49,-0.21000150838559445,-0.2977154164216554,-0.19349200580495327,-0.45161155168104755,-0.1005531189214372,0.3870310322463301,0.425146208431634,0.5398156573639556,0.5976730002364762,0.3085710027282702,-0.17925300951525244,0.1728448970747854,0.4163070399469489
sin pandemia,3231,Impresión e industrias conexas,0.1024504665734745,0.12201819085196827,0.813,0.9383684210526316,0.48352467765235385,0.385,0.8930526315789473,-0.24252211282397318,0.749,0.9897831325301205,73,49,0.1402210921053034,1.5223012200098232,0.5837397048737649,1.3410289288532993,-0.3316829675043346,0.161035182669987,-0.3752740029884166,-0.1506380389159921,-1.3812835254437896,0.18005975925315618,-0.5799388164407081,-0.376133875488741,0.8528018200922357
sin pandemia,3279,Fabricación de otros productos a base de minerales no metálicos,0.2243733059375072,0.12945361826807136,0.839,0.9383684210526316,-0.23327736774584523,0.685,0.9280645161290324,0.5526932347410198,0.483,0.9897831325301205,73,49,-0.23359816448612017,-0.373952601907978,-0.11498742400861468,0.2047626533008136,-0.5117197338805781,-0.4554393570433493,-0.14832774293536502,-0.2470089145418611,0.5348977949746243,0.6263235764222335,0.39243278259121883,0.9090550128431197,1.1004591561567845
sin pandemia,3329,Fabricación de otros productos metálicos,0.6293046757254936,0.14827528079808658,0.834,0.9383684210526316,0.02840937561148932,0.963,0.9986666666666666,0.37131813771017197,0.637,0.9897831325301205,73,49,-0.470786429554842,-1.3656024925962273,-1.0404126420984299,-0.6959039256530241,0.2967479878278041,0.9679512216117563,2.007676104577057,0.9543610780879506,-0.17587722180425447,0.05367470367649865,1.1380256297995635,0.7364935869800837,-0.4787689504788101
sin pandemia,3331,"Fabricación de maquinaria y equipo agropecuario, para la construcción y para la industria extractiva",0.519899184727109,0.19382077718837537,0.795,0.9383684210526316,-0.0010647253695101,0.999,0.999,0.4345024353439387,0.73,0.9897831325301205,73,49,-0.0809561563976918,-1.2516441266182317,0.19284869206097802,0.8845497191612082,0.41808527878154117,-0.244162393157272,-0.006065522445284097,0.65261366290916,-0.44740064756269543,0.21542552484541672,3.233551854250908,0.1920189675944542,-1.2391947499736111
sin pandemia,3133,Acabado de productos textiles y fabricación de telas recubiertas,0.3062290364360683,0.200887287897725,0.691,0.9383684210526316,0.3259336158243555,0.532,0.8930526315789473,0.060979662971661436,0.93,0.9897831325301205,73,49,0.2900550698943237,-0.028778085896558087,0.663996206388285,0.8495308303289107,0.895014838418394,-0.17406145193823694,-0.2501006423546621,0.18965489642532982,-0.2616092231852905,0.4532266619675014,1.1434307216577873,-0.7954317150738535,-0.3633933639615058
sin pandemia,3117,Preparación y envasado de pescados y mariscos,0.7478643561015712,0.20341428382324578,0.847,0.9383684210526316,0.13145465858394903,0.901,0.9953999999999998,0.20873533297629498,0.852,0.9897831325301205,73,49,0.6032457403407321,0.5826994084237819,-0.821576536907282,-1.1143797390188357,-0.29813224819985,0.8147050494214522,1.6254120177844282,1.47865137321332,-0.661030755122294,0.2536890725131103,1.127881568244077,2.208093076450263,-3.154872337440707
sin pandemia,3131,"Preparación e hilado de fibras textiles, y fabricación de hilos",0.2001267979454507,0.2701311885444204,0.805,0.9383684210526316,-0.009861993249709287,0.994,0.999,0.6849274742755863,0.536,0.9897831325301205,73,49,-0.5386874350777978,-0.319227273155278,-0.2831725825068619,-0.860787181767151,-0.3864632702320372,-0.20049927158002973,1.9909776197431024,0.8560133499554877,0.2682734335868014,0.6837203591593869,0.89558106480276,0.8632634162000463,0.5427132219490368
sin pandemia,3132,Fabricación de telas,0.1336042055792961,0.3109611872358131,0.707,0.9383684210526316,-0.08522627881072604,0.92,0.9953999999999998,0.7621260180299193,0.496,0.9897831325301205,73,49,-0.01890300124958887,0.2713142624317338,-0.16265893436723766,-0.43971117632950396,-0.2428420155658749,-0.1185136614082776,0.18105385237480404,0.9272758516866405,0.8170737412163596,0.43636773556184383,0.5068127704247172,0.9236960204200413,0.9615299888699133
sin pandemia,3112,Molienda de granos y de semillas y obtención de aceites y grasas,0.0609807080676099,0.3135957414277152,0.648,0.9383684210526316,0.1427173594757909,0.762,0.9561176470588236,0.5727599283459698,0.589,0.9897831325301205,73,49,-0.21611908837026578,0.21825215400392692,-0.27747449580621536,0.028244802124619845,-0.14751826049064948,0.3234303123443733,0.7113696446786901,0.6688575751902687,0.6995123531786083,0.3353242026082625,0.7493123491723824,0.6084366911661822,0.3751163987601138
sin pandemia,3362,Fabricación de carrocerías y remolques,0.4826387565231524,0.4067451750054154,0.765,0.9383684210526316,0.7036299460238881,0.583,0.8930526315789473,-0.0677839639436708,0.97,0.9897831325301205,73,49,1.4726113825890972,0.8989049313378237,0.5599979783358485,-0.3446536227201838,0.3148795271246213,1.591219422375825,1.2014314396893933,-0.12242484744681827,1.597400161291094,1.2315544786154504,0.7488203060135094,0.5039949150499753,-4.366048797185235
sin pandemia,3334,"Fabricación de equipo de aire acondicionado, calefacción, y de refrigeración industrial y comercial",0.8482017522901368,0.4075854899657266,0.635,0.9383684210526316,0.9115580045517787,0.332,0.8930526315789473,-0.10275580340562004,0.919,0.9897831325301205,73,49,0.44579816267749356,1.0107490563402135,0.8025019533501363,-0.20698480552781237,0.07689141351614465,1.8800659117817629,1.9061244978502268,1.0673067714712265,-0.8916632270425877,-1.543755696979291,1.2725279424112979,0.39143998508190897,-0.9123905953762749
sin pandemia,3259,Fabricación de otros productos químicos,0.3514735701280596,0.40857573208577674,0.802,0.9383684210526316,1.1376005680702719,0.537,0.8930526315789473,-0.3925189908501035,0.848,0.9897831325301205,73,49,0.840995053794082,3.378497349533934,2.3146496565311767,0.5541033453926122,0.647720076718941,0.04443832165202016,-0.11380534140705133,1.3532753596606761,1.2503432154601535,0.21946369597318308,-1.0136165770051309,-1.880771780198131,-2.283807858991372
sin pandemia,3326,"Fabricación de alambre, productos de alambre y resortes",0.3138914060002775,0.42164767339320613,0.51,0.9383684210526316,0.34624156441692233,0.606,0.8930526315789473,0.3698745702020095,0.655,0.9897831325301205,73,49,1.18472294639809,0.8995328511555332,-0.1297121230759194,-0.25847819904513175,-0.04592970859635199,1.468559101534901,0.1434774645285029,0.9534463165209688,-0.012528802706080824,-0.44044273144930285,0.6337436232490273,0.4012629612029724,0.6837660543944718
sin pandemia,3359,Fabricación de otros equipos y accesorios eléctricos,0.7464127593691879,0.43474250870234765,0.64,0.9383684210526316,0.6713105924740481,0.569,0.8930526315789473,0.08458676201790519,0.951,0.9897831325301205,73,49,1.1162684861788001,0.7538656155338356,0.3572308967487145,1.0800045261811704,0.47580724061167917,0.6029268327528543,0.7580284430160352,0.3168121216136802,-0.4757780338815192,0.060793720240586435,-0.4268694525225235,1.5073293566591621,-0.47476714000195525
sin pandemia,3345,"Fabricación de instrumentos de medición, control, navegación, y equipo médico electrónico",0.9203173609236356,0.4412592177423438,0.751,0.9383684210526316,0.689837468932612,0.586,0.8930526315789473,0.21299413059195313,0.914,0.9897831325301205,73,49,0.31938023350307754,0.153910016354082,1.8110171534789183,-0.10457411824387564,0.19509512427954967,1.401803848376065,0.6817727893509326,-0.7084205850247633,1.260754304807846,0.8641917090419938,-0.10776008330709039,-1.1489315678442227,1.1181310058779554
sin pandemia,3274,"Fabricación de cal, yeso y productos de yeso",0.1199075903205221,0.4609678751112427,0.148,0.9383684210526316,0.40139130147110114,0.16,0.8930526315789473,0.4876571144543824,0.275,0.9897831325301205,73,49,0.6582918808932543,0.5269399879135243,0.902471953562297,-0.22978729091781458,0.7562372371652246,0.15596593919133342,0.29651998191204193,0.35518513722911893,0.801719756777258,0.652140368375361,0.05622396064439486,1.107786207952215,-0.04711274425205341
sin pandemia,3271,Fabricación de productos a base de arcillas y minerales refractarios,0.3488287256548686,0.4619785452277321,0.516,0.9383684210526316,-0.013743190178536115,0.982,0.999,0.9049798764964126,0.401,0.9897831325301205,73,49,0.6583009700532575,-0.8523262626669654,-0.3765036913637352,-0.756148192357076,0.6551838515772638,0.4363924231553058,0.8109427305839905,0.4789346894390341,0.7759524488476964,0.8693685035080273,0.9214139891974553,0.9876386122751232,1.3965710157111402
sin pandemia,3346,Fabricación y reproducción de medios magnéticos y ópticos,0.6054992436078728,0.4807755485321743,0.817,0.9383684210526316,1.3857504358253738,0.491,0.8930526315789473,-0.6199669121451691,0.834,0.9897831325301205,73,49,1.6553809888370365,0.23205170774250444,0.7096506050875739,1.512964391298276,3.4107222233019963,0.3796975504718767,2.069416137050016,-0.4668915293113466,-4.002702099224374,-1.7058520854667993,4.431447796044799,2.045728166967328,-4.021531721880622
sin pandemia,3272,Fabricación de vidrio y productos de vidrio,0.272472982882299,0.48091016190980457,0.405,0.9383684210526316,0.5567512304216231,0.473,0.8930526315789473,0.5402226411958211,0.476,0.9897831325301205,73,49,-0.33001112487720397,-0.6046690699887204,-0.281850923351712,1.0759403855760887,1.3808902405339445,1.3236717985623805,0.44652495119775665,0.9699180798597246,1.1343593483591197,1.6191493128800865,0.8560277510780623,0.4357533624780631,-1.7738720074801297
sin pandemia,3222,Fabricación de productos de cartón y papel,0.1574973850413846,0.565365279895206,0.325,0.9383684210526316,0.5898514054872515,0.2,0.8930526315789473,0.6033083528325003,0.486,0.9897831325301205,73,49,0.19079008871916797,0.2626352476277372,0.5830228856500402,0.6037393758060895,0.4565784776760653,0.6222715429956868,1.01086090316789,0.6032243617441608,1.0132449930693268,1.2028417329672174,0.22951930784924413,0.5090579645861312,0.06196175677892166
sin pandemia,3321,Fabricación de productos metálicos forjados y troquelados,0.4526204884780047,0.6030051674916329,0.406,0.9383684210526316,0.7277445307964443,0.305,0.8930526315789473,0.49046422058336314,0.65,0.9897831325301205,73,49,0.5298146691123822,0.6966339434756244,-0.24991694899232103,0.7332006961874775,0.10056406204428904,1.6460095452612649,1.4399758868023318,1.8299376732853885,0.28390592575188595,-0.22715669458671403,-0.4512103864920067,0.3078976580672645,1.1994111474743603
sin pandemia,3332,"Fabricación de maquinaria y equipo para las industrias manufactureras, excepto la metalmecánica",0.6992566972513394,0.6249174639923107,0.665,0.9383684210526316,0.18114803929183748,0.908,0.9953999999999998,1.2563735001169183,0.531,0.9897831325301205,73,49,-0.5012022045524946,2.0528185630868236,-0.3153574174493683,-1.116103370851419,-1.62429108736461,1.7403924307536685,0.34942911757593,1.729274331671609,0.07837728080931047,0.4526710228038715,2.829586794739529,2.125721677301756,0.32260989337543394
sin pandemia,3114,"Conservación de frutas, verduras, guisos y otros alimentos preparados",0.3156513149608729,0.6257098843457329,0.283,0.9383684210526316,0.5317109358824974,0.301,0.8930526315789473,0.6984905310673892,0.381,0.9897831325301205,73,49,0.7530196947952078,0.29609555550630395,0.8405399846753118,0.23550379268339455,0.48930417204168963,0.6173235434491774,0.7114985669391071,0.6897040023719472,1.0485521381137792,0.9616663734136592,0.8130734881125947,0.8108455112670591,-0.13289832687470388
sin pandemia,3262,Fabricación de productos de hule,0.4171737487232005,0.7027044876981821,0.273,0.9383684210526316,0.6092329301542766,0.304,0.8930526315789473,0.8497024012624335,0.309,0.9897831325301205,73,49,0.3815463515761073,0.41606217428885506,0.7861793092401185,0.3905233736317815,0.1086802412174506,0.481724351413478,1.472228131133976,1.1445991596603107,0.4362057035840824,1.041968803533834,1.0713936798318757,1.680851375921109,-0.2768043149566112
sin pandemia,3335,Fabricación de maquinaria y equipo para la industria metalmecánica,0.6052735791408839,0.7581292321531561,0.636,0.9383684210526316,1.830565888256107,0.441,0.8930526315789473,-0.42941051467370706,0.813,0.9897831325301205,73,49,1.448747776496626,-1.055859129064463,-1.5536783533141605,-0.20442899310363716,3.235422990172565,4.273240696094063,6.288698118752277,1.2624066312391027,-1.6508895279524798,-2.696802501120172,0.6040477705195578,0.5249188799532494,-0.6201443406815005
sin pandemia,3344,Fabricación de componentes electrónicos,0.4744887481943934,0.7665978785648471,0.487,0.9383684210526316,0.7066310979625887,0.505,0.8930526315789473,1.1063465578972345,0.441,0.9897831325301205,73,49,-0.9120935138159298,-0.8026179201251421,-0.0050949147497485565,0.2393754704496065,1.1166101935892652,1.5561437573533086,2.1353700012582433,1.0404500227542346,1.0930398004083772,0.764367383146403,1.8227984113593645,2.1863403679747777,-0.2689166382597486
sin pandemia,3221,"Fabricación de pulpa, papel y cartón",0.0619018679380005,0.86628656743627,0.246,0.9383684210526316,0.6938863525132937,0.309,0.8930526315789473,1.0969094831718416,0.32,0.9897831325301205,73,49,0.5169503625606977,0.5882237355235342,0.9253667844099391,0.6387069854940358,0.6879068178684902,0.48572957376677073,0.837384218016992,0.5186463815959225,0.6515599649553204,0.8335451188857774,1.8164175064073644,2.049149978213128,0.7121379489735356
sin pandemia,3122,Industria del tabaco,0.1071479040489181,1.0253258694383511,0.318,0.9383684210526316,0.17611619946998647,0.859,0.9953999999999998,1.9481520450148022,0.121,0.9897831325301205,73,49,0.5836268357898324,-2.9301063920545056,-0.48510712830960223,-0.2168524048529768,0.687117944181389,-1.585992632792705,5.587637810648319,2.7122805588724384,-1.7236485425266839,2.6930327243306045,4.40483012635227,3.7031965724128444,-0.10077916935266129
sin pandemia,3351,Fabricación de accesorios de iluminación,0.831395116765869,1.0785895210942298,0.584,0.9383684210526316,2.2811476780711537,0.243,0.8930526315789473,-0.0810699017104107,0.972,0.9897831325301205,73,49,0.8211971160605288,3.4230004416226762,6.644037113438042,6.280147562399501,-2.1520285268762795,0.30834882594918095,-0.8166193481061969,0.03903089165707874,2.9485887647779334,-1.6385113725780502,-0.6464425107917668,-1.6318924496733433,0.4428072663456841
sin pandemia,3253,"Fabricación de fertilizantes, pesticidas y otros agroquímicos",0.1679807884786191,1.0857972371399516,0.705,0.9383684210526316,0.48087355545146915,0.851,0.9953999999999998,1.408838422673301,0.7,0.9897831325301205,73,49,2.77709221407075,2.4966623261626326,0.8234679421304782,-0.5164142066352283,-2.5632753565737407,0.055090070700018735,2.5897105569246537,1.1911562453212048,0.449352525109777,1.7887647297796139,2.319501307212797,1.8753808432319286,0.8288748853844854
sin pandemia,3251,Fabricación de productos químicos básicos,0.135778270214786,1.4565068261701226,0.428,0.9383684210526316,1.9349452377860579,0.252,0.8930526315789473,1.2069716842678382,0.668,0.9897831325301205,73,49,0.08308720788821786,0.43990590341285546,1.2795547720360796,1.7533056384143417,2.5299798868985013,3.3165031299739174,2.290422095980653,0.46760542155874785,0.6154730351098425,1.566327831973224,2.417201249613702,2.01417326139956,0.16104930595195313
sin pandemia,3336,"Fabricación de motores de combustión interna, turbinas y transmisiones",0.8385248456652771,1.6350366807943975,0.242,0.9383684210526316,1.8719886846857252,0.209,0.8930526315789473,1.6341884921447236,0.446,0.9897831325301205,73,49,0.21841378934447167,3.2849371723970835,1.4746021375824434,3.2835154446888426,1.0119578981803834,2.664414865397444,-0.48749541013184533,-0.028618671154305084,1.3573245430074847,3.6075185935056173,2.8981516744938993,2.9200631664377585,-0.9493083534221137
sin pandemia,3364,Fabricación de equipo aeroespacial,0.9896704181454756,1.6408519524216423,0.651,0.9383684210526316,3.356479879850036,0.374,0.8930526315789473,0.2482356534998347,0.963,0.9897831325301205,73,49,-0.2972178186178816,-0.2380885977563639,4.366139111719715,9.963167989664177,2.266891414841811,3.4649338877363274,0.3158354728945547,-1.2334090232255572,-1.1503090477103386,-0.4923568185977581,1.0588787513291638,1.8439929387935872,1.4626171204099112
sin pandemia,3369,Fabricación de otro equipo de transporte,0.6740711386128929,2.939576067168193,0.393,0.9383684210526316,4.669015526259632,0.252,0.8930526315789473,1.1585922360836178,0.766,0.9897831325301205,73,49,3.248842299126997,4.618238606732743,3.8698022779072923,3.8460662388451485,2.2356673067304147,7.130545798426131,6.31377292891607,-0.7054038454325893,1.2589551332695326,0.7544347382995771,-0.8832153159511537,5.447306809101601,1.0794758972147387
sin pandemia,3391,"Fabricación de equipo no electrónico y material desechable de uso médico, dental y para laboratorio, y artículos oftálmicos",0.7835186733412709,3.476650529209134,0.142,0.9383684210526316,4.495031584888087,0.037,0.8930526315789473,2.544970420388382,0.492,0.9897831325301205,73,49,2.956444848059926,5.772073947608365,3.358393920069435,4.609415418010577,5.188468384959643,6.946982744308026,1.0948550943724742,0.5752070008665613,-2.0624813222097798,1.3849459525865466,8.78957122637315,8.030415374996,-1.4478357102821864
completa,3311,Industria básica del hierro y del acero,0.279574215702268,-4.06486509248375,0.175,0.9854634146341462,-2.6920223555074037,0.314,0.994,-6.117704848610633,0.15,0.6895000000000001,90,78,0.015117022419464143,-0.5949979918286,-2.491691285600643,-1.7629821400589527,-2.5219335332226067,-2.6499366581188193,-6.130592524214798,-4.132961406930953,-4.143121308315225,-3.5010986693990076,-6.794787129353623,-8.566404581896307,-9.56785599576868
completa,3313,Industria básica del aluminio,0.2650002880058719,-3.0569156678863503,0.078,0.9854634146341462,-0.6536600097916121,0.741,0.994,-5.753931615100141,0.009,0.6895000000000001,90,78,-1.294353933172036,0.7696746532435556,-0.5124855811580297,-0.08757804014902834,-1.2322400560539932,-0.4283717278030237,-2.430959306829153,-1.8576106267671213,-4.754574129597059,-4.916258642781555,-6.939017777840756,-8.385394815225087,-7.670733698389269
completa,3253,"Fabricación de fertilizantes, pesticidas y otros agroquímicos",0.1679807884786191,-2.7829039594152554,0.261,0.9854634146341462,-1.802819489740461,0.394,0.994,-4.526594507565232,0.208,0.6895000000000001,90,78,1.7987325114358446,0.8054271786989795,-0.49715937665040105,-1.9252998013934053,-4.032211117736508,-3.014720154283879,-2.152953667077552,-3.812280143458159,-5.375924981388875,-4.0585360744370265,-2.912397812862797,-5.882787882917631,-5.117640150326901
completa,3312,Fabricación de productos de hierro y acero,0.0669975578374552,-2.549076375426463,0.29,0.9854634146341462,-1.10026620593194,0.549,0.994,-4.418896697121542,0.188,0.6895000000000001,90,78,-0.023015462223133016,0.270368938911047,-0.9605270403193551,-0.7194371354137568,-1.0938388428693846,-1.4214919116999993,-2.6766712442001896,-1.7774915553309896,-3.041498666006298,-3.379234209986598,-4.137433314287141,-7.368595968822951,-6.809126468295276
completa,3336,"Fabricación de motores de combustión interna, turbinas y transmisiones",0.8385248456652771,-2.1041715251169735,0.392,0.9854634146341462,-0.18875577927620227,0.924,0.994,-4.383699077906814,0.206,0.6895000000000001,90,78,0.08049931657744269,2.2472472477430743,-0.36742459038314174,1.0529045820847376,-0.9515208224268222,-0.48600731266042596,-2.627733780014635,-3.361303769856326,-2.638879761904643,-4.02324873630384,-3.532746041157729,-6.1679669260574785,-6.578049232160874
completa,3352,Fabricación de aparatos eléctricos de uso doméstico,0.3900028883753999,-1.7970063410740225,0.203,0.9854634146341462,-1.4270524851834074,0.32,0.994,-2.4635844265764266,0.171,0.6895000000000001,90,78,-0.017260963403287026,-0.68542909827792,0.18320978991332343,-0.7886236111008194,-1.6534080072402355,-2.928711712718897,-2.689352271675895,-2.2014246772913957,-0.4054569499929877,-2.808927000650792,-2.333645173379933,-4.681542669259555,-2.3505100888838966
completa,3251,Fabricación de productos químicos básicos,0.135778270214786,-1.7087241702672669,0.392,0.9854634146341462,-0.32500024329291716,0.848,0.994,-3.324063168060281,0.258,0.6895000000000001,90,78,-0.31903374535528284,0.005706970592781894,-0.35302498990923226,0.5313624963429163,0.3618130837640412,-0.028650661696921684,-2.4672083588510887,-3.785672019986006,-4.381501493999948,-2.819554821799889,-2.8797760341978296,-2.9014041057360416,-3.1764705326419715
completa,3365,Fabricación de equipo ferroviario,0.8018618332294466,-1.6054286177171564,0.589,0.9854634146341462,-2.0103157266492704,0.329,0.994,-1.1167465096459626,0.838,0.8798999999999999,90,78,-2.108198612551635,-3.7247254357262576,0.797385982996282,-1.998221548241564,-2.897566851836273,-1.2288819554914918,-3.009884551596318,-0.5502021645973052,3.0058421261819546,-0.5729709232347779,0.2150308037932952,-3.769405575105779,-5.028773324913161
completa,3159,Confección de accesorios de vestir y otras prendas de vestir no clasificados en otra parte,0.6664841032423205,-1.5995188461207337,0.43,0.9854634146341462,0.01607102782682652,0.994,0.994,-3.434214132319071,0.203,0.6895000000000001,90,78,-0.28488637261606964,-0.09803886463414216,1.2760549939262342,1.5333866411040191,-0.5651076251235776,-0.7282864185675494,-1.321582559744025,-0.2701244347229175,-2.9550339118506908,-1.6637280719641094,-5.907490885069237,-7.572423913625757,-2.236483576681716
completa,3212,Fabricación de laminados y aglutinados de madera,0.0775332943220637,-1.4957764261781237,0.27,0.9854634146341462,-0.6662466100246421,0.628,0.994,-2.599937390471813,0.144,0.6895000000000001,90,78,0.15201046266312387,-0.4207377289196289,-0.11819174767339286,-1.0496370378554796,-1.6306015679847943,-0.7580495565982787,-0.020262021116278253,-0.5683317796912567,-1.6802257899687145,-1.2313645780270308,-2.1749530078406587,-4.915206581849088,-5.029542605454129
completa,3361,Fabricación de automóviles y camiones,0.6801529750236635,-1.479830120448033,0.77,0.9854634146341462,3.1132666247315757,0.549,0.994,-6.148214596112999,0.307,0.6895000000000001,90,78,-1.0281037375358932,5.6641625984585415,5.729068168774066,4.784438463112031,-1.2779798937736535,1.1561054837179432,2.62380492810053,6.053752739800175,-6.976622338848118,-2.541469975138049,-9.553659012002678,-16.670804399796076,-7.200484590693251
completa,3372,Fabricación de muebles de oficina y estantería,0.2214380514733216,-1.4530324704733282,0.19,0.9854634146341462,-0.9274572223386969,0.295,0.994,-2.189007721466095,0.172,0.6895000000000001,90,78,-0.19063245332451503,-1.3070842561956757,-1.0641272752029176,-1.3860190692904573,-0.8464774219010559,-0.5922776143320665,-0.3687576971100078,-0.4529208404429876,-1.918063796471766,-1.7855223730421674,-2.9896820290109325,-3.449309731027297,-2.538547558801418
completa,3211,Aserrado y conservación de la madera,0.0034917286527276,-1.4282736976486152,0.069,0.9854634146341462,-1.7449584704435275,0.041,0.994,-1.3699606294114657,0.163,0.6895000000000001,90,78,0.12195652969796164,-0.227005826489756,-2.080853934526428,-2.3855110117373775,-2.172431452251162,-1.3610174004385862,-2.2429311972178536,-2.044674311886914,-0.10968375862813069,-1.3633221846125427,-1.6095893996487853,-1.6513737732662452,-1.4411203484261752
completa,3333,Fabricación de maquinaria y equipo para el comercio y los servicios,0.8664849575372038,-1.3420750324476491,0.514,0.9854634146341462,0.32896476511213507,0.858,0.994,-3.3337948886540145,0.238,0.6895000000000001,90,78,0.5820053194318393,1.1827200498522472,-0.019066807443121746,-0.7490353308860718,0.26982599927862994,0.9222227139168439,0.3671219659542831,-0.4050468075668029,-4.1994052149455845,-2.290764768668627,-3.300029388681343,-5.28989577856229,-4.517627373499441
completa,3327,Maquinado de piezas y fabricación de tornillos,0.1233232283296124,-1.3246438445340698,0.058,0.9854634146341462,-1.308283104324321,0.084,0.994,-1.5346905851070167,0.1,0.6895000000000001,90,78,-0.16252784235488055,-0.16315979570147535,-0.7371162258344353,-1.114359765066613,-1.567426015647673,-2.1596378452382705,-2.1079989784574598,-1.7883551361913386,-1.3716875841007365,-1.5062742678925467,-1.4264294327869633,-1.934687312001445,-1.1807097776690705
completa,3315,Moldeo por fundición de piezas metálicas,0.0974402319506194,-1.2102354571570055,0.511,0.9854634146341462,0.43679810161066984,0.783,0.994,-2.947377040030885,0.305,0.6895000000000001,90,78,-0.6695873125197789,-1.209793908353013,0.5240072677441748,1.152767415155688,1.1784565712513941,0.6013983791760686,0.37395288468970644,0.3111792665758952,-1.018635745614256,-1.831044124353627,-3.5111730205379423,-5.54198136614712,-6.09260725010826
completa,3342,Fabricación de equipo de comunicación,0.895054776922478,-1.0977276499093576,0.597,0.9854634146341462,0.15022035825534477,0.943,0.994,-2.4477121554036096,0.368,0.6895000000000001,90,78,-0.48550866593206116,-0.561969828424957,0.8334197731727216,1.2398119792313407,-0.8726120032482907,-0.0157983697991434,0.2784705986003974,-1.9317774934286256,-3.0921478902829156,-1.4752922861943634,-2.6002383611139943,-3.184278535040176,-2.4025383663615836
completa,3326,"Fabricación de alambre, productos de alambre y resortes",0.3138914060002775,-1.0751532154594416,0.395,0.9854634146341462,-0.022015203783985835,0.977,0.994,-2.4335954338491583,0.139,0.6895000000000001,90,78,0.7566720248261237,0.9606535176962281,0.27624405706292365,0.13442048459789815,-0.6115682935048695,0.05540795009531682,-0.9472489386514121,-0.3469298048014258,-2.114998494382405,-2.3446161871824187,-2.914223734369222,-3.6666257596749783,-3.2141786226845013
completa,3133,Acabado de productos textiles y fabricación de telas recubiertas,0.3062290364360683,-1.0481242474113344,0.645,0.9854634146341462,1.3338401139067262,0.553,0.994,-3.6728393579663656,0.192,0.6895000000000001,90,78,0.40838024801048717,2.2395784759971025,2.779078117959024,2.6214804098859212,0.5792658206306487,-0.14816134135027165,-0.0682007996820686,0.879977059597856,-3.6042832987641673,-2.480801203130256,-3.936313160656687,-8.019853626795511,-4.875761918049427
completa,3255,"Fabricación de pinturas, recubrimientos y adhesivos",0.0704773870608603,-0.9726864394946692,0.26,0.9854634146341462,-0.5189874421788068,0.529,0.994,-1.526108629540517,0.154,0.6895000000000001,90,78,-0.37434728311475757,-0.12406571215746426,-0.7995197532238981,0.5594555214230879,-1.1527110529553957,-0.24627486033702556,-1.3508087958221449,-0.02630507737751413,-0.45684231104376344,-0.22661461735044575,-1.5817108714711345,-3.5368030362899394,-3.3283758637103054
completa,3363,Fabricación de partes para vehículos automotores,0.5296068171162411,-0.9441310439707843,0.716,0.9854634146341462,1.590992809860165,0.561,0.994,-3.6101603866306906,0.272,0.6895000000000001,90,78,-0.15869811099703612,2.605865514649162,2.897678707664951,2.5782474533909863,-0.625076031416653,0.6299307288610987,1.459310486011443,2.1882728797510573,-3.660972060946392,-2.259811539222907,-5.0012273947160075,-8.948637612145678,-3.9785865925042185
completa,3331,"Fabricación de maquinaria y equipo agropecuario, para la construcción y para la industria extractiva",0.519899184727109,-0.8982760270142639,0.602,0.9854634146341462,0.2277531611701192,0.872,0.994,-2.1505127252241896,0.394,0.6895000000000001,90,78,-0.14103096686100808,-0.8034157917397039,-0.0331587916105703,1.5152618355258185,0.7941249496149374,-0.6662547528682474,0.5599615180984808,0.21493136362345594,-1.1114024412533527,-1.850701169342121,-1.340491413990244,-4.623149301923355,-4.192263388459521
completa,3346,Fabricación y reproducción de medios magnéticos y ópticos,0.6054992436078728,-0.8526165811193207,0.619,0.9854634146341462,0.17094938377943453,0.935,0.994,-2.252570208718235,0.298,0.6895000000000001,90,78,1.4057093950816326,0.5967564093016139,0.5524458462215756,0.455968791310933,1.8860013213617952,-0.9748551713282471,-1.4906208941910635,-0.3775038775683586,-3.9358827271774763,-2.6517485159747123,-0.38353958114627135,-1.812661002678669,-4.354085547763922
completa,3252,"Fabricación de resinas y hules sintéticos, y fibras químicas",0.3119319594154858,-0.780702514522379,0.542,0.9854634146341462,-0.49398097309277567,0.688,0.994,-1.1428113335556598,0.478,0.6954098360655738,90,78,-0.32837884890031405,-0.03725995501125437,-0.518522672426853,-0.2683768168499572,-0.3571212468629245,-1.028347595713769,-0.7542575516918958,-0.003175577447030353,-0.42750902419683223,0.08796786346359228,-0.7214093867789716,-2.9963462705229413,-2.796395605851776
completa,3112,Molienda de granos y de semillas y obtención de aceites y grasas,0.0609807080676099,-0.7667700964609702,0.284,0.9854634146341462,-0.5061024204070578,0.362,0.994,-1.1174031486484686,0.288,0.6895000000000001,90,78,-0.22697783965945142,-0.08750748000682708,-0.8770547381858769,-0.21623094301895038,-0.5060314544271074,-0.3842993151166747,-0.9654905916869103,-0.7703545928397391,-1.02755276490667,-0.8404433779895445,-0.9785044141023757,-1.2886673406668,-1.7988964013856843
completa,3271,Fabricación de productos a base de arcillas y minerales refractarios,0.3488287256548686,-0.6990775911169995,0.61,0.9854634146341462,0.1263615822387002,0.93,0.994,-1.7239904841838338,0.336,0.6895000000000001,90,78,0.4977647271498087,-0.015323641716844378,0.40524173308399625,0.08629064486769833,0.0414934054756351,0.09821836865213728,0.14224898306957875,0.511915914575064,-2.026315702342509,-0.35871388508168683,-2.401534671234125,-4.317687730247438,-1.7516068307723078
completa,3132,Fabricación de telas,0.1336042055792961,-0.6970076522939108,0.75,0.9854634146341462,0.5951248185272128,0.763,0.994,-2.1438704347823205,0.432,0.6954098360655738,90,78,0.23137421770981015,1.1138068667574517,1.0881679882353246,1.2108883578632457,0.02156391817335241,0.24266898380853938,-0.10634720367463689,1.3383764966851346,-1.737797584450941,-1.047528562047781,-3.054181151258055,-5.075246966777771,-3.2868448408445134
completa,3261,Fabricación de productos de plástico,0.2303591490643638,-0.696978581598793,0.42,0.9854634146341462,-0.024357778450436744,0.969,0.994,-1.438161933399919,0.234,0.6895000000000001,90,78,-0.2856032896821741,0.34340107330406056,0.26859640242185895,0.1806654156079683,-0.1829336260417338,-0.18861383793147984,-0.5672620980632948,-0.09644978539452072,-0.9188421307370619,-0.67967566823735,-1.769580129897566,-2.8595038599363867,-2.304920026196629
completa,3121,Industria de las bebidas,0.2419442465750293,-0.6921607965015392,0.349,0.9854634146341462,-0.12674559718120026,0.874,0.994,-1.4361722460631232,0.144,0.6895000000000001,90,78,0.37941670494593316,0.550507894529529,0.39111625252866183,0.14941095694893292,-0.7235435140754848,-0.4513008742480203,-0.6766642987708203,-0.528823465264482,-1.614575521908837,-1.1560733833184005,-1.2107145247900641,-2.4002464335375615,-1.7066001475593937
completa,3219,Fabricación de otros productos de madera,0.1827036170504173,-0.6589736409801596,0.328,0.9854634146341462,-0.14798961326099003,0.822,0.994,-1.3503394968968352,0.154,0.6895000000000001,90,78,0.4233173282048751,-0.06917711819100762,0.7095835478624657,-0.08031792364528939,-0.1620882728651941,-0.3268541063518337,-0.9590838063750811,-0.6403838257331097,-1.6109042785082504,-1.04374090908221,-1.900695537237064,-0.8525052767748261,-2.053807154045551
completa,3314,"Industrias de metales no ferrosos, excepto aluminio",0.4934732886739018,-0.6409927923717025,0.484,0.9854634146341462,-0.1314830072941791,0.882,0.994,-1.2690994758920922,0.279,0.6895000000000001,90,78,0.07058859828549474,-0.7848246209405002,-0.24290780557525796,-0.27321194421160483,0.43090859521990765,-0.01914997221976609,0.10028770396214678,-0.1657874541051603,-0.33168477985673356,-1.4052203874562277,-1.2421868755908074,-1.7534465892083517,-2.716270769135272
completa,3113,"Elaboración de azúcares, chocolates, dulces y similares",0.2016423568218791,-0.6246391465358214,0.494,0.9854634146341462,-0.45959184743312964,0.645,0.994,-0.963308272053289,0.377,0.6895000000000001,90,78,0.41709181195283274,-1.1592884657728708,-2.343670723071623,-0.6218727234863872,-0.3955558373597754,0.5013672197628442,1.2614694453290347,-0.010081024734961436,-1.5659532677896686,-0.4940397243512626,-0.7753248276537398,-1.0416824102385374,-1.8927683775515638
completa,3141,"Confección de alfombras, blancos y similares",0.5072465584471345,-0.6068652520781813,0.844,0.9854634146341462,1.8588536306292636,0.565,0.994,-3.0601595324715456,0.394,0.6895000000000001,90,78,-0.6814128659626639,2.6210029580038983,3.2351262396328337,3.207227629165222,-0.142239150006472,1.757583294047011,0.47442081293308724,2.0109265529045848,-3.9186255523842592,-1.0308837221913083,-4.692432610793896,-7.093574352533525,-3.63636750983087
completa,3274,"Fabricación de cal, yeso y productos de yeso",0.1199075903205221,-0.5942504040523183,0.551,0.9854634146341462,-0.02572434844781755,0.966,0.994,-1.2813071636151294,0.353,0.6895000000000001,90,78,0.11693381969754349,0.3455287015938204,0.5523390924465564,-0.7875664463509463,-0.08063541414834915,-0.17663484985490557,-0.007377174373081091,-0.09727067945257675,-0.6719238948281655,-0.6290172350412755,-2.0697185177681225,-1.9958740800620247,-2.2240385745386106
completa,3273,Fabricación de cemento y productos de concreto,0.0343074151008847,-0.5739254553847994,0.358,0.9854634146341462,-0.099277775970161,0.858,0.994,-1.0740068820204964,0.225,0.6895000000000001,90,78,-0.4213229720584479,-0.09634272459486608,0.09633805644032052,-0.20877191430047046,-0.06900265370696528,-0.3491080910129263,0.031220671353941607,-0.09431029591120456,-0.1359377661262571,-0.39399058023677136,-1.562659190160833,-2.4325128293432856,-1.8246306303446278
completa,3161,Curtido y acabado de cuero y piel,0.262669438610518,-0.5709277434327668,0.867,0.9854634146341462,1.6649553480232424,0.596,0.994,-2.694981962197662,0.499,0.6954098360655738,90,78,-1.2419009795794531,0.6948972475649464,1.5767641385967701,4.476144475092461,1.8195947916570292,0.993779495864882,0.4285519393633666,3.361154135143396,-1.3538548630131433,0.005202369135645991,-4.4780630336112734,-6.552338888956339,-7.151991491884256
completa,3353,Fabricación de equipo de generación y distribución de energía eléctrica,0.8989208694711824,-0.557171384539283,0.363,0.9854634146341462,-0.48139659119401035,0.417,0.994,-0.7646410251812451,0.296,0.6895000000000001,90,78,0.2329976992408548,-0.7928739198022278,-1.5846588235244985,1.0287366949492025,0.6305898810935487,-0.9798019920897026,-1.1903713877903843,1.5038441536959137,-0.9426639212479961,-0.8138807073458659,-1.0756253438102366,-0.7790822559059105,-2.480438076473375
completa,3359,Fabricación de otros equipos y accesorios eléctricos,0.7464127593691879,-0.5063543788133131,0.716,0.9854634146341462,0.3250313825095047,0.844,0.994,-1.594484949517481,0.328,0.6895000000000001,90,78,1.0341144774747877,1.0916180437929706,0.33996477870992337,0.9709823948357045,0.2101425170061988,-0.37117014876729343,-0.29134929052047603,0.3540143482170531,-1.748419359523259,-1.1421759053888723,-2.440076195499119,-2.4242108348836755,-2.1660417500270146
completa,3254,Fabricación de productos farmacéuticos,0.1290966945098601,-0.5022070167195987,0.431,0.9854634146341462,-0.7382692005365683,0.309,0.994,-0.262252038382581,0.734,0.8112631578947368,90,78,-0.5255637838398864,0.013986653435668123,-1.3858440457289793,-0.44226910062830455,-1.254509900879879,-1.0376894169683053,-0.323289392449609,0.061212770197520264,-0.44950729399537487,0.5070907973609419,-0.12743021127970625,-0.028788099397240533,-1.5360901931816264
completa,3152,Confección de prendas de vestir,0.4259861529321015,-0.499640565932668,0.714,0.9854634146341462,0.4240267744021157,0.728,0.994,-1.4387938833510134,0.39,0.6895000000000001,90,78,-0.40672470343129824,0.4225764930450239,0.049799350114873145,1.015299513810236,0.01778714880105951,0.018069339710647378,1.0206288009308544,1.1321838971467866,-0.9347635844877636,-0.48880337864883744,-2.455108993685263,-3.0990679230769986,-2.7872033173540043
completa,3362,Fabricación de carrocerías y remolques,0.4826387565231524,-0.46144092101998563,0.871,0.9854634146341462,1.6438012502058772,0.483,0.994,-2.782812002639559,0.455,0.6954098360655738,90,78,0.8353325413422805,2.067007949331809,2.4012377137466836,1.5670222556825402,0.7611770060185448,1.8027388257837365,1.2636237506719488,1.8097766558417372,-0.7332620658222004,-1.2330944200554965,-2.76736040033707,-7.435478518677302,-6.3374532667870245
completa,3329,Fabricación de otros productos metálicos,0.6293046757254936,-0.4528031260050521,0.757,0.9854634146341462,0.6707212785834515,0.629,0.994,-1.6333848107366156,0.361,0.6895000000000001,90,78,-0.11045944514669456,-0.20178757723496046,0.2289692887842746,0.8557242655279724,1.0479989375036738,0.8265452301331055,1.266877526786643,1.052342323348578,-1.0034343959408147,-1.2165028871392385,-1.7865559708701466,-3.4360132784167385,-3.410144655401332
completa,3371,"Fabricación de muebles, excepto de oficina y estantería",0.3642278188643361,-0.4423059939158738,0.426,0.9854634146341462,-0.22603514444408218,0.695,0.994,-0.6255759385532088,0.341,0.6895000000000001,90,78,-0.6403114229226128,-0.5496899375343779,-0.7853335525796731,0.44555578116445255,0.5312988905321715,0.41709146188104856,-1.4151335101281148,-0.12356652717260379,-0.1602122100140737,0.3803334313533756,-1.4717039889798065,-1.0365774641489867,-1.3417288723571583
completa,3339,Fabricación de otra maquinaria y equipo para la industria en general,0.6417221502759753,-0.39160896221213787,0.668,0.9854634146341462,0.2115983753862545,0.799,0.994,-1.1412585669787672,0.342,0.6895000000000001,90,78,0.4870446407972833,0.4435991615250616,1.1610595831962858,0.31424960874351326,-0.34985564473968883,-0.24628080503440752,-0.05318165137323783,0.07146911289865357,0.20149896610082643,-1.2297492136629828,-1.2746532636531753,-2.4442676310609657,-2.1718493724949592
completa,3169,"Fabricación de otros productos de cuero, piel y materiales sucedáneos",0.6136094363212712,-0.38632144558675857,0.38,0.9854634146341462,-0.4324406185911336,0.319,0.994,-0.3710934831659452,0.505,0.6954098360655738,90,78,-0.20097418208538909,-0.0671475138549021,-0.7132694091170453,-0.05157166509747592,-0.46202889303487826,-0.07293334907846472,-1.2276928813640353,-0.3663763299315034,0.2093354458498652,-0.24375844732586324,-0.5411574314016555,-0.5640248541096184,-0.7205792820768957
completa,3279,Fabricación de otros productos a base de minerales no metálicos,0.2243733059375072,-0.37739160631884455,0.578,0.9854634146341462,-0.08310092116250688,0.906,0.994,-0.6929959696816902,0.443,0.6954098360655738,90,78,-0.24950953707979612,-0.18345420012818014,0.18869530628133055,0.6059951691500943,-0.32675397742560514,-0.428738338957121,-0.3543494858955598,-0.4049457618322091,-0.5588998119013047,-0.21999450632802495,-1.06009813311917,-1.1542662389403318,-0.7597713659691008
completa,3321,Fabricación de productos metálicos forjados y troquelados,0.4526204884780047,-0.37275422688526416,0.757,0.9854634146341462,0.9500076524480081,0.463,0.994,-1.7836202609727958,0.222,0.6895000000000001,90,78,0.15587070164029176,1.1786797183494484,0.8512599145501083,1.9566316826467824,0.4942574860980551,0.6817254353764673,0.5374916776671871,1.1927015318922398,-1.35881930744167,-1.8815769920229148,-2.4709913789942317,-3.83700197360033,-2.346033445669868
completa,3162,Fabricación de calzado,0.1604241815757467,-0.3323556984162377,0.822,0.9854634146341462,1.0055286912954697,0.455,0.994,-1.8087365920006901,0.324,0.6895000000000001,90,78,0.4986233248202328,0.977509707411966,1.388801064280969,1.6749951658893991,0.24901640561363278,0.504422299587074,1.2384275049897773,1.6543595163793068,-1.6995890996375576,-0.6409434925486986,-2.8125914561528207,-4.646988275005047,-2.706666745039324
completa,3324,"Fabricación de calderas, tanques y envases metálicos",0.2575554192946691,-0.3158379984009103,0.649,0.9854634146341462,-0.03355224621869178,0.967,0.994,-0.7385954965532275,0.438,0.6954098360655738,90,78,0.5269924774196817,-0.31810175534280466,0.4654185443543345,0.5292006307072371,0.4145679420114087,-0.6889861758110936,-0.6034126632312328,-0.6577968089334083,-1.0708691733122866,-0.7785781503310318,-0.8414306174278685,-0.6404729177288564,-0.4424253115859135
completa,3262,Fabricación de productos de hule,0.4171737487232005,-0.30516741961874,0.895,0.9854634146341462,1.4008945654362497,0.471,0.994,-2.14682336810167,0.408,0.6954098360655738,90,78,0.5083963609489032,1.849748927432958,2.429931353877202,1.9209765285883325,0.3756622203050598,0.22111206633762498,1.6079362960763222,1.4766035233159358,-1.241491204070975,-1.4211519362565443,-2.2530759284512514,-5.81985323776506,-3.621971425382127
completa,3222,Fabricación de productos de cartón y papel,0.1574973850413846,-0.2324518522765671,0.699,0.9854634146341462,0.04779607936855595,0.914,0.994,-0.6000474202107077,0.491,0.6954098360655738,90,78,0.29163396545753884,0.17337972791916717,0.30263305578976923,0.36507089137941606,-0.1301026044752854,-0.09713664911121257,-0.32706794529051875,-0.3747255990662368,-0.6125215819269058,0.2233441061393931,-0.91709101859254,-1.0367959081686566,-0.8824945196493001
completa,3221,"Fabricación de pulpa, papel y cartón",0.0619018679380005,-0.21950946171653582,0.786,0.9854634146341462,0.05132008898306213,0.948,0.994,-0.665743869594108,0.56,0.7441874999999999,90,78,0.8329196813513096,0.4460461620999727,0.06417875846733052,0.4197325894213726,-0.003570462344669545,-0.44648572798854186,-0.17198078575709147,-0.382785397138036,-0.5339936233781236,-0.5281615504136475,-0.7613644749590425,-0.3959494829027298,-1.3922086887730687
completa,3149,"Fabricación de otros productos textiles, excepto prendas de vestir",0.3944218335152466,-0.1958525152351905,0.764,0.9854634146341462,0.17657490303993797,0.771,0.994,-0.6115301497330498,0.469,0.6954098360655738,90,78,0.06364878210119462,0.3086467714709886,0.313905986038901,-0.009734216589435577,0.19563995046704957,0.35692384608205624,-0.10593291922993216,-0.00038069387789571406,-0.34810720540485535,0.3253894307043282,-0.8801628855650476,-1.5424918228655846,-1.2234277213892437
completa,3344,Fabricación de componentes electrónicos,0.4744887481943934,-0.1900023212901609,0.841,0.9854634146341462,0.5302045346110231,0.623,0.994,-0.8832126310356377,0.494,0.6954098360655738,90,78,-0.3519815982244041,0.13162485959519016,0.5378851004317832,0.30742780628854954,0.49939966823651005,0.9848128627236598,0.7200769103904461,0.7270977668984652,-0.37189972720577313,-1.24387110839777,-1.2344834706031973,-1.5648918498944002,-1.6112273970111506
completa,3241,Fabricación de productos derivados del petróleo y del carbón,0.0588949583065286,-0.14554290826540608,0.931,0.9854634146341462,0.39746361960227666,0.835,0.994,-0.677355804324955,0.809,0.8712307692307693,90,78,-0.21270469911420958,-0.5352175422622002,0.6505119943215987,-0.15047155948178603,-0.02435982195438567,1.2315488130088958,1.2127698339815374,0.28412165719648974,-0.2201096068288706,-1.899530108776407,0.23106864463208654,-2.320470316703458,-0.13921509546957053
completa,3111,Elaboración de alimentos para animales,0.02886946578166,-0.10457237087506326,0.862,0.9854634146341462,-0.3747318068242599,0.516,0.994,0.13874319682785705,0.857,0.8887407407407407,90,78,0.05649083860259569,-0.4526212189256025,-0.7146215498265575,-0.4339550387430651,-0.4868457064209859,-0.12036268835576878,-0.03998463867358001,0.0601679608639089,0.10671185280807875,0.4706049969400999,0.24227648558726483,0.19238983610968463,-0.23969195134189467
completa,3334,"Fabricación de equipo de aire acondicionado, calefacción, y de refrigeración industrial y comercial",0.8482017522901368,-0.06291008924614458,0.956,0.9854634146341462,1.0360720196932884,0.369,0.994,-1.3484284327232274,0.367,0.6895000000000001,90,78,1.056307317979755,1.7033202680010031,1.3606651089347233,0.5582684737862048,0.5203274853405405,1.4388927091854922,0.6349580729117663,0.015425790593499166,-1.0761158306920056,-2.2926669016564034,-1.0927316853965345,-2.181391016846854,-1.4630909523410662
completa,3322,Fabricación de herramientas de mano sin motor y utensilios de cocina metálicos,0.4783144421423179,-0.03170331119699169,0.962,0.9854634146341462,-0.5024283734856312,0.531,0.994,0.3858246710584904,0.704,0.78848,90,78,0.2874791690019528,-0.7406708981972351,-0.6652558371937551,-1.264882536021667,-0.7996194157185674,-0.3560225637190949,0.811881009936532,0.4695735023962124,0.10508001272157749,-0.012951558094923108,0.7553546259961247,0.5521052025700882,0.44578624076186263
completa,3345,"Fabricación de instrumentos de medición, control, navegación, y equipo médico electrónico",0.9203173609236356,-0.01651649714039799,0.994,0.994,1.1586310313422514,0.425,0.994,-1.3926351171880473,0.501,0.6954098360655738,90,78,1.1893100522496012,1.0333974703547977,2.584179899873193,0.8710283337025843,0.39447294075788564,1.1231689225215173,0.945538620843531,-0.7729536517221745,-0.0029817753164862472,-1.4908535987870004,-1.5136422497951294,-3.3916420064102106,-1.1837374210972835
completa,3118,Elaboración de productos de panadería y tortillas,0.043199849411286,-0.006092691588697806,0.974,0.9857349397590361,-0.020938189190455217,0.916,0.994,0.009738106596490166,0.958,0.9786506024096385,90,78,-0.012004495089281208,-0.09589274256598165,-0.019672426741883353,-0.13130781067124625,-0.06570440203995825,0.125845298004584,0.06110294887175423,0.18426055957963242,0.10077064218681887,0.10688704671078661,-0.37720843203117765,-0.1032031098821337,0.14692193301501447
completa,3256,"Fabricación de jabones, limpiadores y preparaciones de tocador",0.2434658656862863,0.02252252666790313,0.954,0.9854634146341462,-0.27749892201169607,0.513,0.994,0.30345342533328135,0.533,0.7221290322580646,90,78,0.13706582675322862,-0.3137065936220634,-0.5081980629531249,-0.1995470397281628,-0.3449905402573562,-0.25386112688814866,-0.04469016862132034,0.4913847640010161,1.0782159007284033,0.6354733210236463,-0.2867924965456834,-0.14888179205695173,0.051320854849257594
completa,3231,Impresión e industrias conexas,0.1024504665734745,0.05822367389542994,0.928,0.9854634146341462,0.5167560879195561,0.324,0.994,-0.406299564536602,0.628,0.7465352112676056,90,78,0.09416862034286431,1.3399879230561516,0.21013372439702416,1.2024347636589374,-0.05884444344883969,0.2998230205408468,0.1070015393132162,0.21743879348975698,-0.5712972550485775,0.22141765629855822,-0.6527759000065967,-0.9881678084684202,-0.6644128734843326
completa,3119,Otras industrias alimentarias,0.1089707298904361,0.07491318273646612,0.763,0.9854634146341462,-0.06825695117202778,0.777,0.994,0.2718599321037174,0.421,0.6954098360655738,90,78,-0.2477465100160784,-0.10659592701732166,-0.3667272995565573,-0.10889541849218717,-0.07529530124922289,0.29904180992293605,-0.051069570639813704,0.3044745271415969,0.5301379741193726,1.1343534376706221,-0.05440433014855393,0.010246543847748655,-0.29364856000848183
completa,3259,Fabricación de otros productos químicos,0.3514735701280596,0.09437855975807477,0.945,0.9854634146341462,0.6719412259798985,0.628,0.994,-0.6420618107638725,0.699,0.78848,90,78,1.0476447855588171,2.6971864987409586,1.3624098256729396,0.7487485613790607,0.7466050261022037,-0.7177564582231251,-0.8055460977926479,0.0808323459125858,0.4738553872302673,-1.2000098688397727,-1.493854104997669,-0.745901652658444,-0.9672929712302017
completa,3115,Elaboración de productos lácteos,0.0498313429839448,0.11323501609440681,0.704,0.9854634146341462,-0.06562852403050709,0.837,0.994,0.36367572187834274,0.365,0.6895000000000001,90,78,-0.31622797785972534,-0.245461435202041,-0.5039245396634655,0.09159947852670114,-0.1737369512518516,0.30543398093016805,0.1323183224774464,0.5342332332236001,0.5980666211616029,0.4096053798667648,0.36337897350114673,0.12764885315231114,0.14912127036463063
completa,3399,Otras industrias manufactureras,0.618987370047973,0.11645402729179519,0.936,0.9854634146341462,1.1176545047645217,0.411,0.994,-0.9375351065235791,0.595,0.7459701492537313,90,78,0.4331859653476826,0.767564736237889,1.0418932668743157,1.133395092303215,1.1072760137479476,0.9802537651333244,1.6755441542904377,1.9244282974304479,-0.763488475174143,-0.13813848017059002,-1.2762066114013269,-3.2306265130111615,-2.141178856814701
completa,3323,Fabricación de estructuras metálicas y productos de herrería,0.2249299265714363,0.14741354668328424,0.818,0.9854634146341462,0.044211349430927666,0.937,0.994,0.20601604609793572,0.825,0.8772151898734177,90,78,0.41501173370951494,-0.10148113635908004,0.04383972140969189,-0.3323680032790166,0.5373690062664036,0.44926285829871865,-0.3313543497511515,0.35285278521260405,-0.08048498868953285,0.17184375277650227,0.930740802839208,0.4736110893583377,-0.6124671649095047
completa,3117,Preparación y envasado de pescados y mariscos,0.7478643561015712,0.2174288798141974,0.757,0.9854634146341462,-0.011651194742133438,0.992,0.994,0.449612358046351,0.567,0.7441874999999999,90,78,0.19880845775926054,0.09041438030995312,-0.7097804681368053,-1.1084221460439878,-0.2432389672715254,0.5365224697336092,1.3645975629559557,0.8104732291517109,-0.09862951062524468,-0.4039549401395482,1.213597753422102,2.071161011891803,-0.8949733954227175
completa,3131,"Preparación e hilado de fibras textiles, y fabricación de hilos",0.2001267979454507,0.2619267950834753,0.952,0.9854634146341462,2.7784849636360613,0.437,0.994,-2.1540526162287206,0.654,0.7525479452054794,90,78,-0.3415457483588647,2.7292432323012332,3.6527049642940455,3.4333434715110807,1.2762065970720702,2.2827193661454097,3.2966921504925284,4.2472822233348,-1.571950869905079,0.47363421222135477,-2.766152533520355,-8.758223124712758,-4.548905604790286
completa,3122,Industria del tabaco,0.1071479040489181,0.3529065033536497,0.944,0.9854634146341462,4.127661389910074,0.454,0.994,-3.4474444219515594,0.609,0.7465352112676056,90,78,0.5064827358463667,2.0363951275432264,7.125464106861276,6.633643263183179,2.9120742307174066,-0.9971974423836525,7.0555890535390064,7.040238909467885,-1.9458993922691328,-3.4982945491245183,-2.1927533182499266,-14.014418855896702,-6.073539325636961
completa,3366,Fabricación de embarcaciones,0.5822911532336551,0.37283499634695483,0.947,0.9854634146341462,-1.8850345008265164,0.672,0.994,3.965245391170371,0.581,0.7459701492537313,90,78,-7.634410389552718,3.3463430402656758,3.9148349540177803,-6.174029546038951,0.2092907117692955,-9.683738853711912,-2.9229073112609862,-4.381263379347611,5.223918557173533,1.5547293113756573,5.736877088753407,6.01573544267063,9.641475326396609
completa,3116,"Matanza, empacado y procesamiento de carne de ganado, aves y otros animales comestibles",0.044361709007407,0.4507445965092821,0.191,0.9854634146341462,0.13104517335497406,0.71,0.994,0.7825840103490583,0.077,0.6895000000000001,90,78,0.3779046523964734,0.3693287730473538,-0.41509950696541176,-0.03171098442580714,0.19155565386701667,0.21380408613246912,0.4583930184742238,0.7320259587641414,1.0534812106584588,0.6653816454632245,0.6357478114331989,1.0262305914767726,0.5826368442985537
completa,3114,"Conservación de frutas, verduras, guisos y otros alimentos preparados",0.3156513149608729,0.5104761173760366,0.218,0.9854634146341462,0.253030763568137,0.518,0.994,0.7224664100090632,0.18,0.6895000000000001,90,78,0.7832064844252753,0.17697219696627017,0.5290212688711424,-0.11396275517907635,0.1038569571868354,0.33831044039970565,0.48398647316394444,0.7504612627975997,0.798570662135901,0.7196464015163344,0.7460650884851694,1.0005592354465143,0.31949580967286034
completa,3325,Fabricación de herrajes y cerraduras,0.8134327973740351,0.5248477065458973,0.82,0.9854634146341462,2.7604819008936254,0.301,0.994,-1.642051144194701,0.59,0.7459701492537313,90,78,0.11243564490311594,3.3217124970520304,4.751666377744643,4.2193737320209745,0.2739146878715822,1.961957347474612,2.0342667631979126,3.2061855279496245,-3.0391773360759466,-0.057855238746718225,-3.732974263349979,-4.884235647448092,-1.3442499074970944
completa,3379,"Fabricación de colchones, persianas y cortineros",0.3523025337449802,0.5464478589984969,0.838,0.9854634146341462,2.4966186365706204,0.381,0.994,-1.4932144294286809,0.653,0.7525479452054794,90,78,1.0833969241288217,3.7584619801660453,3.1611605344873785,2.419948039662062,1.8418417674588017,2.0237264320509656,1.7745730655984713,2.2767588067956464,-0.8645856281739716,-0.6598562105474659,-1.7446521981917116,-5.446723011467075,-2.5202283349875074
completa,3272,Fabricación de vidrio y productos de vidrio,0.272472982882299,0.6348980200771207,0.513,0.9854634146341462,1.4009204197726954,0.156,0.994,-0.01534857266621842,0.995,0.995,90,78,-0.05975682163629379,0.4456930592729934,0.9564213303281691,2.1561942066908855,1.7219340631211413,1.7649004153321723,1.3603794438908112,1.8079272776616147,0.8230835894681812,0.705222357743212,-0.4390517979414056,-1.9077823000269105,-1.0814905629020024
completa,3332,"Fabricación de maquinaria y equipo para las industrias manufactureras, excepto la metalmecánica",0.6992566972513394,0.9128608904074171,0.429,0.9854634146341462,0.8684653802931603,0.472,0.994,1.1949029651423408,0.354,0.6895000000000001,90,78,-0.5130184973165863,2.382375774536068,0.043112785990605265,0.34170936472651947,-1.2550281619808297,2.610120425994514,1.0885020924920847,2.059566381945114,-0.3372120572010285,1.5914834070184167,0.015482772585274343,1.9896487853543354,1.8504485011519332
completa,3341,Fabricación de computadoras y equipo periférico,0.7847307234340066,0.9311342159540017,0.654,0.9854634146341462,1.0454809684831123,0.602,0.994,0.804275567169619,0.748,0.8160000000000001,90,78,1.0062055934856353,1.1400669099225678,2.2230668095719226,2.5003562542106144,0.32062561738223855,-0.544533698918014,0.6333039187293438,0.48040557467885864,1.2189502979995106,0.593801658136069,-0.0888843604126847,0.8729149714514267,1.748465261164534
completa,3369,Fabricación de otro equipo de transporte,0.6740711386128929,1.019248203167523,0.721,0.9854634146341462,3.521623819415045,0.267,0.994,-1.5365169525306315,0.631,0.7465352112676056,90,78,1.3395854398713207,3.991892629322479,4.852052277543413,4.005290100681246,1.2777089962546588,4.1188081542103925,2.8839907584780766,-3.281658189704385,-1.6908290204931693,-2.423889802467138,-0.9865356523036597,-0.32970195209945885,-0.5064870981159773
completa,3151,Fabricación de prendas de vestir de tejido de punto,0.3365154443339868,1.8039497306821701,0.464,0.9854634146341462,3.832573731170557,0.127,0.994,-0.13838636114659666,0.967,0.9786506024096385,90,78,1.28622227872445,2.232460533239589,3.8940124179877875,4.966580780733491,5.086796437811321,3.556375893701935,3.259216323549221,2.43589798470343,0.8156631770451188,2.095613168454928,-0.9121324280852892,-3.5924498907576834,-1.6729101782400853
completa,3335,Fabricación de maquinaria y equipo para la industria metalmecánica,0.6052735791408839,2.684690579868367,0.173,0.9854634146341462,4.485520049055887,0.076,0.994,1.0869033689243806,0.628,0.7465352112676056,90,78,1.4664370304071588,1.9455440218479934,2.7118861922449193,3.233938624402819,5.678713221485987,6.137483765964757,7.2055544683888435,4.008503950658788,-0.6689911264541059,0.42610187783565173,1.0475334862823773,-0.6041279670984915,2.3123999923220646
completa,3351,Fabricación de accesorios de iluminación,0.831395116765869,3.2283799103700646,0.163,0.9854634146341462,3.937917141474803,0.074,0.994,2.9182926432685536,0.361,0.6895000000000001,90,78,0.8316801263506984,3.957342973279643,5.908869505124071,6.372290275505928,0.8486467214868197,2.8363709219050373,3.703982451547322,2.7428757364248773,6.214839045111633,1.5335802990653526,3.975102747639197,-0.21981185873211814,3.26316989010238
completa,3364,Fabricación de equipo aeroespacial,0.9896704181454756,3.7177333381832907,0.242,0.9854634146341462,4.110217205296015,0.166,0.994,4.117893408227174,0.332,0.6895000000000001,90,78,-1.0381302847563625,-0.45056383035794706,3.620157198610167,8.764537782376038,2.8606784713756475,5.608553461074114,4.257940148698076,2.899286849270876,1.7458136527841481,4.239929613414815,3.6914097182734724,3.5070787593033685,8.623841856316366
completa,3391,"Fabricación de equipo no electrónico y material desechable de uso médico, dental y para laboratorio, y artículos oftálmicos",0.7835186733412709,4.558686245659655,0.067,0.9854634146341462,5.391899818777953,0.01,0.84,4.14242031080315,0.228,0.6895000000000001,90,78,2.0570004160888895,6.093935782578579,4.206264086593168,4.31291629770783,5.431965596453331,7.8837354776515784,4.422581671683233,3.0931417990605716,4.042463628739516,3.254665853687807,4.920701838909028,6.987030806740598,2.5565179376813765
