h,beta,p_perm,nulo_p05,nulo_p95,p_dk,n,ramas,meses,desde,hasta,efecto,se_dk_efecto,variable,choque,especificacion,muestra,p_placebo_conjunto,p_efecto_conjunto,robustez
-12,0.006882349821394254,0.661,-0.9898334080582033,1.1005073347690149,0.266360045956085,7436,85,88,2019-04,2026-07,0.31644994936756937,0.2847093896760579,produccion,sorpresa_tpu_std,A,completa,0.723,0.002,
-11,0.005903978681694152,0.684,-1.0940796572458602,1.115773895443152,0.2626217001976118,7437,85,88,2019-04,2026-07,0.2714645147913788,0.24233228176366364,produccion,sorpresa_tpu_std,A,completa,0.723,0.002,
-10,0.01009638710340417,0.477,-1.0309755088889774,1.1367968622426092,0.15154468165594498,7438,85,88,2019-04,2026-07,0.46423115223462647,0.323709807032332,produccion,sorpresa_tpu_std,A,completa,0.723,0.002,
-9,0.012939798053342172,0.335,-1.0002365698133175,1.0272210683988812,0.05540293099211751,7439,85,88,2019-04,2026-07,0.5949709830322403,0.31057582168443004,produccion,sorpresa_tpu_std,A,completa,0.723,0.002,
-8,-0.009625529174697719,0.457,-1.031962516391218,0.9885580198253768,0.14180038419379581,7440,85,88,2019-04,2026-07,-0.4425811385670141,0.3012560542002379,produccion,sorpresa_tpu_std,A,completa,0.723,0.002,
-7,0.0027328870650142217,0.826,-0.930636027152425,0.8873063631658986,0.5931469495177457,7441,85,88,2019-04,2026-07,0.12565795052478698,0.235190634284213,produccion,sorpresa_tpu_std,A,completa,0.723,0.002,
-6,0.007509976548131827,0.482,-0.8214242220579817,0.784806272081454,0.21988147868113106,7443,85,88,2019-04,2026-07,0.3453081810837832,0.28146069713660793,produccion,sorpresa_tpu_std,A,completa,0.723,0.002,
-5,0.004870271509416498,0.549,-0.6127571976044399,0.6491120320640875,0.36913519365876224,7445,85,88,2019-04,2026-07,0.22393473342058987,0.24934429954206833,produccion,sorpresa_tpu_std,A,completa,0.723,0.002,
0,0.01416524905577617,0.083,-0.604928233183921,0.6213736770461663,0.029453357828486126,7445,85,88,2019-04,2026-07,0.6513171319111003,0.29913091450560764,produccion,sorpresa_tpu_std,A,completa,0.723,0.002,
1,0.0312550382614067,0.005,-0.7587361389531126,0.8227164344168263,1.996889511236628e-05,7359,85,87,2019-04,2026-06,1.4371044093919518,0.3369341423711923,produccion,sorpresa_tpu_std,A,completa,0.723,0.002,
2,0.043481610511023144,0.001,-0.938712810725398,0.93909046586408,1.2859656229641292e-05,7273,85,86,2019-04,2026-05,1.9992813213098402,0.4582901217987907,produccion,sorpresa_tpu_std,A,completa,0.723,0.002,
3,0.04598105900220504,0.0,-1.0360519805215342,0.9870984170448943,5.901117603243669e-07,7187,85,85,2019-04,2026-04,2.1142057830136953,0.4233131113735608,produccion,sorpresa_tpu_std,A,completa,0.723,0.002,
4,0.028742690900752734,0.039,-1.0842047489289726,1.0931332519341619,0.0003087260086200773,7102,85,84,2019-04,2026-03,1.3215868585982848,0.3663070926336217,produccion,sorpresa_tpu_std,A,completa,0.723,0.002,
5,0.046675974148358675,0.004,-1.2629358031675384,1.1759739823562165,1.7625314753156017e-07,7016,85,83,2019-04,2026-02,2.1461579314109596,0.4109222246580016,produccion,sorpresa_tpu_std,A,completa,0.723,0.002,
6,0.03816834500315266,0.019,-1.3502287725721942,1.2738972796292818,5.16174764904514e-07,6930,85,82,2019-04,2026-01,1.7549777557288846,0.34958317496030417,produccion,sorpresa_tpu_std,A,completa,0.723,0.002,
7,0.026563021711895764,0.127,-1.3476571039912613,1.2507461374185873,0.005718951768756019,6844,85,81,2019-04,2025-12,1.2213658261962868,0.44196742812929035,produccion,sorpresa_tpu_std,A,completa,0.723,0.002,
8,0.020826474495295816,0.241,-1.3422706882845656,1.294170899704379,0.005558379142269539,6758,85,80,2019-04,2025-11,0.957599798117527,0.3453602914245103,produccion,sorpresa_tpu_std,A,completa,0.723,0.002,
9,0.025328299745000206,0.161,-1.435983807390253,1.3105885315273775,0.02507024954532498,6672,85,79,2019-04,2025-10,1.1645933990388468,0.5198338409909329,produccion,sorpresa_tpu_std,A,completa,0.723,0.002,
10,0.034737193217349825,0.061,-1.3925005701132684,1.4087372769309847,0.0006024981897090425,6586,85,78,2019-04,2025-09,1.5972136436062334,0.4655938083686705,produccion,sorpresa_tpu_std,A,completa,0.723,0.002,
11,0.04101593146462782,0.037,-1.47894023747778,1.4928081769165478,4.252975931708178e-05,6500,85,77,2019-04,2025-08,1.8859095762464066,0.46073211584800117,produccion,sorpresa_tpu_std,A,completa,0.723,0.002,
12,0.040841897974141075,0.056,-1.613469500819831,1.683945853011207,3.949331269584242e-05,6414,85,76,2019-04,2025-07,1.8779075288814797,0.45686466769442097,produccion,sorpresa_tpu_std,A,completa,0.723,0.002,
-12,0.013409522328175615,0.229,-0.819373529864247,0.8897818426455093,0.1396017579742067,5066,85,60,2019-04,2026-07,0.616568871376377,0.41736886710940657,produccion,sorpresa_tpu_std,A,sin pandemia,0.498,0.039,
-11,0.007509120479181246,0.574,-0.9569767516781066,0.9333482119483187,0.391887901785995,5151,85,61,2019-04,2026-07,0.3452688190950589,0.4032578347216487,produccion,sorpresa_tpu_std,A,sin pandemia,0.498,0.039,
-10,0.0039771988579049835,0.76,-0.9578820018915022,0.8889106175600874,0.6448374596401172,5236,85,62,2019-04,2026-07,0.18287131719117086,0.3967305909668476,produccion,sorpresa_tpu_std,A,sin pandemia,0.498,0.039,
-9,0.014552261912077435,0.216,-0.8946385466081567,0.8904382658516026,0.10733948052193022,5321,85,63,2019-04,2026-07,0.6691119551850389,0.4155284592046629,produccion,sorpresa_tpu_std,A,sin pandemia,0.498,0.039,
-8,0.002054771665958696,0.876,-0.9570168415347752,0.9199315928245213,0.8079598636417861,5406,85,64,2019-04,2026-07,0.09447825328977812,0.3887053733580027,produccion,sorpresa_tpu_std,A,sin pandemia,0.498,0.039,
-7,0.00968894417624679,0.395,-0.8294878376578334,0.843093155497965,0.011535935946775336,5491,85,65,2019-04,2026-07,0.445496955773365,0.17636243851421304,produccion,sorpresa_tpu_std,A,sin pandemia,0.498,0.039,
-6,0.013478310248605107,0.216,-0.7976000129210571,0.7709288187945175,0.017682540041351644,5577,85,66,2019-04,2026-07,0.6197317350060846,0.2612477298389398,produccion,sorpresa_tpu_std,A,sin pandemia,0.498,0.039,
-5,0.006612691520258399,0.463,-0.695243537646653,0.6751779675373965,0.26541678524493273,5663,85,67,2019-04,2026-07,0.3040510800924678,0.2730149292586082,produccion,sorpresa_tpu_std,A,sin pandemia,0.498,0.039,
0,0.010760078349498096,0.214,-0.6672002852622576,0.6593994793802899,0.1320148040031941,6000,85,71,2019-04,2026-07,0.49474762795477145,0.328473179282988,produccion,sorpresa_tpu_std,A,sin pandemia,0.498,0.039,
1,0.021615053371191306,0.05,-0.8231893243211079,0.8490306276910482,0.011029017952519612,5830,85,69,2019-04,2026-06,0.9938585980660174,0.39100919627517616,produccion,sorpresa_tpu_std,A,sin pandemia,0.498,0.039,
2,0.03388969473448654,0.005,-0.9476810902052198,0.9385729937411129,0.001131155774403741,5659,85,67,2019-04,2026-05,1.558245724370642,0.4786216731676458,produccion,sorpresa_tpu_std,A,sin pandemia,0.498,0.039,
3,0.039255940046956456,0.01,-1.1411086072862908,1.0815654275074411,1.6008794177802026e-05,5488,85,65,2019-04,2026-04,1.8049852975533727,0.41836981794167644,produccion,sorpresa_tpu_std,A,sin pandemia,0.498,0.039,
4,0.013781271020639066,0.381,-1.1710279589989245,1.1122740008887435,0.07042884486212302,5319,85,63,2019-04,2026-03,0.6336618494958308,0.3502553268058164,produccion,sorpresa_tpu_std,A,sin pandemia,0.498,0.039,
5,0.03041446583031607,0.036,-1.1095340340956819,1.1418172126876756,0.005720232230927901,5148,85,61,2019-04,2026-02,1.398454949518301,0.5060628563652754,produccion,sorpresa_tpu_std,A,sin pandemia,0.498,0.039,
6,0.013268754656647432,0.347,-1.0952748225015734,1.0689962757560836,0.1915043442224189,4978,85,59,2019-04,2026-01,0.610096383972553,0.4670981276713976,produccion,sorpresa_tpu_std,A,sin pandemia,0.498,0.039,
7,-0.0006875841404091006,0.955,-0.9900648176016454,0.9304572907004157,0.9012482055251075,4808,85,57,2019-04,2025-12,-0.03161506928084689,0.2547861835093293,produccion,sorpresa_tpu_std,A,sin pandemia,0.498,0.039,
8,7.684709791353888e-05,0.994,-0.7213192365463141,0.7691659610618153,0.9903789921267664,4638,85,55,2019-04,2025-11,0.0035334240302910868,0.29302503399028274,produccion,sorpresa_tpu_std,A,sin pandemia,0.498,0.039,
9,-0.00898581568509759,0.33,-0.6629087557481173,0.7025600794983957,0.0007971876992106193,4468,85,53,2019-04,2025-10,-0.4131671583644353,0.12319486208824824,produccion,sorpresa_tpu_std,A,sin pandemia,0.498,0.039,
10,0.005683722576288092,0.596,-0.7859035945068774,0.8282440203497708,0.15714254462436653,4298,85,51,2019-04,2025-09,0.26133715491975784,0.18472353305012854,produccion,sorpresa_tpu_std,A,sin pandemia,0.498,0.039,
11,0.019376835665674896,0.08,-0.8366306411104116,0.8391632465181248,0.0003885001156920454,4128,85,49,2021-08,2025-08,0.8909455090825837,0.25112797108307156,produccion,sorpresa_tpu_std,A,sin pandemia,0.498,0.039,
12,0.005868522976574777,0.664,-0.9237489083271698,0.9519292038645693,0.4093071469814549,4043,85,48,2021-08,2025-07,0.26983426402223887,0.3270268379134339,produccion,sorpresa_tpu_std,A,sin pandemia,0.498,0.039,
-12,-0.000589970844929346,0.865,-0.26004577275440016,0.25774230130241405,0.7353510286395089,7447,85,88,2019-04,2026-07,-0.0271268169812984,0.08025302393698039,empleo,sorpresa_tpu_std,A,completa,0.775,0.527,
-11,-0.0009234564059859238,0.768,-0.22798038851190533,0.22779618893691966,0.6255847310789188,7447,85,88,2019-04,2026-07,-0.04246045907300343,0.08701792072966237,empleo,sorpresa_tpu_std,A,completa,0.775,0.527,
-10,0.00026797808356122417,0.917,-0.20203963008368425,0.20315819741083146,0.866008858679118,7447,85,88,2019-04,2026-07,0.012321612991969101,0.07302553172975204,empleo,sorpresa_tpu_std,A,completa,0.775,0.527,
-9,0.0012297616060995141,0.621,-0.1743855088923011,0.17688907391769576,0.38052412245132294,7447,85,88,2019-04,2026-07,0.05654435012510521,0.06447981741199531,empleo,sorpresa_tpu_std,A,completa,0.775,0.527,
-8,0.001070090283945861,0.609,-0.1472541343873359,0.14138775917820703,0.24667796684079113,7447,85,88,2019-04,2026-07,0.0492026742262855,0.042472628243801366,empleo,sorpresa_tpu_std,A,completa,0.775,0.527,
-7,-0.0019116861403123276,0.231,-0.1253244985275509,0.11643191326597842,0.01624056343780852,7447,85,88,2019-04,2026-07,-0.0878991911204488,0.03657187668165043,empleo,sorpresa_tpu_std,A,completa,0.775,0.527,
-6,0.0009357031153650012,0.479,-0.10161981645569712,0.09510456893023599,0.345894006495693,7447,85,88,2019-04,2026-07,0.04302356188868438,0.045644299953278206,empleo,sorpresa_tpu_std,A,completa,0.775,0.527,
-5,0.00027378073183239503,0.778,-0.07501525491945783,0.07098570958953021,0.6620902136200953,7447,85,88,2019-04,2026-07,0.012588418341778804,0.028804528412497934,empleo,sorpresa_tpu_std,A,completa,0.775,0.527,
0,0.0003439871932731119,0.736,-0.06679358071733994,0.07806176065905723,0.6587305103825771,7447,85,88,2019-04,2026-07,0.01581650638507014,0.03581096639835179,empleo,sorpresa_tpu_std,A,completa,0.775,0.527,
1,0.0024711071756574735,0.082,-0.10887240337291437,0.108092312920597,0.0030725893584349654,7362,85,87,2019-04,2026-06,0.11362133005616792,0.03838064606023757,empleo,sorpresa_tpu_std,A,completa,0.775,0.527,
2,0.0019408926929712683,0.379,-0.1575126989358824,0.1563679151204596,0.28088964214105216,7277,85,86,2019-04,2026-05,0.08924210630929787,0.08276008893960511,empleo,sorpresa_tpu_std,A,completa,0.775,0.527,
3,0.0016432283981521326,0.546,-0.2172582506658819,0.18952215768386843,0.4826898283630773,7192,85,85,2019-04,2026-04,0.07555552346062684,0.10763157277243803,empleo,sorpresa_tpu_std,A,completa,0.775,0.527,
4,0.0019855634232886408,0.542,-0.24858908427345744,0.23246053376696169,0.46341282987916266,7107,85,84,2019-04,2026-03,0.09129606327370586,0.12451069215691164,empleo,sorpresa_tpu_std,A,completa,0.775,0.527,
5,0.0010395648707709185,0.797,-0.28870151414883966,0.26983945489689226,0.7373700128758804,7022,85,83,2019-04,2026-02,0.04779911792584772,0.14254005058232247,empleo,sorpresa_tpu_std,A,completa,0.775,0.527,
6,-0.0009609341887203575,0.83,-0.310523929084647,0.32825017941988827,0.810857024338943,6937,85,82,2019-04,2026-01,-0.044183684825326155,0.18462135017313525,empleo,sorpresa_tpu_std,A,completa,0.775,0.527,
7,-0.0025593147963065568,0.615,-0.38138547051174904,0.3758603413398761,0.5827250545123016,6852,85,81,2019-04,2025-12,-0.1176771101040617,0.2141886824661832,empleo,sorpresa_tpu_std,A,completa,0.775,0.527,
8,-0.0018542303996671738,0.746,-0.41899751146018566,0.43611372565394174,0.6886171096282794,6767,85,80,2019-04,2025-11,-0.08525738030148759,0.21275386656291764,empleo,sorpresa_tpu_std,A,completa,0.775,0.527,
9,-0.004710661648859875,0.455,-0.46177843777748734,0.47850876317691554,0.3348136150019939,6682,85,79,2019-04,2025-10,-0.21659588352157733,0.22457655527062861,empleo,sorpresa_tpu_std,A,completa,0.775,0.527,
10,-0.0032813670741319717,0.612,-0.495163058613111,0.5194452332849764,0.47114325261893386,6597,85,78,2019-04,2025-09,-0.15087702186215096,0.20937108373629448,empleo,sorpresa_tpu_std,A,completa,0.775,0.527,
11,-0.005965877854447786,0.429,-0.5432157722179652,0.5708878487398124,0.15877173732455807,6512,85,77,2019-04,2025-08,-0.2743106342988312,0.19465498331758532,empleo,sorpresa_tpu_std,A,completa,0.775,0.527,
12,-0.00591901772118759,0.466,-0.5789963046282917,0.5906993495167042,0.19838081155506504,6427,85,76,2019-04,2025-07,-0.27215600874471446,0.2116005144750824,empleo,sorpresa_tpu_std,A,completa,0.775,0.527,
-12,-0.0008095198387874204,0.836,-0.2979258691605916,0.2868656260245739,0.668710766533158,5077,85,60,2019-04,2026-07,-0.037221663914843786,0.08698315408082903,empleo,sorpresa_tpu_std,A,sin pandemia,0.738,0.612,
-11,-0.0007775986779780498,0.818,-0.25536997969392655,0.26312694233444783,0.5439614343432501,5161,85,61,2019-04,2026-07,-0.03575393123864672,0.05891885182303933,empleo,sorpresa_tpu_std,A,sin pandemia,0.738,0.612,
-10,0.0009715538197226427,0.761,-0.23740146971977252,0.22211601447743712,0.4401247631367421,5245,85,62,2019-04,2026-07,0.04467197469436606,0.05786656023459397,empleo,sorpresa_tpu_std,A,sin pandemia,0.738,0.612,
-9,0.0006654718530530561,0.836,-0.21449523387020036,0.20974161571744981,0.550911277526824,5329,85,63,2019-04,2026-07,0.030598347899950296,0.05130549390155697,empleo,sorpresa_tpu_std,A,sin pandemia,0.738,0.612,
-8,0.002030673332584338,0.375,-0.17703208083859415,0.1672270355203836,0.03720024539023197,5413,85,64,2019-04,2026-07,0.09337021365592331,0.04481283559567136,empleo,sorpresa_tpu_std,A,sin pandemia,0.738,0.612,
-7,-0.0022241412067385696,0.237,-0.14419637050886616,0.13522469572495355,0.0019064570630625618,5497,85,65,2019-04,2026-07,-0.10226585258291337,0.032941904255730486,empleo,sorpresa_tpu_std,A,sin pandemia,0.738,0.612,
-6,0.0009792825691815508,0.489,-0.10205634451924075,0.10567246914436355,0.3446393992936855,5581,85,66,2019-04,2026-07,0.045027342038139156,0.04764605747173319,empleo,sorpresa_tpu_std,A,sin pandemia,0.738,0.612,
-5,8.756419809352576e-05,0.933,-0.09033630939630893,0.08710952794069617,0.7735425688781731,5665,85,67,2019-04,2026-07,0.00402619552510548,0.013992274411166742,empleo,sorpresa_tpu_std,A,sin pandemia,0.738,0.612,
0,0.00031476569537328646,0.756,-0.07334222079734114,0.08201686566932845,0.676313289965391,6002,85,71,2019-04,2026-07,0.01447290401512101,0.03466570258523497,empleo,sorpresa_tpu_std,A,sin pandemia,0.738,0.612,
1,0.0020052133001154347,0.177,-0.10821307080766926,0.12008717574093083,0.015184182540168475,5832,85,69,2019-04,2026-06,0.09219956319572206,0.0379741480908054,empleo,sorpresa_tpu_std,A,sin pandemia,0.738,0.612,
2,0.0009342883339480199,0.631,-0.15100412162470964,0.15389069896428917,0.34398596450337204,5662,85,67,2019-04,2026-05,0.04295851034097342,0.04539538529058306,empleo,sorpresa_tpu_std,A,sin pandemia,0.738,0.612,
3,0.002159756335675576,0.393,-0.1851700026610173,0.18613158179854597,0.05644593072516177,5492,85,65,2019-04,2026-04,0.09930544084612748,0.05205842233991089,empleo,sorpresa_tpu_std,A,sin pandemia,0.738,0.612,
4,0.0034802236533853317,0.272,-0.22437309695266258,0.2329012583834168,0.0012978771781269691,5322,85,63,2019-04,2026-03,0.16002043306169758,0.04975065548582308,empleo,sorpresa_tpu_std,A,sin pandemia,0.738,0.612,
5,0.003887212341880712,0.27,-0.2475910643853392,0.26810549970085845,0.0009618240743010301,5152,85,61,2019-04,2026-02,0.1787337436619782,0.054137757982764594,empleo,sorpresa_tpu_std,A,sin pandemia,0.738,0.612,
6,-0.00012443524789605866,0.974,-0.27538169648981803,0.269131569158745,0.9258290133797872,4982,85,59,2019-04,2026-01,-0.005721523740894567,0.0614597476390915,empleo,sorpresa_tpu_std,A,sin pandemia,0.738,0.612,
7,0.0002833785227008683,0.941,-0.29988855632482875,0.30549215784986883,0.874440430151684,4812,85,57,2019-04,2025-12,0.013029724075022335,0.0824557674018262,empleo,sorpresa_tpu_std,A,sin pandemia,0.738,0.612,
8,-0.002303946838972488,0.563,-0.28209696691809155,0.3067934524231502,0.06664734419446114,4642,85,55,2019-04,2025-11,-0.10593530980828793,0.057760480973937954,empleo,sorpresa_tpu_std,A,sin pandemia,0.738,0.612,
9,-0.00339396235865907,0.471,-0.3334782438783612,0.35142700836306917,0.010277491133707888,4472,85,53,2019-04,2025-10,-0.1560541449396305,0.060807806092418426,empleo,sorpresa_tpu_std,A,sin pandemia,0.738,0.612,
10,-0.001194617432099497,0.789,-0.3119270795747186,0.32883574328468196,0.2643490079055907,4302,85,51,2019-04,2025-09,-0.05492842353440811,0.04921148348132751,empleo,sorpresa_tpu_std,A,sin pandemia,0.738,0.612,
11,-0.0036877769519446588,0.414,-0.323601904896673,0.36562134624549997,0.16366450148663647,4132,85,49,2021-08,2025-08,-0.16956371878890655,0.1217384899943107,empleo,sorpresa_tpu_std,A,sin pandemia,0.738,0.612,
12,-0.0032285705866304418,0.435,-0.2904668655821052,0.31373027113927854,0.3021436287979282,4047,85,48,2021-08,2025-07,-0.14844944316734118,0.1438676386387975,empleo,sorpresa_tpu_std,A,sin pandemia,0.738,0.612,
-12,0.0016583612473214664,0.722,-0.34473092883134177,0.3324757476758341,0.6465929024675217,7447,85,88,2019-04,2026-07,0.07625133077610743,0.1663058831284682,horas,sorpresa_tpu_std,A,completa,0.24,0.509,
-11,-0.0013513463615806185,0.802,-0.3642154515935355,0.369044063783219,0.7661093270678481,7447,85,88,2019-04,2026-07,-0.06213480842995047,0.20887905111564195,horas,sorpresa_tpu_std,A,completa,0.24,0.509,
-10,-0.003336410068540894,0.456,-0.3342315907018641,0.33749693234744077,0.3998632515799351,7447,85,88,2019-04,2026-07,-0.15340789478284977,0.1822237607135582,horas,sorpresa_tpu_std,A,completa,0.24,0.509,
-9,0.0019481148643858857,0.649,-0.324188354126912,0.3393940896279239,0.497983529371137,7447,85,88,2019-04,2026-07,0.08957418123106006,0.1321804395076759,horas,sorpresa_tpu_std,A,completa,0.24,0.509,
-8,-0.005451548743441714,0.195,-0.3265181288312234,0.2926465383036027,0.23804945255614451,7447,85,88,2019-04,2026-07,-0.2506618187983186,0.21244755713929137,horas,sorpresa_tpu_std,A,completa,0.24,0.509,
-7,-0.008048907183530763,0.024,-0.26415356967358794,0.2715906705168605,0.0007091144771817066,7447,85,88,2019-04,2026-07,-0.3700881729049597,0.10929852817753798,horas,sorpresa_tpu_std,A,completa,0.24,0.509,
-6,0.006325145122981848,0.111,-0.30048710001704554,0.2979346221420016,0.011190232328752723,7447,85,88,2019-04,2026-07,0.2908297174444765,0.11464877414638319,horas,sorpresa_tpu_std,A,completa,0.24,0.509,
-5,-0.0020716358531128153,0.649,-0.35954977737588517,0.31173620721023243,0.5805391900575165,7447,85,88,2019-04,2026-07,-0.09525366740117025,0.1723744707100985,horas,sorpresa_tpu_std,A,completa,0.24,0.509,
0,0.0016458755079773492,0.7,-0.343869818531443,0.335140303561052,0.6491591517509897,7447,85,88,2019-04,2026-07,0.07567723737984033,0.16634896333109853,horas,sorpresa_tpu_std,A,completa,0.24,0.509,
1,0.0032422642946351855,0.494,-0.3299201865170151,0.3388854892073875,0.3393105798476276,7362,85,87,2019-04,2026-06,0.1490790788756693,0.15601743282680103,horas,sorpresa_tpu_std,A,completa,0.24,0.509,
2,0.005129347279697618,0.227,-0.3179224806382176,0.3357926299532485,0.16030696505216768,7277,85,86,2019-04,2026-05,0.23584701868876526,0.16797743195400647,horas,sorpresa_tpu_std,A,completa,0.24,0.509,
3,0.004678642825447635,0.337,-0.3735053358254741,0.37121527063768295,0.1796012578970172,7192,85,85,2019-04,2026-04,0.21512366032593047,0.1603027287102785,horas,sorpresa_tpu_std,A,completa,0.24,0.509,
4,-0.0067343000613863,0.211,-0.4166669752119142,0.3894424349042797,0.0019765229539385606,7107,85,84,2019-04,2026-03,-0.30964263205964054,0.10008691236568398,horas,sorpresa_tpu_std,A,completa,0.24,0.509,
5,0.0004797695792979768,0.945,-0.41875038370408035,0.41511703368765634,0.8809741555379285,7022,85,83,2019-04,2026-02,0.022059770720313066,0.1473259892696078,horas,sorpresa_tpu_std,A,completa,0.24,0.509,
6,0.00024845920462531054,0.964,-0.483829337222995,0.4865381108171138,0.9604615612437771,6937,85,82,2019-04,2026-01,0.011424136343545804,0.23044434934579855,horas,sorpresa_tpu_std,A,completa,0.24,0.509,
7,-0.007857112982714552,0.27,-0.5188194119759085,0.5117298867217178,0.026466625256379172,6852,85,81,2019-04,2025-12,-0.36126948935757386,0.16278566051085486,horas,sorpresa_tpu_std,A,completa,0.24,0.509,
8,-0.004208668909628727,0.536,-0.5266019005407185,0.5114964598222479,0.3456307783646816,6767,85,80,2019-04,2025-11,-0.19351429350725244,0.20519001566483547,horas,sorpresa_tpu_std,A,completa,0.24,0.509,
9,-0.0030635121455463697,0.708,-0.5497609208649248,0.5480350355737192,0.5242351099364742,6682,85,79,2019-04,2025-10,-0.140860067927888,0.2211891830113001,horas,sorpresa_tpu_std,A,completa,0.24,0.509,
10,-0.011122228280129421,0.126,-0.5414648489540784,0.5505727659011012,0.0005482804938402372,6597,85,78,2019-04,2025-09,-0.5113992556961429,0.14797485156577214,horas,sorpresa_tpu_std,A,completa,0.24,0.509,
11,-0.007010743556912689,0.378,-0.5598634043244156,0.6149612779619631,0.0757870010629281,6512,85,77,2019-04,2025-08,-0.3223534840843924,0.18153887131903862,horas,sorpresa_tpu_std,A,completa,0.24,0.509,
12,-0.004258743643430807,0.616,-0.5989164034659328,0.6163334195207885,0.4254378998916388,6427,85,76,2019-04,2025-07,-0.19581672616288465,0.24568528369085235,horas,sorpresa_tpu_std,A,completa,0.24,0.509,
-12,-0.0010169073615779371,0.855,-0.4549423160391042,0.44049025096375866,0.7738008982713422,5077,85,60,2019-04,2026-07,-0.0467573272841361,0.1626869526339036,horas,sorpresa_tpu_std,A,sin pandemia,0.137,0.719,
-11,0.0002337603815890682,0.962,-0.41130261845019433,0.416407550936879,0.9520889791550102,5161,85,61,2019-04,2026-07,0.010748285518421743,0.17888856911949316,horas,sorpresa_tpu_std,A,sin pandemia,0.137,0.719,
-10,-0.008097272244056802,0.097,-0.3622401737559143,0.370586795374048,7.996396683867151e-05,5245,85,62,2019-04,2026-07,-0.37231199490642897,0.09438743437340524,horas,sorpresa_tpu_std,A,sin pandemia,0.137,0.719,
-9,0.0015880659031416587,0.763,-0.3482325732431848,0.3535449327017579,0.5393921254987346,5329,85,63,2019-04,2026-07,0.07301915591087085,0.11897554554044301,horas,sorpresa_tpu_std,A,sin pandemia,0.137,0.719,
-8,0.00034942863299306377,0.95,-0.348337273922141,0.34669501859982416,0.8887068052699472,5413,85,64,2019-04,2026-07,0.016066703391696087,0.11481075773277197,horas,sorpresa_tpu_std,A,sin pandemia,0.137,0.719,
-7,-0.0096905353644473,0.01,-0.29522445744771003,0.2777450764135127,0.0007741716853256248,5497,85,65,2019-04,2026-07,-0.4455701184922842,0.13253647685950856,horas,sorpresa_tpu_std,A,sin pandemia,0.137,0.719,
-6,0.005406931162735011,0.128,-0.25929018023733535,0.2720189357076854,0.023074103410973396,5581,85,66,2019-04,2026-07,0.24861030564918324,0.10941365540297285,horas,sorpresa_tpu_std,A,sin pandemia,0.137,0.719,
-5,-0.0056671538661162745,0.136,-0.30402881269838256,0.2793976383290132,0.001091117023231086,5665,85,67,2019-04,2026-07,-0.26057532681874224,0.0797863609831554,horas,sorpresa_tpu_std,A,sin pandemia,0.137,0.719,
0,0.0024632420468911087,0.574,-0.29960755372301234,0.3140515690871945,0.3292581771394154,6002,85,71,2019-04,2026-07,0.11325969200165512,0.11609125370146027,horas,sorpresa_tpu_std,A,sin pandemia,0.137,0.719,
1,0.0008814423283630315,0.818,-0.3226394925578411,0.302231460872787,0.6868756446918116,5832,85,69,2019-04,2026-06,0.04052865480825073,0.10054276683106929,horas,sorpresa_tpu_std,A,sin pandemia,0.137,0.719,
2,0.0048948884277416616,0.279,-0.3368723431626609,0.33907439070732875,0.08212833302308306,5662,85,67,2019-04,2026-05,0.2250666175531528,0.12946259589497564,horas,sorpresa_tpu_std,A,sin pandemia,0.137,0.719,
3,0.006953914944139755,0.189,-0.42067205338747954,0.40690382445571993,0.01881221625329186,5492,85,65,2019-04,2026-04,0.3197405085598526,0.13610431107189097,horas,sorpresa_tpu_std,A,sin pandemia,0.137,0.719,
4,-0.004766521557591057,0.385,-0.40700380557222204,0.4362317496356075,0.01716094541996729,5322,85,63,2019-04,2026-03,-0.21916431810400872,0.09196061086627694,horas,sorpresa_tpu_std,A,sin pandemia,0.137,0.719,
5,0.007096037520530642,0.216,-0.4393512370437029,0.4565552932466484,0.00030037474432669035,5152,85,61,2019-04,2026-02,0.326275294391732,0.09025654380209386,horas,sorpresa_tpu_std,A,sin pandemia,0.137,0.719,
6,0.005450092845796877,0.397,-0.49762998427407473,0.49746516212822983,0.024473874156670468,4982,85,59,2019-04,2026-01,0.25059487672941055,0.11139493472250699,horas,sorpresa_tpu_std,A,sin pandemia,0.137,0.719,
7,-0.004407819984633489,0.511,-0.47031561222479523,0.540039042291714,0.015024869296107855,4812,85,57,2019-04,2025-12,-0.20267124560024946,0.08334278760950554,horas,sorpresa_tpu_std,A,sin pandemia,0.137,0.719,
8,0.004116320398436694,0.524,-0.4335180884439154,0.4530340731384337,0.07226107115950338,4642,85,55,2019-04,2025-11,0.18926811561027232,0.10529696659287827,horas,sorpresa_tpu_std,A,sin pandemia,0.137,0.719,
9,-0.003115703549085129,0.679,-0.5454742070600077,0.5589209621311906,0.23805541433494992,4472,85,53,2019-04,2025-10,-0.14325982490564607,0.12142091121092777,horas,sorpresa_tpu_std,A,sin pandemia,0.137,0.719,
10,-0.006171183804194906,0.332,-0.4736869875494547,0.5001338153062108,0.02092082587637663,4302,85,51,2019-04,2025-09,-0.2837505870894284,0.12286711946700607,horas,sorpresa_tpu_std,A,sin pandemia,0.137,0.719,
11,-0.0014452552562897237,0.855,-0.528717474840621,0.6083757408621606,0.5450416327582484,4132,85,49,2021-08,2025-08,-0.06645273264872267,0.10980170475034534,horas,sorpresa_tpu_std,A,sin pandemia,0.137,0.719,
12,-0.0018600252530718705,0.811,-0.5897178330260496,0.5892727530862848,0.6405262785733137,4047,85,48,2021-08,2025-07,-0.08552382724389791,0.18314900521070673,horas,sorpresa_tpu_std,A,sin pandemia,0.137,0.719,
-12,0.015750040673314307,0.029,-1.18663885635317,1.1492501132089665,0.004333799526747801,7436,85,88,2019-04,2026-07,1.5750040673314307,0.5520935943733578,produccion,sorpresa_tpu_std,B,completa,0.079,0.254,
-11,0.014917028212057338,0.084,-1.4229826175002145,1.4066981910497154,0.011567438396144785,7437,85,88,2019-04,2026-07,1.4917028212057337,0.5907564046290624,produccion,sorpresa_tpu_std,B,completa,0.079,0.254,
-10,0.02097278705394438,0.04,-1.6428195961814989,1.656684118536296,0.05001408778145057,7438,85,88,2019-04,2026-07,2.097278705394438,1.0701256145072062,produccion,sorpresa_tpu_std,B,completa,0.079,0.254,
-9,0.02502257113377525,0.025,-1.693637786453613,1.763910197921131,0.0372466531213492,7439,85,88,2019-04,2026-07,2.5022571133775253,1.2012467009920198,produccion,sorpresa_tpu_std,B,completa,0.079,0.254,
-8,0.0037111869629405654,0.693,-1.7929475972349476,1.6854122281368278,0.3814564749586007,7440,85,88,2019-04,2026-07,0.3711186962940565,0.42403105433909777,produccion,sorpresa_tpu_std,B,completa,0.079,0.254,
-7,0.0035685786579779844,0.719,-1.6267604119384593,1.5545702500725598,0.27585101413459934,7441,85,88,2019-04,2026-07,0.35685786579779843,0.3274865563991659,produccion,sorpresa_tpu_std,B,completa,0.079,0.254,
-6,0.00440031162939834,0.61,-1.5590771140178932,1.5425999862938369,0.18975392506462974,7443,85,88,2019-04,2026-07,0.440031162939834,0.33556674715038387,produccion,sorpresa_tpu_std,B,completa,0.079,0.254,
-5,0.0036256627153421865,0.579,-1.070326667152218,1.1614384841970309,0.34966311168405717,7445,85,88,2019-04,2026-07,0.36256627153421866,0.3876706836057546,produccion,sorpresa_tpu_std,B,completa,0.079,0.254,
0,0.004107562229720778,0.432,-0.9742729214716861,0.9085694062791763,0.1853632425942202,7445,85,88,2019-04,2026-07,0.4107562229720778,0.31014020689668303,produccion,sorpresa_tpu_std,B,completa,0.079,0.254,
1,0.016158301245652637,0.064,-1.3715887944880858,1.4567968255683472,0.053291105490895455,7359,85,87,2019-04,2026-06,1.6158301245652638,0.8361110372002254,produccion,sorpresa_tpu_std,B,completa,0.079,0.254,
2,0.022731017258401022,0.045,-1.8172119030710636,1.7952600207844973,0.10661770497552413,7273,85,86,2019-04,2026-05,2.2731017258401023,1.4087285355661623,produccion,sorpresa_tpu_std,B,completa,0.079,0.254,
3,0.02300448739872496,0.053,-1.9530654326566972,1.9358886469310974,0.11800749573315993,7187,85,85,2019-04,2026-04,2.300448739872496,1.4716356537636006,produccion,sorpresa_tpu_std,B,completa,0.079,0.254,
4,0.013003060025168638,0.285,-1.9535526327775106,2.0125718602736775,0.26463408347349293,7102,85,84,2019-04,2026-03,1.3003060025168638,1.1656657927026115,produccion,sorpresa_tpu_std,B,completa,0.079,0.254,
5,0.013013535424831196,0.315,-2.080698844784417,2.262062540380486,0.2656211699064348,7016,85,83,2019-04,2026-02,1.3013535424831195,1.1690170724470084,produccion,sorpresa_tpu_std,B,completa,0.079,0.254,
6,0.012943279378820198,0.386,-2.3093118117250553,2.3976207566886574,0.34363804665235087,6930,85,82,2019-04,2026-01,1.2943279378820198,1.3667644918104938,produccion,sorpresa_tpu_std,B,completa,0.079,0.254,
7,0.008649296586495553,0.582,-2.6182018371773323,2.5339308595524006,0.4785093720084719,6844,85,81,2019-04,2025-12,0.8649296586495553,1.2204418182441668,produccion,sorpresa_tpu_std,B,completa,0.079,0.254,
8,-0.006524322963996885,0.689,-2.949707533780701,2.6645869333399808,0.4738376062792128,6758,85,80,2019-04,2025-11,-0.6524322963996885,0.9109014997884776,produccion,sorpresa_tpu_std,B,completa,0.079,0.254,
9,0.0036613370106366055,0.833,-2.842897872405924,2.756333037810806,0.734256311028587,6672,85,79,2019-04,2025-10,0.36613370106366055,1.0785476939392453,produccion,sorpresa_tpu_std,B,completa,0.079,0.254,
10,-0.002685877871065738,0.884,-2.879409580537843,2.814346590331507,0.6896287181940578,6586,85,78,2019-04,2025-09,-0.26858778710657377,0.6725472672018684,produccion,sorpresa_tpu_std,B,completa,0.079,0.254,
11,-0.016360828915852672,0.38,-2.9342902605067738,3.0575686292448094,0.018420453272540212,6500,85,77,2019-04,2025-08,-1.6360828915852672,0.6941212576137842,produccion,sorpresa_tpu_std,B,completa,0.079,0.254,
12,-0.0123053329856656,0.485,-2.778545643593611,2.7978940614231465,0.1731836068764332,6414,85,76,2019-04,2025-07,-1.23053329856656,0.9034452442346503,produccion,sorpresa_tpu_std,B,completa,0.079,0.254,
-12,0.005152357906392739,0.155,-0.6227174896175043,0.6142809174397688,0.0013347323915876964,5066,85,60,2019-04,2026-07,0.5152357906392739,0.16058936954540387,produccion,sorpresa_tpu_std,B,sin pandemia,0.597,0.451,
-11,0.001549166264515643,0.62,-0.5503017208828865,0.49219472907571077,0.3766293010358306,5151,85,61,2019-04,2026-07,0.1549166264515643,0.17522048226906536,produccion,sorpresa_tpu_std,B,sin pandemia,0.597,0.451,
-10,0.0017677022809004378,0.555,-0.505491498226653,0.4989986932283154,0.16603342476292127,5236,85,62,2019-04,2026-07,0.17677022809004378,0.1276261946912406,produccion,sorpresa_tpu_std,B,sin pandemia,0.597,0.451,
-9,0.003237943797126136,0.269,-0.48008101915318624,0.4909726670185646,0.03968298504331065,5321,85,63,2019-04,2026-07,0.3237943797126136,0.1574083987424464,produccion,sorpresa_tpu_std,B,sin pandemia,0.597,0.451,
-8,-0.0018038778370449693,0.521,-0.4749302736978002,0.45775844074173366,0.016037397743448985,5406,85,64,2019-04,2026-07,-0.18038778370449693,0.07490989946193521,produccion,sorpresa_tpu_std,B,sin pandemia,0.597,0.451,
-7,0.0031379305155424734,0.272,-0.4388643279359774,0.44131237496421516,0.19105382491925182,5491,85,65,2019-04,2026-07,0.31379305155424736,0.24000056433737335,produccion,sorpresa_tpu_std,B,sin pandemia,0.597,0.451,
-6,0.0010059876682878917,0.731,-0.5319254594363249,0.467573497789043,0.42437369904617595,5577,85,66,2019-04,2026-07,0.10059876682878917,0.1259284777248291,produccion,sorpresa_tpu_std,B,sin pandemia,0.597,0.451,
-5,-0.0007330904128556347,0.786,-0.45531273228374425,0.4610591753254397,0.7592079605833967,5663,85,67,2019-04,2026-07,-0.07330904128556347,0.23916479150776615,produccion,sorpresa_tpu_std,B,sin pandemia,0.597,0.451,
0,0.001018248869636504,0.6,-0.31781648528472733,0.3232582053466828,0.5613102571345275,6000,85,71,2019-04,2026-07,0.10182488696365039,0.17528922770348437,produccion,sorpresa_tpu_std,B,sin pandemia,0.597,0.451,
1,0.00018665948989696115,0.925,-0.35353218939616676,0.37461585535533926,0.915699814542064,5830,85,69,2019-04,2026-06,0.018665948989696115,0.17634014479293825,produccion,sorpresa_tpu_std,B,sin pandemia,0.597,0.451,
2,0.0017183792293330872,0.526,-0.42177103795745935,0.4427770720476685,0.4862699088974993,5659,85,67,2019-04,2026-05,0.1718379229333087,0.24680357396616578,produccion,sorpresa_tpu_std,B,sin pandemia,0.597,0.451,
3,0.0032469052645217765,0.287,-0.48952136914843325,0.47345559671560694,0.13553403994384003,5488,85,65,2019-04,2026-04,0.32469052645217766,0.2175291296886687,produccion,sorpresa_tpu_std,B,sin pandemia,0.597,0.451,
4,0.0003463737663047771,0.9,-0.5020867224497017,0.502987298947919,0.7861784342416681,5319,85,63,2019-04,2026-03,0.03463737663047771,0.12768295724289552,produccion,sorpresa_tpu_std,B,sin pandemia,0.597,0.451,
5,0.002953108490085881,0.364,-0.5278228782878076,0.5150927755388024,0.19149808381071443,5148,85,61,2019-04,2026-02,0.2953108490085881,0.22609083376135478,produccion,sorpresa_tpu_std,B,sin pandemia,0.597,0.451,
6,0.0026290857962296844,0.363,-0.4772327450175883,0.4515061999193303,0.17867952634068263,4978,85,59,2019-04,2026-01,0.26290857962296843,0.19549549632882957,produccion,sorpresa_tpu_std,B,sin pandemia,0.597,0.451,
7,-0.0009661841842413045,0.737,-0.4774430142630951,0.4827087608382923,0.4592655232846268,4808,85,57,2019-04,2025-12,-0.09661841842413045,0.13055540733150628,produccion,sorpresa_tpu_std,B,sin pandemia,0.597,0.451,
8,-0.0017483253171436525,0.588,-0.5044612197017623,0.5157119658088418,0.5308405509741085,4638,85,55,2019-04,2025-11,-0.17483253171436525,0.2789628197384102,produccion,sorpresa_tpu_std,B,sin pandemia,0.597,0.451,
9,-0.005146402385890947,0.133,-0.5562797197625224,0.5879578768323085,0.000620393618950069,4468,85,53,2019-04,2025-10,-0.5146402385890947,0.15036800080490595,produccion,sorpresa_tpu_std,B,sin pandemia,0.597,0.451,
10,-0.005031759844427858,0.169,-0.5785605867484788,0.6244970394480401,0.0007789543292194952,4298,85,51,2019-04,2025-09,-0.5031759844427858,0.14974732416608083,produccion,sorpresa_tpu_std,B,sin pandemia,0.597,0.451,
11,-0.002954140901934687,0.423,-0.5939558389020831,0.660005051615853,0.21705496131058022,4128,85,49,2021-08,2025-08,-0.2954140901934687,0.2393185184651211,produccion,sorpresa_tpu_std,B,sin pandemia,0.597,0.451,
12,-0.006656351264275603,0.056,-0.5794346921510019,0.5850345829974863,4.9090529810964915e-05,4043,85,48,2021-08,2025-07,-0.6656351264275603,0.16395296072742677,produccion,sorpresa_tpu_std,B,sin pandemia,0.597,0.451,
-12,0.003172626169758518,0.225,-0.41585369071957395,0.4078628129253532,0.0033751351513559543,7447,85,88,2019-04,2026-07,0.3172626169758518,0.10823160984509254,empleo,sorpresa_tpu_std,B,completa,0.078,0.737,
-11,0.0034042964631995063,0.121,-0.3587251316661104,0.3609070667001199,2.439428736666323e-05,7447,85,88,2019-04,2026-07,0.34042964631995065,0.08066418762560018,empleo,sorpresa_tpu_std,B,completa,0.078,0.737,
-10,0.0033524589735194066,0.081,-0.3237617796694419,0.30320541469204076,7.513515339201274e-11,7447,85,88,2019-04,2026-07,0.33524589735194066,0.051496818139202455,empleo,sorpresa_tpu_std,B,completa,0.078,0.737,
-9,0.0034773471802150998,0.024,-0.27022891581630076,0.26407555622711354,2.7017367776702404e-09,7447,85,88,2019-04,2026-07,0.34773471802150996,0.058454945675967325,empleo,sorpresa_tpu_std,B,completa,0.078,0.737,
-8,0.0021350854770520924,0.125,-0.2236483895510696,0.23193816667149192,0.002039068311099069,7447,85,88,2019-04,2026-07,0.21350854770520925,0.06922022429296941,empleo,sorpresa_tpu_std,B,completa,0.078,0.737,
-7,0.0021963204189483776,0.05,-0.18191656614577473,0.18453329243580566,0.0006697933684104822,7447,85,88,2019-04,2026-07,0.21963204189483776,0.06456624651733664,empleo,sorpresa_tpu_std,B,completa,0.078,0.737,
-6,0.0011460064305875075,0.149,-0.12640369658519848,0.12822220021927916,0.016822132138870943,7447,85,88,2019-04,2026-07,0.11460064305875074,0.047938578697678674,empleo,sorpresa_tpu_std,B,completa,0.078,0.737,
-5,0.0004154195086926538,0.378,-0.07723703496417623,0.07911797982379569,0.17415225632933562,7447,85,88,2019-04,2026-07,0.04154195086926538,0.030568430905500453,empleo,sorpresa_tpu_std,B,completa,0.078,0.737,
0,-0.00021018466503936985,0.675,-0.08074137810825853,0.07913401512097558,0.5246048782393357,7447,85,88,2019-04,2026-07,-0.021018466503936985,0.03303423188934437,empleo,sorpresa_tpu_std,B,completa,0.078,0.737,
1,0.0004725254236214043,0.593,-0.1450697123582073,0.14492854965484225,0.5547065707286203,7362,85,87,2019-04,2026-06,0.04725254236214043,0.07999114026925827,empleo,sorpresa_tpu_std,B,completa,0.078,0.737,
2,0.0003760738912934036,0.79,-0.2235924911437796,0.2241164237929766,0.8048642317313293,7277,85,86,2019-04,2026-05,0.03760738912934036,0.1522216039559973,empleo,sorpresa_tpu_std,B,completa,0.078,0.737,
3,0.0010576073060949806,0.579,-0.3244149717686337,0.28491968660320055,0.6197255696349682,7192,85,85,2019-04,2026-04,0.10576073060949806,0.21312444522053714,empleo,sorpresa_tpu_std,B,completa,0.078,0.737,
4,0.0008300309582857667,0.727,-0.3916992964343796,0.3633207988100044,0.7268469251899936,7107,85,84,2019-04,2026-03,0.08300309582857666,0.23761139385212396,empleo,sorpresa_tpu_std,B,completa,0.078,0.737,
5,0.0004015666950808374,0.903,-0.4528638967562949,0.4535212811138869,0.8894071121126828,7022,85,83,2019-04,2026-02,0.04015666950808374,0.2887837524620709,empleo,sorpresa_tpu_std,B,completa,0.078,0.737,
6,0.0001457976176791443,0.965,-0.539152946440315,0.5295324986724218,0.9634377804805715,6937,85,82,2019-04,2026-01,0.01457976176791443,0.31805766122891144,empleo,sorpresa_tpu_std,B,completa,0.078,0.737,
7,-0.0008009316759004331,0.834,-0.6362714696370018,0.6323503776224472,0.8186810083572625,6852,85,81,2019-04,2025-12,-0.08009316759004331,0.3493829560725311,empleo,sorpresa_tpu_std,B,completa,0.078,0.737,
8,-0.0021438439630005164,0.616,-0.7149536739576978,0.7208148200634992,0.5899870963512717,6767,85,80,2019-04,2025-11,-0.21438439630005166,0.39785193408837394,empleo,sorpresa_tpu_std,B,completa,0.078,0.737,
9,-0.0014177032068574996,0.766,-0.773874146555522,0.7969824377664256,0.7064192801735567,6682,85,79,2019-04,2025-10,-0.14177032068574996,0.37637861640954506,empleo,sorpresa_tpu_std,B,completa,0.078,0.737,
10,-0.003094943807244348,0.556,-0.8430954552219613,0.8691231094651805,0.3318592859439602,6597,85,78,2019-04,2025-09,-0.3094943807244348,0.3189428584332706,empleo,sorpresa_tpu_std,B,completa,0.078,0.737,
11,-0.0051765586729966406,0.373,-0.8750969919635849,0.930691995502271,0.14848212380331555,6512,85,77,2019-04,2025-08,-0.5176558672996641,0.35826074759055077,empleo,sorpresa_tpu_std,B,completa,0.078,0.737,
12,-0.00537636372977155,0.391,-0.9002517145680329,0.9631580515173422,0.11891248683315814,6427,85,76,2019-04,2025-07,-0.5376363729771549,0.34478135352384337,empleo,sorpresa_tpu_std,B,completa,0.078,0.737,
-12,0.002318519723963611,0.393,-0.4324549725686695,0.4274332962874076,0.005689735083589115,5077,85,60,2019-04,2026-07,0.2318519723963611,0.08384800855589905,empleo,sorpresa_tpu_std,B,sin pandemia,0.475,0.749,
-11,0.0020767033989338994,0.397,-0.38013382221183983,0.3902819580761167,0.013522400319106405,5161,85,61,2019-04,2026-07,0.20767033989338995,0.08408705745442092,empleo,sorpresa_tpu_std,B,sin pandemia,0.475,0.749,
-10,0.001911642311699002,0.357,-0.3308986924589648,0.3179075162996357,0.00027002217917905926,5245,85,62,2019-04,2026-07,0.1911642311699002,0.05248186453481496,empleo,sorpresa_tpu_std,B,sin pandemia,0.475,0.749,
-9,0.0013569711900773805,0.453,-0.2728771479060397,0.2710224656189223,0.002431902488963759,5329,85,63,2019-04,2026-07,0.13569711900773804,0.044759589076831134,empleo,sorpresa_tpu_std,B,sin pandemia,0.475,0.749,
-8,0.0009486672341485362,0.51,-0.22782440433260165,0.2162210625687986,0.02639387023206407,5413,85,64,2019-04,2026-07,0.09486672341485362,0.04272569649928302,empleo,sorpresa_tpu_std,B,sin pandemia,0.475,0.749,
-7,0.0014555591791707997,0.174,-0.1729572672262762,0.17061868719758597,7.346015178167907e-06,5497,85,65,2019-04,2026-07,0.14555591791707997,0.03246546057376307,empleo,sorpresa_tpu_std,B,sin pandemia,0.475,0.749,
-6,0.00037656690116879166,0.668,-0.13214651156184595,0.12576826165136318,0.44691501544718315,5581,85,66,2019-04,2026-07,0.037656690116879166,0.04951125983384425,empleo,sorpresa_tpu_std,B,sin pandemia,0.475,0.749,
-5,0.00012713133653366056,0.804,-0.08535805602375958,0.08241689810443736,0.5397854303424303,5665,85,67,2019-04,2026-07,0.012713133653366055,0.020734555911557692,empleo,sorpresa_tpu_std,B,sin pandemia,0.475,0.749,
0,-0.00035716238861719567,0.44,-0.07409958648893726,0.0690059953947056,0.20526377566632592,6002,85,71,2019-04,2026-07,-0.03571623886171957,0.028196363077264346,empleo,sorpresa_tpu_std,B,sin pandemia,0.475,0.749,
1,-0.00011858602796637816,0.859,-0.11545687469936895,0.10805074386667629,0.7800836152852623,5832,85,69,2019-04,2026-06,-0.011858602796637816,0.04247197370825973,empleo,sorpresa_tpu_std,B,sin pandemia,0.475,0.749,
2,0.0004854582328475827,0.596,-0.15280669763492008,0.14016499042317832,0.4110493874994491,5662,85,67,2019-04,2026-05,0.048545823284758274,0.059054706573505096,empleo,sorpresa_tpu_std,B,sin pandemia,0.475,0.749,
3,0.0009575662665430663,0.408,-0.1956709342402011,0.18441283091581648,0.08947496898876718,5492,85,65,2019-04,2026-04,0.09575662665430663,0.0563880023134329,empleo,sorpresa_tpu_std,B,sin pandemia,0.475,0.749,
4,0.00064751054328353,0.628,-0.21530255380272437,0.21393071540316383,0.25685266209195046,5322,85,63,2019-04,2026-03,0.064751054328353,0.05710667143745336,empleo,sorpresa_tpu_std,B,sin pandemia,0.475,0.749,
5,0.0012452877054634774,0.416,-0.23691251944189498,0.2403147748476495,0.0180954223075974,5152,85,61,2019-04,2026-02,0.12452877054634774,0.05268472738341562,empleo,sorpresa_tpu_std,B,sin pandemia,0.475,0.749,
6,-0.00010798336697921194,0.951,-0.25778287696714014,0.25709466642007456,0.8424895719081619,4982,85,59,2019-04,2026-01,-0.010798336697921193,0.054342180396481796,empleo,sorpresa_tpu_std,B,sin pandemia,0.475,0.749,
7,-0.0007454393979116676,0.672,-0.28586815059801046,0.2924392042232823,0.44576757086846364,4812,85,57,2019-04,2025-12,-0.07454393979116676,0.09776381788808675,empleo,sorpresa_tpu_std,B,sin pandemia,0.475,0.749,
8,-0.0019588515201027935,0.343,-0.3146702644673216,0.32447636266649466,0.007058697018905454,4642,85,55,2019-04,2025-11,-0.19588515201027934,0.07270995635225778,empleo,sorpresa_tpu_std,B,sin pandemia,0.475,0.749,
9,-0.0008585164419572822,0.685,-0.34224669531762136,0.34673990478753386,0.5075932019031429,4472,85,53,2019-04,2025-10,-0.08585164419572822,0.12956979329828103,empleo,sorpresa_tpu_std,B,sin pandemia,0.475,0.749,
10,-0.000794858563794244,0.723,-0.3503803384150316,0.3423033480464429,0.4973646492574286,4302,85,51,2019-04,2025-09,-0.0794858563794244,0.11712485013362543,empleo,sorpresa_tpu_std,B,sin pandemia,0.475,0.749,
11,-0.002430707295476704,0.257,-0.33613645896130157,0.34271771610005863,0.039511410567652464,4132,85,49,2021-08,2025-08,-0.24307072954767042,0.11806308363080753,empleo,sorpresa_tpu_std,B,sin pandemia,0.475,0.749,
12,-0.0004362995127206926,0.827,-0.30517358532385225,0.3081722562353886,0.70931500811126,4047,85,48,2021-08,2025-07,-0.043629951272069256,0.11704059902195488,empleo,sorpresa_tpu_std,B,sin pandemia,0.475,0.749,
-12,0.009237245925866245,0.043,-0.78851289462485,0.7426828085905994,0.007173327341534792,7447,85,88,2019-04,2026-07,0.9237245925866244,0.3435595137798833,horas,sorpresa_tpu_std,B,completa,0.078,0.34,
-11,0.009784368133443239,0.065,-0.8657256289267328,0.8424617432301461,0.004398032771468329,7447,85,88,2019-04,2026-07,0.9784368133443239,0.34353951317805714,horas,sorpresa_tpu_std,B,completa,0.078,0.34,
-10,0.01130399988527623,0.061,-1.0487688816668639,1.009779345543589,0.08431797069143984,7447,85,88,2019-04,2026-07,1.130399988527623,0.6548625739504457,horas,sorpresa_tpu_std,B,completa,0.078,0.34,
-9,0.015980224146941932,0.016,-1.0506532486491407,1.0275742876084712,0.02286676024789577,7447,85,88,2019-04,2026-07,1.5980224146941933,0.7022257378959127,horas,sorpresa_tpu_std,B,completa,0.078,0.34,
-8,0.0020065922920525854,0.736,-1.003736330986412,0.9485857197946691,0.42314045335598904,7447,85,88,2019-04,2026-07,0.20065922920525855,0.25051565599468595,horas,sorpresa_tpu_std,B,completa,0.078,0.34,
-7,0.0011677200989295374,0.832,-0.9261972069613393,0.9214969978458578,0.5620098307537927,7447,85,88,2019-04,2026-07,0.11677200989295375,0.20138007173512865,horas,sorpresa_tpu_std,B,completa,0.078,0.34,
-6,0.002766540297877769,0.594,-0.926114494430412,0.9052425211838669,0.17887670339276907,7447,85,88,2019-04,2026-07,0.27665402978777687,0.20580982123829822,horas,sorpresa_tpu_std,B,completa,0.078,0.34,
-5,0.0019480245724426682,0.632,-0.7387891883790427,0.7176776977543166,0.5291578576925955,7447,85,88,2019-04,2026-07,0.1948024572442668,0.3095580963082058,horas,sorpresa_tpu_std,B,completa,0.078,0.34,
0,0.0019383698779465335,0.538,-0.5612249742803327,0.530043596802911,0.2792231560669899,7447,85,88,2019-04,2026-07,0.19383698779465336,0.17913599465569188,horas,sorpresa_tpu_std,B,completa,0.078,0.34,
1,0.008981547879101623,0.094,-0.8775503280350381,0.8651541411601374,0.11803483260133442,7362,85,87,2019-04,2026-06,0.8981547879101622,0.574607417194172,horas,sorpresa_tpu_std,B,completa,0.078,0.34,
2,0.01214076497677384,0.081,-1.151428153327466,1.1382087118623265,0.18256918829693847,7277,85,86,2019-04,2026-05,1.2140764976773841,0.9108629068515225,horas,sorpresa_tpu_std,B,completa,0.078,0.34,
3,0.013297300721639559,0.059,-1.1979758876294517,1.1420137221986082,0.1588726023966588,7192,85,85,2019-04,2026-04,1.3297300721639558,0.9438250873397577,horas,sorpresa_tpu_std,B,completa,0.078,0.34,
4,0.005626675897898646,0.44,-1.1787998798178283,1.2490780962779888,0.43825523242525244,7107,85,84,2019-04,2026-03,0.5626675897898646,0.7258888649037983,horas,sorpresa_tpu_std,B,completa,0.078,0.34,
5,0.007605764320947177,0.352,-1.2994421731237087,1.379440219894017,0.371119205974312,7022,85,83,2019-04,2026-02,0.7605764320947177,0.8503962301256586,horas,sorpresa_tpu_std,B,completa,0.078,0.34,
6,0.008997766305741844,0.331,-1.484215226391402,1.5018456120693502,0.30994361817288996,6937,85,82,2019-04,2026-01,0.8997766305741844,0.8861822872109697,horas,sorpresa_tpu_std,B,completa,0.078,0.34,
7,0.005053387956857594,0.613,-1.7322973495813527,1.6407208585758737,0.5627278971925941,6852,85,81,2019-04,2025-12,0.5053387956857595,0.8730885766423632,horas,sorpresa_tpu_std,B,completa,0.078,0.34,
8,-0.0037127756018625513,0.729,-1.9662772841664498,1.7273483402049452,0.5977011142758965,6767,85,80,2019-04,2025-11,-0.37127756018625513,0.7035645515885066,horas,sorpresa_tpu_std,B,completa,0.078,0.34,
9,0.0059260943791280005,0.605,-1.8175814509569181,1.8349890175994321,0.48192827464393784,6682,85,79,2019-04,2025-10,0.5926094379128001,0.8427269492367702,horas,sorpresa_tpu_std,B,completa,0.078,0.34,
10,-0.003648207525634901,0.759,-1.9072320728456063,1.8405526455238357,0.44429304001072034,6597,85,78,2019-04,2025-09,-0.3648207525634901,0.47691237645711476,horas,sorpresa_tpu_std,B,completa,0.078,0.34,
11,-0.009911211394724813,0.417,-1.9262574786421196,1.9160160089513458,0.030632647369785635,6512,85,77,2019-04,2025-08,-0.9911211394724814,0.4584677132112822,horas,sorpresa_tpu_std,B,completa,0.078,0.34,
12,-0.00735419928726179,0.533,-1.8768109981794407,1.8311198986007269,0.305239579414855,6427,85,76,2019-04,2025-07,-0.735419928726179,0.7172995065369515,horas,sorpresa_tpu_std,B,completa,0.078,0.34,
-12,0.001844795015424368,0.56,-0.4975384239584571,0.48230507759754954,0.0910448718176772,5077,85,60,2019-04,2026-07,0.18447950154243678,0.10916517982629016,horas,sorpresa_tpu_std,B,sin pandemia,0.83,0.389,
-11,0.0011573855059714476,0.725,-0.5249728397622462,0.48810819165721997,0.45354982847754655,5161,85,61,2019-04,2026-07,0.11573855059714476,0.1544189390629836,horas,sorpresa_tpu_std,B,sin pandemia,0.83,0.389,
-10,-0.0004661853770069779,0.89,-0.46519393888296046,0.4348240529560084,0.7275230751624432,5245,85,62,2019-04,2026-07,-0.04661853770069779,0.1337989584618922,horas,sorpresa_tpu_std,B,sin pandemia,0.83,0.389,
-9,0.002466955410947887,0.324,-0.4208042417435021,0.41834867449507523,0.014310762573499135,5329,85,63,2019-04,2026-07,0.24669554109478872,0.10071808764481573,horas,sorpresa_tpu_std,B,sin pandemia,0.83,0.389,
-8,-0.0015658259716756638,0.511,-0.3846273230015904,0.3365296426049553,0.045054222627951425,5413,85,64,2019-04,2026-07,-0.1565825971675664,0.07812926349386895,horas,sorpresa_tpu_std,B,sin pandemia,0.83,0.389,
-7,9.449634222383893e-05,0.967,-0.37652525245584534,0.33137692657886697,0.9685166282256131,5497,85,65,2019-04,2026-07,0.009449634222383893,0.2394203587241894,horas,sorpresa_tpu_std,B,sin pandemia,0.83,0.389,
-6,0.0005425127091573576,0.818,-0.4242603159425958,0.36830307963325737,0.7394335540077456,5581,85,66,2019-04,2026-07,0.05425127091573576,0.1631109136057025,horas,sorpresa_tpu_std,B,sin pandemia,0.83,0.389,
-5,-0.0019667208729820624,0.321,-0.32654201426777896,0.30667713394033796,0.22497014776740998,5665,85,67,2019-04,2026-07,-0.19667208729820623,0.1620811045199311,horas,sorpresa_tpu_std,B,sin pandemia,0.83,0.389,
0,-0.0008416925823747806,0.639,-0.30081221297818866,0.31699874485246243,0.47151784560032506,6002,85,71,2019-04,2026-07,-0.08416925823747806,0.11689986209828522,horas,sorpresa_tpu_std,B,sin pandemia,0.83,0.389,
1,-0.0019191751580776917,0.223,-0.26637416211532905,0.24700705129185765,0.010583280665072215,5832,85,69,2019-04,2026-06,-0.19191751580776917,0.07508024224971628,horas,sorpresa_tpu_std,B,sin pandemia,0.83,0.389,
2,0.00022047602352011025,0.917,-0.3127043598209252,0.33129731567477694,0.8887397395656839,5662,85,67,2019-04,2026-05,0.022047602352011024,0.15759649470222983,horas,sorpresa_tpu_std,B,sin pandemia,0.83,0.389,
3,0.0004513687609468053,0.859,-0.4108643995980748,0.35649296299663674,0.7805752730950339,5492,85,65,2019-04,2026-04,0.045136876094680534,0.16203097214089235,horas,sorpresa_tpu_std,B,sin pandemia,0.83,0.389,
4,-0.0028258388629780304,0.151,-0.3249926196838177,0.31678880126310804,0.0006450789452135959,5322,85,63,2019-04,2026-03,-0.28258388629780307,0.08282262912318682,horas,sorpresa_tpu_std,B,sin pandemia,0.83,0.389,
5,0.002746192783699562,0.216,-0.35385408910342664,0.36935836027462443,0.025901919703653662,5152,85,61,2019-04,2026-02,0.2746192783699562,0.12327595778510991,horas,sorpresa_tpu_std,B,sin pandemia,0.83,0.389,
6,0.0012257886923875186,0.61,-0.43067297849382813,0.36771650396021793,0.2920002679791297,4982,85,59,2019-04,2026-01,0.12257886923875186,0.11632702265724926,horas,sorpresa_tpu_std,B,sin pandemia,0.83,0.389,
7,-0.0022622078059418285,0.242,-0.31846696807128355,0.31507667063969763,0.0036451619354012457,4812,85,57,2019-04,2025-12,-0.22622078059418285,0.07781021222965506,horas,sorpresa_tpu_std,B,sin pandemia,0.83,0.389,
8,-0.0010188534735189837,0.668,-0.3764751082407222,0.40553072149953395,0.6245641060748799,4642,85,55,2019-04,2025-11,-0.10188534735189837,0.20818754719298355,horas,sorpresa_tpu_std,B,sin pandemia,0.83,0.389,
9,-0.0015636779426338632,0.56,-0.4849618523794679,0.4703356761239455,0.05589931010790148,4472,85,53,2019-04,2025-10,-0.15636779426338632,0.08179002725215452,horas,sorpresa_tpu_std,B,sin pandemia,0.83,0.389,
10,-0.004985849178316057,0.05,-0.39879701560368375,0.4269670350845041,1.4031794590967593e-08,4302,85,51,2019-04,2025-09,-0.4985849178316057,0.08788734133344715,horas,sorpresa_tpu_std,B,sin pandemia,0.83,0.389,
11,-0.0015450923756488379,0.672,-0.5628621367063009,0.5698710545044567,0.43146453589140743,4132,85,49,2021-08,2025-08,-0.15450923756488377,0.19640472383418076,horas,sorpresa_tpu_std,B,sin pandemia,0.83,0.389,
12,-0.004011837806333521,0.261,-0.6079799360690362,0.6151725414712669,5.201592174835477e-06,4047,85,48,2021-08,2025-07,-0.4011837806333521,0.08804670383559127,horas,sorpresa_tpu_std,B,sin pandemia,0.83,0.389,
-12,0.006642021598642611,0.682,-0.976219470463107,1.0952600465058666,0.2674626024277791,7436,85,88,2019-04,2026-07,0.30539967498527293,0.2754015971829541,produccion,sorpresa_tpu_oos_std,A,completa,0.811,0.002,sorpresa fuera de muestra
-11,0.0028970548637958417,0.833,-1.045730380620219,1.0854741023398369,0.5882891503800018,7437,85,88,2019-04,2026-07,0.13320637409528555,0.24607834284070085,produccion,sorpresa_tpu_oos_std,A,completa,0.811,0.002,sorpresa fuera de muestra
-10,0.005583007994744948,0.685,-0.9738984843921954,1.1154310364020155,0.38779528251533546,7438,85,88,2019-04,2026-07,0.25670630571025815,0.29724364096131706,produccion,sorpresa_tpu_oos_std,A,completa,0.811,0.002,sorpresa fuera de muestra
-9,0.010550714752839923,0.437,-0.9791964755443955,1.0075971191380804,0.09980382105780466,7439,85,88,2019-04,2026-07,0.4851211048512903,0.2947621218141733,produccion,sorpresa_tpu_oos_std,A,completa,0.811,0.002,sorpresa fuera de muestra
-8,-0.011258092162753499,0.394,-1.0040359121565965,0.9527052861064175,0.09332254999275351,7440,85,88,2019-04,2026-07,-0.5176462672391512,0.30846690885693856,produccion,sorpresa_tpu_oos_std,A,completa,0.811,0.002,sorpresa fuera de muestra
-7,0.0010739536490393866,0.944,-0.916731013838657,0.9039903710296281,0.8733029387529495,7441,85,88,2019-04,2026-07,0.04938031147518473,0.3096633844487285,produccion,sorpresa_tpu_oos_std,A,completa,0.811,0.002,sorpresa fuera de muestra
-6,0.006787502306600241,0.511,-0.8061945017607,0.8080460014452036,0.35422651292952656,7443,85,88,2019-04,2026-07,0.31208886746485887,0.33687535075157554,produccion,sorpresa_tpu_oos_std,A,completa,0.811,0.002,sorpresa fuera de muestra
-5,0.005198106906579387,0.515,-0.6460537645684764,0.6509114432100171,0.36103891749909245,7445,85,88,2019-04,2026-07,0.23900858138318534,0.26167278521492016,produccion,sorpresa_tpu_oos_std,A,completa,0.811,0.002,sorpresa fuera de muestra
0,0.010365115471752152,0.212,-0.6182971557675724,0.6122045364902283,0.15340804783603246,7445,85,88,2019-04,2026-07,0.47658726326708206,0.333838925828315,produccion,sorpresa_tpu_oos_std,A,completa,0.811,0.002,sorpresa fuera de muestra
1,0.026504982030073416,0.02,-0.8134863209367537,0.8142632622409727,6.910395757558621e-05,7359,85,87,2019-04,2026-06,1.2186971658040329,0.3062553382127409,produccion,sorpresa_tpu_oos_std,A,completa,0.811,0.002,sorpresa fuera de muestra
2,0.040339861885908414,0.0,-0.9304637447563383,0.9186073889895762,5.4308907978771944e-05,7273,85,86,2019-04,2026-05,1.8548239456831859,0.45953970295964797,produccion,sorpresa_tpu_oos_std,A,completa,0.811,0.002,sorpresa fuera de muestra
3,0.04393852641419299,0.0,-1.0642068331840946,1.031356657332016,7.53756363619703e-06,7187,85,85,2019-04,2026-04,2.020290281646884,0.4511676367226282,produccion,sorpresa_tpu_oos_std,A,completa,0.811,0.002,sorpresa fuera de muestra
4,0.027393109095185907,0.063,-1.1136367529232003,1.150604761971392,0.000999616743333322,7102,85,84,2019-04,2026-03,1.2595331843268285,0.38276300658142987,produccion,sorpresa_tpu_oos_std,A,completa,0.811,0.002,sorpresa fuera de muestra
5,0.04691751283560399,0.006,-1.2300486980233105,1.2081796568363998,6.835445561995199e-07,7016,85,83,2019-04,2026-02,2.157263862863541,0.4344083528452123,produccion,sorpresa_tpu_oos_std,A,completa,0.811,0.002,sorpresa fuera de muestra
6,0.038520440652466605,0.016,-1.339900687905116,1.2662973533770931,6.236395118428164e-07,6930,85,82,2019-04,2026-01,1.771167088339032,0.35538849749734225,produccion,sorpresa_tpu_oos_std,A,completa,0.811,0.002,sorpresa fuera de muestra
7,0.028098533644067787,0.1,-1.3328591249553698,1.2386017473891804,0.003726779345617818,6844,85,81,2019-04,2025-12,1.291968554305027,0.44544382091299883,produccion,sorpresa_tpu_oos_std,A,completa,0.811,0.002,sorpresa fuera de muestra
8,0.024597637946235484,0.161,-1.3160144563270582,1.3115127579415273,0.004307239052313528,6758,85,80,2019-04,2025-11,1.1309976221277174,0.39618268072772955,produccion,sorpresa_tpu_oos_std,A,completa,0.811,0.002,sorpresa fuera de muestra
9,0.03144606515042088,0.083,-1.3963092252562161,1.2743064040624215,0.026416126452921625,6672,85,79,2019-04,2025-10,1.4458878119979144,0.6512894010246817,produccion,sorpresa_tpu_oos_std,A,completa,0.811,0.002,sorpresa fuera de muestra
10,0.040076423436305526,0.03,-1.4056127824686717,1.3991354700171297,0.0014632840551496722,6586,85,78,2019-04,2025-09,1.8427110647338392,0.5791286640442826,produccion,sorpresa_tpu_oos_std,A,completa,0.811,0.002,sorpresa fuera de muestra
11,0.04303385014238979,0.029,-1.5119531078318507,1.528444282138527,7.551278706311256e-06,6500,85,77,2019-04,2025-08,1.9786933317917306,0.4419165905565671,produccion,sorpresa_tpu_oos_std,A,completa,0.811,0.002,sorpresa fuera de muestra
12,0.0412327734904632,0.041,-1.5917741068759317,1.637112586664169,0.0003839109171726736,6414,85,76,2019-04,2025-07,1.8958799569851272,0.5339147828444047,produccion,sorpresa_tpu_oos_std,A,completa,0.811,0.002,sorpresa fuera de muestra
-12,0.014286498381016484,0.212,-0.8190639697027012,0.904771012213804,0.058890154103266694,5066,85,60,2019-04,2026-07,0.6568921671576197,0.34774368511575143,produccion,sorpresa_tpu_oos_std,A,sin pandemia,0.559,0.044,sorpresa fuera de muestra
-11,0.008505651224454949,0.513,-0.9890579228401282,0.9338103468933515,0.30830739085957526,5151,85,61,2019-04,2026-07,0.39108923102831983,0.3838799399984495,produccion,sorpresa_tpu_oos_std,A,sin pandemia,0.559,0.044,sorpresa fuera de muestra
-10,0.0015709638975659106,0.91,-0.9424411529509761,0.8612301683089085,0.8569894903642872,5236,85,62,2019-04,2026-07,0.07223280692557138,0.40083079150480805,produccion,sorpresa_tpu_oos_std,A,sin pandemia,0.559,0.044,sorpresa fuera de muestra
-9,0.013077435855862603,0.244,-0.827012053301123,0.900321607376297,0.11729173672023473,5321,85,63,2019-04,2026-07,0.6012995592843888,0.3839120459945836,produccion,sorpresa_tpu_oos_std,A,sin pandemia,0.559,0.044,sorpresa fuera de muestra
-8,-0.0008164883217198794,0.951,-0.9263017237262542,0.912811105780296,0.9179759522862546,5406,85,64,2019-04,2026-07,-0.0375420742584579,0.3645440467528566,produccion,sorpresa_tpu_oos_std,A,sin pandemia,0.559,0.044,sorpresa fuera de muestra
-7,0.006836644078320077,0.539,-0.8349715401924016,0.85294464380393,0.09293765556611633,5491,85,65,2019-04,2026-07,0.314348402591108,0.18710088988339113,produccion,sorpresa_tpu_oos_std,A,sin pandemia,0.559,0.044,sorpresa fuera de muestra
-6,0.011717038659957213,0.285,-0.7959715091062358,0.7848338106654711,0.029412525898505525,5577,85,66,2019-04,2026-07,0.538748594143702,0.24736921634658685,produccion,sorpresa_tpu_oos_std,A,sin pandemia,0.559,0.044,sorpresa fuera de muestra
-5,0.006627130401956445,0.465,-0.6640370782346697,0.6711931456083562,0.3172659228473408,5663,85,67,2019-04,2026-07,0.30471497883357324,0.30468690705682777,produccion,sorpresa_tpu_oos_std,A,sin pandemia,0.559,0.044,sorpresa fuera de muestra
0,0.006814560231286097,0.443,-0.6620964317949287,0.6579842944124366,0.4255352455371503,6000,85,71,2019-04,2026-07,0.3133329888941727,0.3932120487097644,produccion,sorpresa_tpu_oos_std,A,sin pandemia,0.559,0.044,sorpresa fuera de muestra
1,0.01745455762715155,0.123,-0.8218042137318314,0.8726135383778424,0.010184897140440586,5830,85,69,2019-04,2026-06,0.8025593032448411,0.3123421314831665,produccion,sorpresa_tpu_oos_std,A,sin pandemia,0.559,0.044,sorpresa fuera de muestra
2,0.03060263734743303,0.014,-0.928323478233658,0.9313876225081343,0.0004969614415673975,5659,85,67,2019-04,2026-05,1.407107062329971,0.40406373742822754,produccion,sorpresa_tpu_oos_std,A,sin pandemia,0.559,0.044,sorpresa fuera de muestra
3,0.037065649311359194,0.011,-1.128209006320968,1.0826442971543788,4.4124997299763876e-05,5488,85,65,2019-04,2026-04,1.704275887196839,0.41722931005788294,produccion,sorpresa_tpu_oos_std,A,sin pandemia,0.559,0.044,sorpresa fuera de muestra
4,0.014398498650357206,0.351,-1.1293073386686894,1.1098309545542915,0.04251765910713444,5319,85,63,2019-04,2026-03,0.6620419314796613,0.3263834703480615,produccion,sorpresa_tpu_oos_std,A,sin pandemia,0.559,0.044,sorpresa fuera de muestra
5,0.03565882232494729,0.014,-1.105843062259075,1.1541128442684396,0.001635314706924679,5148,85,61,2019-04,2026-02,1.639590083630872,0.5205819172833722,produccion,sorpresa_tpu_oos_std,A,sin pandemia,0.559,0.044,sorpresa fuera de muestra
6,0.02007887055105127,0.167,-1.0827538637697942,1.1030721000191608,0.0496296432535365,4978,85,59,2019-04,2026-01,0.9232250225768012,0.4702792197606536,produccion,sorpresa_tpu_oos_std,A,sin pandemia,0.559,0.044,sorpresa fuera de muestra
7,0.0034717214698010337,0.789,-0.9813156664055646,0.9445783397992593,0.5893243171245075,4808,85,57,2019-04,2025-12,0.15962950327251407,0.2957112580916492,produccion,sorpresa_tpu_oos_std,A,sin pandemia,0.559,0.044,sorpresa fuera de muestra
8,0.0015451093409402197,0.872,-0.7226757683683236,0.7801368059512453,0.7991751011166659,4638,85,55,2019-04,2025-11,0.07104401627304054,0.2792448004607295,produccion,sorpresa_tpu_oos_std,A,sin pandemia,0.559,0.044,sorpresa fuera de muestra
9,-0.01057358054328275,0.253,-0.6436029229975049,0.704920859606377,0.000268285874278219,4468,85,53,2019-04,2025-10,-0.4861724722498768,0.13341207575548156,produccion,sorpresa_tpu_oos_std,A,sin pandemia,0.559,0.044,sorpresa fuera de muestra
10,0.004129083230756039,0.695,-0.7987962635689403,0.7608581519108556,0.30197777460537867,4298,85,51,2019-04,2025-09,0.1898549497215941,0.18393207745922824,produccion,sorpresa_tpu_oos_std,A,sin pandemia,0.559,0.044,sorpresa fuera de muestra
11,0.01831459706865487,0.085,-0.8056704997237039,0.8078500945740155,0.0006202887986344769,4128,85,49,2021-08,2025-08,0.8421038548559511,0.24604328254756092,produccion,sorpresa_tpu_oos_std,A,sin pandemia,0.559,0.044,sorpresa fuera de muestra
12,0.005303763725340394,0.679,-0.902669040536737,0.9348900236620521,0.48179500868112135,4043,85,48,2021-08,2025-07,0.2438666743041996,0.3466879103232579,produccion,sorpresa_tpu_oos_std,A,sin pandemia,0.559,0.044,sorpresa fuera de muestra
-12,-0.0012761925886669732,0.695,-0.2521559793544833,0.26687152725606006,0.4648863764373131,7447,85,88,2019-04,2026-07,-0.05867924336126192,0.08029184291943145,empleo,sorpresa_tpu_oos_std,A,completa,0.744,0.508,sorpresa fuera de muestra
-11,-0.001876616363881912,0.55,-0.2272985992663964,0.22972442690831826,0.35117518729542374,7447,85,88,2019-04,2026-07,-0.08628668532464652,0.09255127437530133,empleo,sorpresa_tpu_oos_std,A,completa,0.744,0.508,sorpresa fuera de muestra
-10,-0.0005501099127124644,0.841,-0.19783957382136777,0.2038291136039824,0.7072612019492868,7447,85,88,2019-04,2026-07,-0.02529401418732172,0.06735426947550183,empleo,sorpresa_tpu_oos_std,A,completa,0.744,0.508,sorpresa fuera de muestra
-9,0.0004654803721678031,0.84,-0.1703341190667226,0.18201428547264814,0.7163208966244086,7447,85,88,2019-04,2026-07,0.02140275400506418,0.05889906629177418,empleo,sorpresa_tpu_oos_std,A,completa,0.744,0.508,sorpresa fuera de muestra
-8,0.0007863594664701167,0.682,-0.14583621953429735,0.1446923497532672,0.37770638657347433,7447,85,88,2019-04,2026-07,0.03615675166287401,0.04098799752609124,empleo,sorpresa_tpu_oos_std,A,completa,0.744,0.508,sorpresa fuera de muestra
-7,-0.0021932344771402124,0.174,-0.13038064359414314,0.11711285545459595,0.006012990523778284,7447,85,88,2019-04,2026-07,-0.10084476338077573,0.036709907091427824,empleo,sorpresa_tpu_oos_std,A,completa,0.744,0.508,sorpresa fuera de muestra
-6,0.0006677716286194123,0.6,-0.1040828758966418,0.09892913408198536,0.5352083960884306,7447,85,88,2019-04,2026-07,0.030704091414943954,0.04951673641348029,empleo,sorpresa_tpu_oos_std,A,completa,0.744,0.508,sorpresa fuera de muestra
-5,0.0001247326761546132,0.912,-0.0758556650344387,0.07501872747723656,0.8374353045256406,7447,85,88,2019-04,2026-07,0.005735199470812784,0.02795270387529763,empleo,sorpresa_tpu_oos_std,A,completa,0.744,0.508,sorpresa fuera de muestra
0,0.00028039838484194754,0.77,-0.06832810694769575,0.0740027152296726,0.7353264644968545,7447,85,88,2019-04,2026-07,0.012892697550791865,0.03813857688758304,empleo,sorpresa_tpu_oos_std,A,completa,0.744,0.508,sorpresa fuera de muestra
1,0.002585134194556829,0.071,-0.1020550493383651,0.1100719061484823,0.004337919485922561,7362,85,87,2019-04,2026-06,0.11886428417702165,0.04167046856253338,empleo,sorpresa_tpu_oos_std,A,completa,0.744,0.508,sorpresa fuera de muestra
2,0.0022869492790016325,0.278,-0.1524182102900646,0.15312876536484302,0.20884689083551666,7277,85,86,2019-04,2026-05,0.10515376322438298,0.08367168507401194,empleo,sorpresa_tpu_oos_std,A,completa,0.744,0.508,sorpresa fuera de muestra
3,0.0020254424070275715,0.458,-0.20432605507569962,0.18761085829949564,0.40956798248132087,7192,85,85,2019-04,2026-04,0.09312969607536695,0.1129318256828451,empleo,sorpresa_tpu_oos_std,A,completa,0.744,0.508,sorpresa fuera de muestra
4,0.0025499506044710557,0.438,-0.22944027097688244,0.22772162152858175,0.3748248260359299,7107,85,84,2019-04,2026-03,0.1172465452375388,0.13211294907875837,empleo,sorpresa_tpu_oos_std,A,completa,0.744,0.508,sorpresa fuera de muestra
5,0.0015294383329102945,0.697,-0.29145382178908086,0.2705474924184847,0.6431899435002885,7022,85,83,2019-04,2026-02,0.07032346445188885,0.15180674212730877,empleo,sorpresa_tpu_oos_std,A,completa,0.744,0.508,sorpresa fuera de muestra
6,-8.229944339398905e-05,0.988,-0.3292327173732756,0.337505006877094,0.9842887805866541,6937,85,82,2019-04,2026-01,-0.0037841224829997014,0.19216190008697026,empleo,sorpresa_tpu_oos_std,A,completa,0.744,0.508,sorpresa fuera de muestra
7,-0.0019473302608720327,0.695,-0.3835458055910079,0.3851281152470068,0.6915756689800294,6852,85,81,2019-04,2025-12,-0.08953810521797213,0.22569729597222793,empleo,sorpresa_tpu_oos_std,A,completa,0.744,0.508,sorpresa fuera de muestra
8,-0.0009259870036319734,0.852,-0.4256743444932266,0.43379850895145694,0.8528844964018711,6767,85,80,2019-04,2025-11,-0.042576815770605854,0.22959976025042597,empleo,sorpresa_tpu_oos_std,A,completa,0.744,0.508,sorpresa fuera de muestra
9,-0.0037143463771492705,0.548,-0.4516425672275752,0.4649736642365863,0.49761199175620985,6682,85,79,2019-04,2025-10,-0.17078537904723698,0.25180228688766915,empleo,sorpresa_tpu_oos_std,A,completa,0.744,0.508,sorpresa fuera de muestra
10,-0.0021940656464899694,0.745,-0.48689552965644567,0.5139461926579553,0.6794005956283011,6597,85,78,2019-04,2025-09,-0.10088298048764655,0.2441025101103882,empleo,sorpresa_tpu_oos_std,A,completa,0.744,0.508,sorpresa fuera de muestra
11,-0.005170774587232757,0.487,-0.533483958749011,0.5776375226307252,0.3036516185093513,6512,85,77,2019-04,2025-08,-0.2377518433071212,0.23113352839539714,empleo,sorpresa_tpu_oos_std,A,completa,0.744,0.508,sorpresa fuera de muestra
12,-0.005423127520047437,0.495,-0.5674131311680324,0.5985930469420417,0.3104476831676376,6427,85,76,2019-04,2025-07,-0.2493550129925275,0.24584360287833418,empleo,sorpresa_tpu_oos_std,A,completa,0.744,0.508,sorpresa fuera de muestra
-12,-0.001225701905748444,0.741,-0.30659500543601054,0.2853946366930537,0.46492608404279434,5077,85,60,2019-04,2026-07,-0.05635768539519711,0.07712207335416033,empleo,sorpresa_tpu_oos_std,A,sin pandemia,0.708,0.383,sorpresa fuera de muestra
-11,-0.0014992635265473004,0.657,-0.26195592009911045,0.24951940205137232,0.2682695488670934,5161,85,61,2019-04,2026-07,-0.06893602902742633,0.0622696636440471,empleo,sorpresa_tpu_oos_std,A,sin pandemia,0.708,0.383,sorpresa fuera de muestra
-10,0.00030454130690445814,0.916,-0.23117075083149322,0.2220876596854705,0.8228187766149216,5245,85,62,2019-04,2026-07,0.014002787369318252,0.0625344987841046,empleo,sorpresa_tpu_oos_std,A,sin pandemia,0.708,0.383,sorpresa fuera de muestra
-9,-0.0003874733819204969,0.884,-0.21087003638085644,0.19610884989928853,0.764039420109495,5329,85,63,2019-04,2026-07,-0.017815998208760345,0.059350936109904245,empleo,sorpresa_tpu_oos_std,A,sin pandemia,0.708,0.383,sorpresa fuera de muestra
-8,0.0014161620903383758,0.532,-0.17638012869670142,0.16180967409342498,0.24046491538099735,5413,85,64,2019-04,2026-07,0.06511503097252666,0.05547249505366624,empleo,sorpresa_tpu_oos_std,A,sin pandemia,0.708,0.383,sorpresa fuera de muestra
-7,-0.0028909527403809666,0.112,-0.14362539300330518,0.1258427041711409,0.0009822728974688388,5497,85,65,2019-04,2026-07,-0.13292579889992578,0.04033486853592604,empleo,sorpresa_tpu_oos_std,A,sin pandemia,0.708,0.383,sorpresa fuera de muestra
-6,0.0005861291137582998,0.666,-0.1036109172688377,0.10551797706164999,0.6199803134182502,5581,85,66,2019-04,2026-07,0.02695017445859747,0.05434836986317372,empleo,sorpresa_tpu_oos_std,A,sin pandemia,0.708,0.383,sorpresa fuera de muestra
-5,0.00010612098491525006,0.929,-0.09264062760455387,0.09071004008394744,0.789362127052007,5665,85,67,2019-04,2026-07,0.004879435247373738,0.01826552814806182,empleo,sorpresa_tpu_oos_std,A,sin pandemia,0.708,0.383,sorpresa fuera de muestra
0,0.00042509779022197253,0.663,-0.07415380023167019,0.08292008819596579,0.5955910090324,6002,85,71,2019-04,2026-07,0.019545965794100943,0.036826964494308584,empleo,sorpresa_tpu_oos_std,A,sin pandemia,0.708,0.383,sorpresa fuera de muestra
1,0.0023977815997559162,0.103,-0.1047536571135653,0.11430028691495213,0.00848021900098556,5832,85,69,2019-04,2026-06,0.11024982535449396,0.04188302739119444,empleo,sorpresa_tpu_oos_std,A,sin pandemia,0.708,0.383,sorpresa fuera de muestra
2,0.0017276998358239518,0.388,-0.1523948029924457,0.14970877424364679,0.10149594985854285,5662,85,67,2019-04,2026-05,0.07943951408417199,0.04850841047510374,empleo,sorpresa_tpu_oos_std,A,sin pandemia,0.708,0.383,sorpresa fuera de muestra
3,0.0028971737794389867,0.247,-0.1835107420671338,0.17924445041204645,0.03159890565879581,5492,85,65,2019-04,2026-04,0.1332118418279973,0.061974908519982705,empleo,sorpresa_tpu_oos_std,A,sin pandemia,0.708,0.383,sorpresa fuera de muestra
4,0.004720779990640583,0.114,-0.21606943893434885,0.235747536200371,0.0011012573009688178,5322,85,63,2019-04,2026-03,0.21706112414829398,0.06651598440338241,empleo,sorpresa_tpu_oos_std,A,sin pandemia,0.708,0.383,sorpresa fuera de muestra
5,0.005614423565346171,0.099,-0.24282015078337688,0.26627951249985465,1.6587115167827674e-06,5152,85,61,2019-04,2026-02,0.25815079138507907,0.05388134328828723,empleo,sorpresa_tpu_oos_std,A,sin pandemia,0.708,0.383,sorpresa fuera de muestra
6,0.0020694887221103966,0.568,-0.25599198537751744,0.2749258882922944,0.18631590942169018,4982,85,59,2019-04,2026-01,0.09515494247223845,0.07200218042011541,empleo,sorpresa_tpu_oos_std,A,sin pandemia,0.708,0.383,sorpresa fuera de muestra
7,0.001743192937497716,0.691,-0.2945674595659703,0.3097650868908419,0.3959546638122081,4812,85,57,2019-04,2025-12,0.08015188578387383,0.09442206763326652,empleo,sorpresa_tpu_oos_std,A,sin pandemia,0.708,0.383,sorpresa fuera de muestra
8,-0.0014278014696312942,0.736,-0.286393830174943,0.2957981122300199,0.2456512729642949,4642,85,55,2019-04,2025-11,-0.06565020879456417,0.05654738342918035,empleo,sorpresa_tpu_oos_std,A,sin pandemia,0.708,0.383,sorpresa fuera de muestra
9,-0.003314449818161164,0.465,-0.33145374203856176,0.34740599494689,0.03106503759723146,4472,85,53,2019-04,2025-10,-0.15239816405117984,0.07067778253637474,empleo,sorpresa_tpu_oos_std,A,sin pandemia,0.708,0.383,sorpresa fuera de muestra
10,-0.0010702144544642905,0.802,-0.30631546540709587,0.3205543349900076,0.29877077819952214,4302,85,51,2019-04,2025-09,-0.04920838357778458,0.04735796492635317,empleo,sorpresa_tpu_oos_std,A,sin pandemia,0.708,0.383,sorpresa fuera de muestra
11,-0.003884124056710757,0.383,-0.31806096411732454,0.3514542850236337,0.0986314159477776,4132,85,49,2021-08,2025-08,-0.17859174453217128,0.10813747430244995,empleo,sorpresa_tpu_oos_std,A,sin pandemia,0.708,0.383,sorpresa fuera de muestra
12,-0.0036320295955785675,0.372,-0.2872314768608954,0.3075921213726895,0.21486162315568957,4047,85,48,2021-08,2025-07,-0.16700045935612004,0.13464438364865025,empleo,sorpresa_tpu_oos_std,A,sin pandemia,0.708,0.383,sorpresa fuera de muestra
-12,0.0006680951111815537,0.88,-0.36317957208752505,0.3444709721392736,0.8489838021502074,7447,85,88,2019-04,2026-07,0.030718965119865597,0.1613262391669241,horas,sorpresa_tpu_oos_std,A,completa,0.209,0.521,sorpresa fuera de muestra
-11,-0.002743760236205896,0.605,-0.3722250640138938,0.3773881043564142,0.5192652554044745,7447,85,88,2019-04,2026-07,-0.12615789815348413,0.195751939552517,horas,sorpresa_tpu_oos_std,A,completa,0.209,0.521,sorpresa fuera de muestra
-10,-0.004411317338501607,0.323,-0.3202846186035232,0.331905286879939,0.21693315718318107,7447,85,88,2019-04,2026-07,-0.20283205367935148,0.16427316295454258,horas,sorpresa_tpu_oos_std,A,completa,0.209,0.521,sorpresa fuera de muestra
-9,0.0017898702174528934,0.654,-0.3191506336013588,0.32928098019561625,0.5098812425088604,7447,85,88,2019-04,2026-07,0.08229810375618832,0.12487902706548042,horas,sorpresa_tpu_oos_std,A,completa,0.209,0.521,sorpresa fuera de muestra
-8,-0.0048659275172140215,0.236,-0.3219060620310464,0.3073883382135788,0.2740434436213943,7447,85,88,2019-04,2026-07,-0.2237349969718186,0.20454867597791418,horas,sorpresa_tpu_oos_std,A,completa,0.209,0.521,sorpresa fuera de muestra
-7,-0.008628252489171444,0.02,-0.2706845014423629,0.2693895296846673,0.000808532626096147,7447,85,88,2019-04,2026-07,-0.3967264283546358,0.11843085158963398,horas,sorpresa_tpu_oos_std,A,completa,0.209,0.521,sorpresa fuera de muestra
-6,0.00630235974064327,0.109,-0.29419657754253925,0.29980148373259075,0.006863413089847995,7447,85,88,2019-04,2026-07,0.28978204720473516,0.10719170861090371,horas,sorpresa_tpu_oos_std,A,completa,0.209,0.521,sorpresa fuera de muestra
-5,-0.0020763264342338835,0.635,-0.3557678520682427,0.31912374054437,0.5746091187312625,7447,85,88,2019-04,2026-07,-0.09546933998346946,0.17009326926824064,horas,sorpresa_tpu_oos_std,A,completa,0.209,0.521,sorpresa fuera de muestra
0,0.0012675601746549513,0.767,-0.3453799629392064,0.3268555283942668,0.7375304947545305,7447,85,88,2019-04,2026-07,0.058282325586386186,0.17391199218885742,horas,sorpresa_tpu_oos_std,A,completa,0.209,0.521,sorpresa fuera de muestra
1,0.0028063548190520524,0.545,-0.33293991714846555,0.32881363071300324,0.41177004213449964,7362,85,87,2019-04,2026-06,0.1290359925669322,0.15721090267394625,horas,sorpresa_tpu_oos_std,A,completa,0.209,0.521,sorpresa fuera de muestra
2,0.005632103583615336,0.18,-0.33647289117279255,0.31595167595105467,0.15577051930240574,7277,85,86,2019-04,2026-05,0.2589637173524141,0.1824406495139352,horas,sorpresa_tpu_oos_std,A,completa,0.209,0.521,sorpresa fuera de muestra
3,0.005663812042331138,0.233,-0.3591130343070147,0.34877195756418033,0.10590533866549921,7192,85,85,2019-04,2026-04,0.26042167000166,0.16106484689471615,horas,sorpresa_tpu_oos_std,A,completa,0.209,0.521,sorpresa fuera de muestra
4,-0.006230051159954977,0.249,-0.4036363276303096,0.38436680269149304,0.014413858688229897,7107,85,84,2019-04,2026-03,-0.28645730386975954,0.11707519443170775,horas,sorpresa_tpu_oos_std,A,completa,0.209,0.521,sorpresa fuera de muestra
5,0.0008033296863880318,0.895,-0.405794386305416,0.42003950854578986,0.8333664619927235,7022,85,83,2019-04,2026-02,0.03693704115311279,0.1755680080057214,horas,sorpresa_tpu_oos_std,A,completa,0.209,0.521,sorpresa fuera de muestra
6,0.0011175621080575663,0.867,-0.47879630054974504,0.48576073214631876,0.8326815708031357,6937,85,82,2019-04,2026-01,0.05138542528172255,0.24322893720972769,horas,sorpresa_tpu_oos_std,A,completa,0.209,0.521,sorpresa fuera de muestra
7,-0.006651828296492505,0.342,-0.5406574453803437,0.5016717861852561,0.10250349833325106,6852,85,81,2019-04,2025-12,-0.3058505862464842,0.18731249840273448,horas,sorpresa_tpu_oos_std,A,completa,0.209,0.521,sorpresa fuera de muestra
8,-0.0025849447359115913,0.686,-0.5056653539452954,0.5160306307424505,0.5924771071132175,6767,85,80,2019-04,2025-11,-0.11885557288215164,0.22205625148780572,horas,sorpresa_tpu_oos_std,A,completa,0.209,0.521,sorpresa fuera de muestra
9,-0.0017943562978213609,0.811,-0.5378998570122712,0.5477945350788337,0.7459725844060667,6682,85,79,2019-04,2025-10,-0.08250437340860375,0.2546789993718537,horas,sorpresa_tpu_oos_std,A,completa,0.209,0.521,sorpresa fuera de muestra
10,-0.010456165830131137,0.146,-0.5541238727846874,0.5486567930094428,0.0035110516761239496,6597,85,78,2019-04,2025-09,-0.48077375219116464,0.16470239355872016,horas,sorpresa_tpu_oos_std,A,completa,0.209,0.521,sorpresa fuera de muestra
11,-0.007359910633675873,0.36,-0.5639534970595614,0.5865943914302966,0.10814542937874992,6512,85,77,2019-04,2025-08,-0.33840816113946653,0.21063818944450213,horas,sorpresa_tpu_oos_std,A,completa,0.209,0.521,sorpresa fuera de muestra
12,-0.004244610958497667,0.61,-0.5830276588286574,0.627833334916224,0.4756593636220604,6427,85,76,2019-04,2025-07,-0.19516690632698827,0.27361077257229743,horas,sorpresa_tpu_oos_std,A,completa,0.209,0.521,sorpresa fuera de muestra
-12,-0.0009206765282093439,0.874,-0.4630840231775634,0.45262418753369965,0.7705033049437822,5077,85,60,2019-04,2026-07,-0.04233264049294344,0.145115630670405,horas,sorpresa_tpu_oos_std,A,sin pandemia,0.095,0.463,sorpresa fuera de muestra
-11,0.00019078005850092707,0.966,-0.40948484859366324,0.4159995297870426,0.9599089611035977,5161,85,61,2019-04,2026-07,0.008772053356731266,0.17450631456255591,horas,sorpresa_tpu_oos_std,A,sin pandemia,0.095,0.463,sorpresa fuera de muestra
-10,-0.008274170015687138,0.103,-0.3810512055578564,0.38134959223259396,0.00045564144043220336,5245,85,62,2019-04,2026-07,-0.38044574171215517,0.10852626662508755,horas,sorpresa_tpu_oos_std,A,sin pandemia,0.095,0.463,sorpresa fuera de muestra
-9,0.001021824152265679,0.839,-0.3388262439698675,0.3592415411964687,0.6881533665566023,5329,85,63,2019-04,2026-07,0.04698340096602745,0.1170598120292612,horas,sorpresa_tpu_oos_std,A,sin pandemia,0.095,0.463,sorpresa fuera de muestra
-8,0.0005928298926645292,0.896,-0.35767291502545867,0.3392886890815958,0.8256754918477487,5413,85,64,2019-04,2026-07,0.027258275790355987,0.12375991928463365,horas,sorpresa_tpu_oos_std,A,sin pandemia,0.095,0.463,sorpresa fuera de muestra
-7,-0.010719398825812661,0.002,-0.2856750296324517,0.2846661493958426,0.0004204467795788454,5497,85,65,2019-04,2026-07,-0.49287718638399625,0.13974777173997022,horas,sorpresa_tpu_oos_std,A,sin pandemia,0.095,0.463,sorpresa fuera de muestra
-6,0.005804021639925673,0.103,-0.2631985579900573,0.27637369620655317,0.005010806917101541,5581,85,66,2019-04,2026-07,0.26686849720618727,0.09509491644350222,horas,sorpresa_tpu_oos_std,A,sin pandemia,0.095,0.463,sorpresa fuera de muestra
-5,-0.0056068897616148305,0.149,-0.3132625850405023,0.2824248149471416,0.001339426868062086,5665,85,67,2019-04,2026-07,-0.2578043876318265,0.0803781083703365,horas,sorpresa_tpu_oos_std,A,sin pandemia,0.095,0.463,sorpresa fuera de muestra
0,0.002767202481793493,0.529,-0.29842472134757736,0.3160422686600481,0.26747396747450636,6002,85,71,2019-04,2026-07,0.1272357709181316,0.11474068183693599,horas,sorpresa_tpu_oos_std,A,sin pandemia,0.095,0.463,sorpresa fuera de muestra
1,0.0012633086598293187,0.746,-0.31687322264360035,0.30401396433558464,0.5778846520509924,5832,85,69,2019-04,2026-06,0.0580868412407453,0.10438314001850471,horas,sorpresa_tpu_oos_std,A,sin pandemia,0.095,0.463,sorpresa fuera de muestra
2,0.0063094300474259134,0.153,-0.32631075306203733,0.32908736002962835,0.035704909961337745,5662,85,67,2019-04,2026-05,0.29010713940165106,0.13812835777650015,horas,sorpresa_tpu_oos_std,A,sin pandemia,0.095,0.463,sorpresa fuera de muestra
3,0.008665632137176622,0.099,-0.40933316756462346,0.3902156572253284,0.0005617065792161615,5492,85,65,2019-04,2026-04,0.39844514187917146,0.1155093871684341,horas,sorpresa_tpu_oos_std,A,sin pandemia,0.095,0.463,sorpresa fuera de muestra
4,-0.0021836062378457837,0.673,-0.4103809139196117,0.4361101270402863,0.4715707764389955,5322,85,63,2019-04,2026-03,-0.10040205763109858,0.13946170430686813,horas,sorpresa_tpu_oos_std,A,sin pandemia,0.095,0.463,sorpresa fuera de muestra
5,0.009062193233769947,0.122,-0.42678832154990615,0.45741537659437986,0.00016547935708569454,5152,85,61,2019-04,2026-02,0.41667899255441704,0.11062441295735541,horas,sorpresa_tpu_oos_std,A,sin pandemia,0.095,0.463,sorpresa fuera de muestra
6,0.008406371689878801,0.183,-0.4789876524936655,0.47986205225343714,9.261437665214008e-06,4982,85,59,2019-04,2026-01,0.38652436517506195,0.08717804504398668,horas,sorpresa_tpu_oos_std,A,sin pandemia,0.095,0.463,sorpresa fuera de muestra
7,-0.0035476956712240932,0.588,-0.47972918678543,0.5118131347719285,0.050804308527838564,4812,85,57,2019-04,2025-12,-0.16312279158500761,0.08351869719577516,horas,sorpresa_tpu_oos_std,A,sin pandemia,0.095,0.463,sorpresa fuera de muestra
8,0.005207989285752459,0.402,-0.43792820285901135,0.48491628174129736,0.0553114910063419,4642,85,55,2019-04,2025-11,0.23946297246618847,0.12495319881718907,horas,sorpresa_tpu_oos_std,A,sin pandemia,0.095,0.463,sorpresa fuera de muestra
9,-0.003094409255367763,0.657,-0.5437521521304932,0.5505460423006684,0.16579439553537434,4472,85,53,2019-04,2025-10,-0.14228071481337332,0.10266715809693944,horas,sorpresa_tpu_oos_std,A,sin pandemia,0.095,0.463,sorpresa fuera de muestra
10,-0.006342056123996965,0.325,-0.4556053183777122,0.4905397539115288,0.02549129291312405,4302,85,51,2019-04,2025-09,-0.29160728405382746,0.13053875983170107,horas,sorpresa_tpu_oos_std,A,sin pandemia,0.095,0.463,sorpresa fuera de muestra
11,-0.001872640738605166,0.804,-0.5210889610497885,0.588775025259842,0.4765355112851176,4132,85,49,2021-08,2025-08,-0.08610388636060377,0.1209518287052374,horas,sorpresa_tpu_oos_std,A,sin pandemia,0.095,0.463,sorpresa fuera de muestra
12,-0.002120856562095401,0.769,-0.6031352591076604,0.6093115460134578,0.5628037625945742,4047,85,48,2021-08,2025-07,-0.09751683205707838,0.1685154053290435,horas,sorpresa_tpu_oos_std,A,sin pandemia,0.095,0.463,sorpresa fuera de muestra
