especificacion,choque,variable,muestra,efecto_medio_h0_12,efecto_min,efecto_max,sig_perm_negativos,sig_perm_positivos,sig_driscoll_kraay,p_efecto_conjunto,p_placebo_conjunto,meses_h0
A,sorpresa TPU,Producción real,completa,1.548401612573192,0.6513171319111003,2.1461579314109596,0,10,13,0.002,0.723,88
A,sorpresa TPU,Producción real,sin pandemia,0.6519168119493136,-0.4131671583644353,1.8049852975533727,0,5,7,0.039,0.498,71
A,sorpresa TPU,Empleo,completa,-0.055979005865187156,-0.2743106342988312,0.11362133005616792,0,1,1,0.527,0.775,88
A,sorpresa TPU,Empleo,sin pandemia,-0.0030717111371405172,-0.16956371878890655,0.1787337436619782,0,0,6,0.612,0.738,71
A,sorpresa TPU,Horas trabajadas,completa,-0.10197269588167004,-0.5113992556961429,0.23584701868876526,0,0,4,0.509,0.24,88
A,sorpresa TPU,Horas trabajadas,sin pandemia,0.03568547877402868,-0.2837505870894284,0.326275294391732,0,0,8,0.719,0.137,71
B,sorpresa TPU,Producción real,completa,0.6107347217066976,-1.6360828915852672,2.300448739872496,0,3,2,0.254,0.079,88
B,sorpresa TPU,Producción real,sin pandemia,-0.08003386916850291,-0.6656351264275603,0.32469052645217766,1,0,3,0.451,0.597,71
B,sorpresa TPU,Empleo,completa,-0.11489944483657553,-0.5376363729771549,0.10576073060949806,0,0,0,0.737,0.078,88
B,sorpresa TPU,Empleo,sin pandemia,-0.0344044751337578,-0.24307072954767042,0.12452877054634774,0,0,4,0.749,0.475,71
B,sorpresa TPU,Horas trabajadas,completa,0.3457021423580828,-0.9911211394724814,1.3297300721639558,0,3,1,0.34,0.078,88
B,sorpresa TPU,Horas trabajadas,sin pandemia,-0.1256184532713046,-0.4985849178316057,0.2746192783699562,1,0,7,0.389,0.83,71
A,sorpresa TPU (fuera de muestra),Producción real,completa,1.5649616256824572,0.47658726326708206,2.157263862863541,0,10,12,0.002,0.811,88
A,sorpresa TPU (fuera de muestra),Producción real,sin pandemia,0.6517276004254293,-0.4861724722498768,1.704275887196839,0,4,8,0.044,0.559,71
A,sorpresa TPU (fuera de muestra),Empleo,completa,-0.02900490835300914,-0.2493550129925275,0.11886428417702165,0,1,1,0.508,0.744,88
A,sorpresa TPU (fuera de muestra),Empleo,sin pandemia,0.02923976388757151,-0.17859174453217128,0.25815079138507907,0,1,6,0.383,0.708,71
A,sorpresa TPU (fuera de muestra),Horas trabajadas,completa,-0.07792234493249159,-0.48077375219116464,0.26042167000166,0,0,2,0.521,0.209,88
A,sorpresa TPU (fuera de muestra),Horas trabajadas,sin pandemia,0.0796544351641829,-0.29160728405382746,0.41667899255441704,0,1,7,0.463,0.095,71
