especificacion,variable,muestra,lambda_relativo,DK_neg,DK_pos,LP_boot_neg,LP_boot_pos,SLP_boot_neg,SLP_boot_pos,SLP_efecto_medio,SLP_min,SLP_h_min,SLP_h12
A,Producción real,completa,1000.0,0,4,0,5,0,5,0.6218767550676643,0.08730960386934661,0,0.560949823632841
A,Producción real,sin pandemia,63.09573444801943,4,0,4,1,3,0,-0.15923026747088315,-0.4259892681601384,8,0.15767816696220796
A,Empleo,completa,1000.0,2,1,0,1,0,0,-0.04188353592418405,-0.264959657235318,12,-0.264959657235318
A,Empleo,sin pandemia,1000.0,0,1,0,1,0,0,0.013893457593995859,-0.12721958792805965,12,-0.12721958792805965
A,Horas trabajadas,completa,63.09573444801943,3,1,2,1,0,0,-0.14489686523378995,-0.3521090762757752,11,-0.3498535271699961
A,Horas trabajadas,sin pandemia,0.01584893192461114,3,2,3,2,2,1,-0.10299254585951388,-0.3850825558573936,9,-0.25100193511550045
B,Producción real,completa,1000.0,2,0,2,0,2,0,0.06406667082371663,-2.4693552316926195,12,-2.4693552316926195
B,Producción real,sin pandemia,0.01584893192461114,5,2,4,2,5,2,-0.14879942189936968,-1.0095700623148727,12,-1.0095700623148727
B,Empleo,completa,1000.0,2,0,1,0,2,0,-0.11934982863104412,-0.5870249223560213,12,-0.5870249223560213
B,Empleo,sin pandemia,1000.0,3,0,2,0,2,0,-0.07193670689678101,-0.2837470824327881,12,-0.2837470824327881
B,Horas trabajadas,completa,1000.0,2,0,1,0,2,0,0.0011892789363018895,-1.5333059549881571,12,-1.5333059549881571
B,Horas trabajadas,sin pandemia,0.025118864315095808,5,2,5,2,5,0,-0.1989792312263998,-0.9815400296429524,12,-0.9815400296429524
