h,beta,se_dk,se_cluster2,t_dk,n,ramas,meses,desde,hasta,especificacion,efecto_p75_vs_p25_pp,significativo_90
0,0.0020225548520783356,0.007323815374143926,0.005213194000742948,0.27616136518388823,7432,85,88,2019-04,2026-07,"Sorpresa: producción, muestra completa",0.09299692650665928,False
1,0.01639839761856396,0.012923039906176584,0.011910168751422897,1.2689272599650738,7347,85,87,2019-04,2026-06,"Sorpresa: producción, muestra completa",0.7539971420767698,False
2,0.01736662368344106,0.014985066361876303,0.010388663282475482,1.1589287136975053,7262,85,86,2019-04,2026-05,"Sorpresa: producción, muestra completa",0.7985161068428834,False
3,0.011137728717427626,0.01133463340115503,0.00965174560104569,0.9826280500869716,7176,85,85,2019-04,2026-04,"Sorpresa: producción, muestra completa",0.5121119646873284,False
4,0.01940131017366791,0.012728961107448217,0.009284901137979107,1.524186460300789,7091,85,84,2019-04,2026-03,"Sorpresa: producción, muestra completa",0.8920708451983258,False
5,0.02346088502714813,0.013468757154530718,0.012580707707430453,1.7418745291770437,7005,85,83,2019-04,2026-02,"Sorpresa: producción, muestra completa",1.0787298047362797,True
6,0.013025742016183473,0.014602260259802862,0.010893219217184062,0.892036012537098,6919,85,82,2019-04,2026-01,"Sorpresa: producción, muestra completa",0.5989226802570797,False
7,0.02063217577620169,0.016313129892398835,0.013789055957512073,1.2647588729012285,6833,85,81,2019-04,2025-12,"Sorpresa: producción, muestra completa",0.9486659570000082,False
8,0.030406925084660627,0.01281595209082518,0.013005497302028109,2.372584172379098,6747,85,80,2019-04,2025-11,"Sorpresa: producción, muestra completa",1.398108226575878,True
9,0.006529480553710443,0.012523272186309987,0.01303085625996547,0.5213877376911322,6661,85,79,2019-04,2025-10,"Sorpresa: producción, muestra completa",0.3002250458404639,False
10,0.012084459936621442,0.007666102757161439,0.01326534180745748,1.5763498506894535,6575,85,78,2019-04,2025-09,"Sorpresa: producción, muestra completa",0.5556425979962131,False
11,0.021736131372089167,0.01001888449667727,0.016936393862491895,2.1695161152219975,6489,85,77,2019-04,2025-08,"Sorpresa: producción, muestra completa",0.9994257558316034,True
12,0.01273581427859184,0.011277173608479494,0.018772192416915308,1.1293445255658359,6403,85,76,2019-04,2025-07,"Sorpresa: producción, muestra completa",0.5855918237528198,False
0,-0.00923348757338046,0.004924378678036453,0.00560810545046876,-1.8750563628592067,6072,85,72,2019-04,2026-07,"Sorpresa: producción, sin pandemia",-0.42455509395923,True
1,0.002726844014818697,0.008076952365877143,0.008437935830156224,0.33760803472592554,5902,85,70,2019-04,2026-06,"Sorpresa: producción, sin pandemia",0.12538009151180063,False
2,0.009896494752347924,0.008727788440452914,0.008787542276681309,1.1339063520923707,5733,85,68,2019-04,2026-05,"Sorpresa: producción, sin pandemia",0.4550401163221423,False
3,0.006281973738378056,0.007839951665172137,0.008147076623235895,0.8012771005062219,5562,85,66,2019-04,2026-04,"Sorpresa: producción, sin pandemia",0.2888447002880498,False
4,0.003519075469395726,0.0074658586140694426,0.007891232085611209,0.47135576111286287,5392,85,64,2019-04,2026-03,"Sorpresa: producción, sin pandemia",0.16180683676514035,False
5,0.003795980020442718,0.006188737245286448,0.012561631247109035,0.6133690719110534,5222,85,62,2019-04,2026-02,"Sorpresa: producción, sin pandemia",0.17453888808954082,False
6,-0.013283528932282834,0.007713041639835435,0.008204249860231567,-1.7222166756727442,5051,85,60,2019-04,2026-01,"Sorpresa: producción, sin pandemia",-0.610775704102755,True
7,-0.010407707760824439,0.005640057437850428,0.009556854566723644,-1.845319462702331,4881,85,58,2019-04,2025-12,"Sorpresa: producción, sin pandemia",-0.47854565365265583,True
8,0.002443870842467694,0.00506039833408712,0.008668299086137579,0.48294040925704335,4711,85,56,2019-04,2025-11,"Sorpresa: producción, sin pandemia",0.11236900541668629,False
9,-0.02069115787102495,0.004767412375045528,0.008607392446574992,-4.340123371607297,4541,85,54,2019-04,2025-10,"Sorpresa: producción, sin pandemia",-0.9513779494742054,True
10,0.0037891480150707094,0.004362422433304903,0.010246567108724482,0.8685880546877965,4371,85,52,2019-04,2025-09,"Sorpresa: producción, sin pandemia",0.17422475297433201,False
11,0.016958079905121964,0.009821356522706683,0.010049957550896474,1.7266535295725585,4201,85,50,2021-07,2025-08,"Sorpresa: producción, sin pandemia",0.7797312933244503,True
12,0.0013675769751049,0.012043488655061779,0.012721681737981324,0.11355322483989044,4116,84,49,2021-07,2025-07,"Sorpresa: producción, sin pandemia",0.06288109087144993,False
0,-0.00048446568843469044,0.004405828916402352,0.003913589534011779,-0.10996016813796039,7480,85,88,2019-04,2026-07,"Sorpresa: horas, muestra completa",-0.02227569748037371,False
1,0.0037033785858236416,0.006468009861340604,0.005918773573986876,0.5725684816838009,7395,85,87,2019-04,2026-06,"Sorpresa: horas, muestra completa",0.17028108079159177,False
2,0.002744726689818258,0.008209547055083519,0.0057157611100308705,0.33433351089919966,7310,85,86,2019-04,2026-05,"Sorpresa: horas, muestra completa",0.12620233562101119,False
3,-0.0015510853875060982,0.0034196509816710316,0.004016563563996837,-0.4535800278507228,7225,85,85,2019-04,2026-04,"Sorpresa: horas, muestra completa",-0.07131879446395896,False
4,-0.00234020288858135,0.003956442763947876,0.004730054869077726,-0.591491657583393,7140,85,84,2019-04,2026-03,"Sorpresa: horas, muestra completa",-0.10760236035944229,False
5,0.007505018243689168,0.0035334228969406416,0.004892958612279466,2.1240079273237487,7055,85,83,2019-04,2026-02,"Sorpresa: horas, muestra completa",0.3450801986024291,True
6,-0.0064164181400280275,0.00531294790094831,0.005845208050115467,-1.2076945341178216,6970,85,82,2019-04,2026-01,"Sorpresa: horas, muestra completa",-0.2950264441980488,False
7,-0.003201042007630057,0.0058143824340992165,0.007567290662043271,-0.5505386073088557,6885,85,81,2019-04,2025-12,"Sorpresa: horas, muestra completa",-0.147183681086525,False
8,-0.0015509330519250446,0.0033474514375749333,0.004763923389887348,-0.4633175658699385,6800,85,80,2019-04,2025-11,"Sorpresa: horas, muestra completa",-0.07131179008490787,False
9,-0.007207461874259801,0.0044669534453616,0.005256205749390904,-1.6135072734514153,6715,85,79,2019-04,2025-10,"Sorpresa: horas, muestra completa",-0.33139857815541074,False
10,-0.01014349752621428,0.004007218859950389,0.004728210904461975,-2.5313060955048163,6630,85,78,2019-04,2025-09,"Sorpresa: horas, muestra completa",-0.4663972860842313,True
11,-0.005602335436364144,0.0047125056118287045,0.008090125076250152,-1.1888230800833228,6545,85,77,2019-04,2025-08,"Sorpresa: horas, muestra completa",-0.2575949800846392,False
12,-0.007124994548188731,0.0021054195451909595,0.005177943282468928,-3.3841210244595223,6460,85,76,2019-04,2025-07,"Sorpresa: horas, muestra completa",-0.32760673643900373,True
0,-0.0039026419198495326,0.0037790729865683614,0.0038069060216742675,-1.0326982129533782,6120,85,72,2019-04,2026-07,"Sorpresa: horas, sin pandemia",-0.17944319454629945,False
1,-0.0028116855575630226,0.0021686466209851693,0.003964474786499712,-1.2965162375259343,5950,85,70,2019-04,2026-06,"Sorpresa: horas, sin pandemia",-0.12928109953993794,False
2,0.0035579765008676447,0.0026436996211573007,0.00443668588035071,1.3458323602248397,5780,85,68,2019-04,2026-05,"Sorpresa: horas, sin pandemia",0.16359550339196127,False
3,-0.0028400899253803818,0.003793999164644433,0.005415964806444644,-0.7485742094638943,5610,85,66,2019-04,2026-04,"Sorpresa: horas, sin pandemia",-0.13058713032751568,False
4,-0.007483070278326442,0.0030747358399744957,0.006246241932381162,-2.4337278607935677,5440,85,64,2019-04,2026-03,"Sorpresa: horas, sin pandemia",-0.3440710327349567,True
5,0.0022997294295001545,0.005433929778626758,0.006468098506871744,0.4232166264911383,5270,85,62,2019-04,2026-02,"Sorpresa: horas, sin pandemia",0.10574139362433668,False
6,-0.013986621720292317,0.007845414508080396,0.006702107755026206,-1.7827766405314565,5100,85,60,2019-04,2026-01,"Sorpresa: horas, sin pandemia",-0.6431038598838905,True
7,-0.01046160579141068,0.004081262512072801,0.006530947387257099,-2.5633258729288197,4930,85,58,2019-04,2025-12,"Sorpresa: horas, sin pandemia",-0.48102388121920703,True
8,-0.0026892088093064155,0.004156869314414521,0.006424500662202792,-0.6469312855184576,4760,85,56,2019-04,2025-11,"Sorpresa: horas, sin pandemia",-0.1236496274714844,False
9,-0.013137532889839437,0.003253074819206014,0.005790288758328654,-4.038496997448693,4590,85,54,2019-04,2025-10,"Sorpresa: horas, sin pandemia",-0.6040628165806095,True
10,-0.008164120088013486,0.004633272843506015,0.005369653117481384,-1.7620633111335755,4420,85,52,2019-04,2025-09,"Sorpresa: horas, sin pandemia",-0.3753856539595717,True
11,-0.0014533425747991035,0.0028692975839670542,0.006766379893690422,-0.50651510771139,4250,85,50,2021-07,2025-08,"Sorpresa: horas, sin pandemia",-0.06682458697162516,False
12,-0.006452728839820967,0.003366866945243657,0.006314305613730714,-1.9165381183051144,4165,85,49,2021-07,2025-07,"Sorpresa: horas, sin pandemia",-0.29669600756073305,True
0,0.0012507282820898382,0.0018309803183399942,0.0014732356643441162,0.6830921499056719,6120,85,72,2019-04,2026-07,"Sorpresa: empleo, sin pandemia",0.057508396377871855,False
1,0.0035032314461078064,0.001847895664369753,0.002397278177814684,1.8957950460382869,5950,85,70,2019-04,2026-06,"Sorpresa: empleo, sin pandemia",0.16107832971488045,True
2,0.0011869271781739256,0.00195660852555237,0.0030128930838113476,0.6066247604838808,5780,85,68,2019-04,2026-05,"Sorpresa: empleo, sin pandemia",0.05457482621248677,False
3,-3.872876462124578e-05,0.001965076534275268,0.0036869383053195737,-0.019708527350324894,5610,85,66,2019-04,2026-04,"Sorpresa: empleo, sin pandemia",-0.0017807458094274736,False
4,-0.0003455909588780002,0.00232484393602474,0.004368192617446392,-0.1486512507454275,5440,85,64,2019-04,2026-03,"Sorpresa: empleo, sin pandemia",-0.015890247412137192,False
5,0.0017391991434457332,0.0031374674147444164,0.004643850026009303,0.5543321773709676,5270,85,62,2019-04,2026-02,"Sorpresa: empleo, sin pandemia",0.07996825142085356,False
6,-0.0040748833979137224,0.004939913289332545,0.004773793729008229,-0.8248896608596746,5100,85,60,2019-04,2026-01,"Sorpresa: empleo, sin pandemia",-0.18736284530903358,False
7,-0.003311653450244356,0.0032151059948851172,0.005223217238838616,-1.0300293226764017,4930,85,58,2019-04,2025-12,"Sorpresa: empleo, sin pandemia",-0.1522695872556592,False
8,-0.00456300943826614,0.0041622288779784,0.00452081873655723,-1.0962898898732354,4760,85,56,2019-04,2025-11,"Sorpresa: empleo, sin pandemia",-0.20980684550709705,False
9,-0.005605195845281366,0.0037594466774230322,0.004667440421701099,-1.4909629863731781,4590,85,54,2019-04,2025-10,"Sorpresa: empleo, sin pandemia",-0.25772650148074894,False
10,-0.0025219672998278465,0.0020144978122303534,0.004113842691432326,-1.2519086814175528,4420,85,52,2019-04,2025-09,"Sorpresa: empleo, sin pandemia",-0.11595987490439859,False
11,-0.00433533655158925,0.0031887604817588903,0.005419644119970543,-1.3595679501139326,4250,85,50,2021-07,2025-08,"Sorpresa: empleo, sin pandemia",-0.1993384625665341,False
12,-0.0038000546388690785,0.0032315053504596374,0.004906395710354753,-1.1759394544491695,4165,85,49,2021-07,2025-07,"Sorpresa: empleo, sin pandemia",-0.17472623875147691,False
0,-0.0103529260898311,0.005913102125973582,0.006402580272810658,-1.7508451349682224,6072,85,72,2019-04,2026-07,"Sorpresa fuera de muestra: producción, sin pandemia",-0.4760267963637944,True
1,0.0016663185317651948,0.00746382475924422,0.008984793855532578,0.2232526332697453,5902,85,70,2019-04,2026-06,"Sorpresa fuera de muestra: producción, sin pandemia",0.07661720614203167,False
2,0.009978646586475303,0.008328823812219712,0.009419204809067975,1.1980859256303438,5733,85,68,2019-04,2026-05,"Sorpresa fuera de muestra: producción, sin pandemia",0.4588174517416888,False
3,0.007038938813405943,0.007876188926351623,0.008410870672569218,0.8936985741740571,5562,85,66,2019-04,2026-04,"Sorpresa fuera de muestra: producción, sin pandemia",0.32364989994834054,False
4,0.0044167207966460155,0.007895354183995097,0.008568384785576026,0.5594075571174855,5392,85,64,2019-04,2026-03,"Sorpresa fuera de muestra: producción, sin pandemia",0.20308050429586802,False
5,0.007286955883492036,0.00640849686219404,0.013302834657256677,1.137077233583484,5222,85,62,2019-04,2026-02,"Sorpresa fuera de muestra: producción, sin pandemia",0.3350537069775998,False
6,-0.009344160362794092,0.006852400163375705,0.008561647443057072,-1.3636332000480935,5051,85,60,2019-04,2026-01,"Sorpresa fuera de muestra: producción, sin pandemia",-0.4296438208497816,False
7,-0.008533242526905748,0.007293023090133317,0.010179167568096307,-1.1700556026554085,4881,85,58,2019-04,2025-12,"Sorpresa fuera de muestra: producción, sin pandemia",-0.39235787712887094,False
8,0.0039442406923380635,0.006359204079837172,0.009247187333191242,0.620241250763422,4711,85,56,2019-04,2025-11,"Sorpresa fuera de muestra: producción, sin pandemia",0.1813559031108696,False
9,-0.020221761881891592,0.005400061497420926,0.007840710313213975,-3.7447280723653837,4541,85,54,2019-04,2025-10,"Sorpresa fuera de muestra: producción, sin pandemia",-0.9297951556829275,True
10,0.0039588202131427405,0.005609198625115957,0.008983298181756362,0.7057728701951432,4371,85,52,2019-04,2025-09,"Sorpresa fuera de muestra: producción, sin pandemia",0.18202626842797415,False
11,0.017851990282579364,0.011003282182638003,0.008528269399981338,1.622424108212719,4201,85,50,2021-07,2025-08,"Sorpresa fuera de muestra: producción, sin pandemia",0.8208332281325581,False
12,0.0014566358723788141,0.013691010117402518,0.011779249179779079,0.10639360134043707,4116,84,49,2021-07,2025-07,"Sorpresa fuera de muestra: producción, sin pandemia",0.066976012557275,False
