h,beta,se_dk,se_cluster2,t_dk,n,ramas,meses,desde,hasta,muestra
0,-0.007867362013735611,0.003537167850283446,0.004907594673541602,-2.2241981004959013,7432,85,88,2019-04,2026-07,completa
1,0.0019023378296561815,0.008901149600941013,0.007144333697916357,0.21371821786424866,7347,85,87,2019-04,2026-06,completa
2,0.003555441476424378,0.02157248923096141,0.014277716471730123,0.16481368646699862,7262,85,86,2019-04,2026-05,completa
3,-0.003060786741963066,0.021522066342211012,0.015319066286917628,-0.14221621164506754,7176,85,85,2019-04,2026-04,completa
4,0.009259350748739122,0.013218882665534625,0.011474493602413982,0.700463948657391,7091,85,84,2019-04,2026-03,completa
5,0.007443464647698375,0.013484626361305225,0.013273712172283963,0.5519963585389174,7005,85,83,2019-04,2026-02,completa
6,0.008261468211994782,0.01920837605908934,0.013524071630095372,0.43009717149334353,6919,85,82,2019-04,2026-01,completa
7,0.01595522994011743,0.01680188320744116,0.013763588972236056,0.9496096207269927,6833,85,81,2019-04,2025-12,completa
8,0.001346506859735267,0.007713216979411916,0.016079348238217255,0.17457137058757158,6747,85,80,2019-04,2025-11,completa
9,-0.010324163842313145,0.008579255985378984,0.017825765870564492,-1.203386850783784,6661,85,79,2019-04,2025-10,completa
10,-0.009341859306886469,0.006822280153686129,0.01644455697558261,-1.3693162837704622,6575,85,78,2019-04,2025-09,completa
11,-0.018566181648237704,0.009237114511549058,0.014551534744090652,-2.009954691481265,6489,85,77,2019-04,2025-08,completa
12,-0.024776450764373237,0.006600353827914483,0.013395711631020747,-3.7538064489190974,6403,85,76,2019-04,2025-07,completa
0,-0.007903069991300972,0.002508107984628139,0.003111248223768466,-3.151008664594124,6072,85,72,2019-04,2026-07,sin pandemia
1,-0.003063808183237089,0.004316265608427519,0.0032132384030962463,-0.7098284631175144,5902,85,70,2019-04,2026-06,sin pandemia
2,-0.001800286635365338,0.00375965631063567,0.003330525504080614,-0.4788434065828085,5733,85,68,2019-04,2026-05,sin pandemia
3,-0.008112540703537048,0.0025308666142426534,0.0031713085170819283,-3.2054398512679723,5562,85,66,2019-04,2026-04,sin pandemia
4,0.0009426747834423198,0.0026240092813867182,0.003331001676958687,0.3592497900556745,5392,85,64,2019-04,2026-03,sin pandemia
5,-0.003376848350406403,0.004363217750473167,0.004172571348164787,-0.7739353256069337,5222,85,62,2019-04,2026-02,sin pandemia
6,-0.007826913327240503,0.001770969813635189,0.0032606256946133656,-4.419563375377107,5051,85,60,2019-04,2026-01,sin pandemia
7,-0.0018199569854909033,0.003580127795258128,0.0036810948559294803,-0.5083497264822313,4881,85,58,2019-04,2025-12,sin pandemia
8,0.001171604934862958,0.004308100268937667,0.004530529395319244,0.27195396154320794,4711,85,56,2019-04,2025-11,sin pandemia
9,-0.016297065280384177,0.002882520777567127,0.004168234521829575,-5.653754660578386,4541,85,54,2019-04,2025-10,sin pandemia
10,-0.008056887168901964,0.002259821272536162,0.0044152867555481935,-3.5652762750834035,4371,85,52,2019-04,2025-09,sin pandemia
11,0.0028885932595819177,0.0030776032289032596,0.003993930290890553,0.9385853356448752,4201,85,50,2021-07,2025-08,sin pandemia
12,-0.01037155694543974,0.003023969372814391,0.003916085212311204,-3.4297824041078138,4116,84,49,2021-07,2025-07,sin pandemia
