h,lp,lp_b90_inf,lp_b90_sup,lp_b95_inf,lp_b95_sup,slp,slp_b90_inf,slp_b90_sup,slp_b95_inf,slp_b95_sup,variable,choque,especificacion,muestra,lambda_relativo,meses
0,-0.13818216810686385,-0.5994252451594265,0.3448264670473749,-0.7080377825153095,0.43001746124838863,0.08730960386934661,-0.2874967405626061,0.6411655042428104,-0.36316735606093836,0.7824057054779736,produccion,sorpresa_tpu_std,A,completa,1000.0,88
1,0.4377709068597283,-0.205057346947702,1.3152521865025164,-0.2991552834443851,1.5241741980870573,0.2825352185548106,-0.23793295772958306,0.8799625682122149,-0.31363455223867465,1.0470401719269455,produccion,sorpresa_tpu_std,A,completa,1000.0,88
2,0.6649901367558592,-0.5195326970597716,1.7301331398989774,-0.6774928982456516,1.9883126928433241,0.4473617420457235,-0.21759870805682985,1.1147009317574736,-0.3154787576475601,1.2749948208292343,produccion,sorpresa_tpu_std,A,completa,1000.0,88
3,0.4295996742768843,-0.48954901728358025,1.2183726013366998,-0.6106731956686849,1.397491119228659,0.5820260806575696,-0.20385603898776053,1.3251973330659899,-0.31378368625393366,1.4845758031184435,produccion,sorpresa_tpu_std,A,completa,1000.0,88
4,0.7029412284687938,-0.12673789042997863,1.304830854674549,-0.2519416123691499,1.462839488704462,0.6870758178572639,-0.19479860887825556,1.4707569599287458,-0.3016024291965297,1.649107497435544,produccion,sorpresa_tpu_std,A,completa,1000.0,88
5,0.9967533121234584,0.09572089007460244,1.8108793567023185,-0.012416861255502348,2.032566309790668,0.7632144462227398,-0.14535880208355373,1.5781630941791822,-0.2678017700127621,1.7858798298009404,produccion,sorpresa_tpu_std,A,completa,1000.0,88
6,0.5326203625651137,-0.5205586750609759,1.6254434593651512,-0.6724602677635146,1.8251229081975675,0.8113064383174433,-0.093326305599063,1.6426730614248983,-0.22331397223406008,1.8366921913800722,produccion,sorpresa_tpu_std,A,completa,1000.0,88
7,0.8124609525148355,-0.2142942583060564,1.9256578686727344,-0.32957344228663105,2.1333143796014196,0.8323661560213693,-0.02860547523100225,1.665922778263608,-0.14224003920592274,1.8753994837563444,produccion,sorpresa_tpu_std,A,completa,1000.0,88
8,1.3443508688726562,0.4155830614518381,2.2924552918818253,0.28331456976015107,2.473604549095537,0.8273147907496092,0.06669873009316284,1.6658099497026122,-0.058346426217591486,1.886141622811877,produccion,sorpresa_tpu_std,A,completa,1000.0,88
9,0.20853325705431688,-0.7537489388758,0.8637335827900094,-0.9232920564542236,1.0418405623915643,0.797013193296252,0.1598631286492882,1.6592487123397135,0.042149331650483825,1.862198096886858,produccion,sorpresa_tpu_std,A,completa,1000.0,88
10,0.5559698864009711,0.04320965038759493,1.3738298536183522,-0.060435358226566684,1.5291041410477904,0.7423141860574123,0.25169557851617796,1.6660776772731318,0.12998515296764263,1.8175041913509669,produccion,sorpresa_tpu_std,A,completa,1000.0,88
11,0.9224972644619334,0.7325472807412947,2.187883336303593,0.5780995082873519,2.344302450030828,0.6636103185972538,0.2764784174925131,1.6873366128511043,0.15947775362223687,1.7949940947640848,produccion,sorpresa_tpu_std,A,completa,1000.0,88
12,0.6115272134134254,0.1074061359438634,1.9051712394713618,-0.030674117987593234,2.157850851420762,0.560949823632841,0.25814050191503696,1.736985613292783,0.13800170123459712,1.8756370950464747,produccion,sorpresa_tpu_std,A,completa,1000.0,88
0,-0.41802063343569135,-1.0141072996752507,-0.13826633783174164,-1.143143456235172,-0.09724201472446316,-0.1320701204584259,-0.5778361588637572,0.15994253415643006,-0.6496845286419297,0.2374436136851986,produccion,sorpresa_tpu_std,A,sin pandemia,63.09573444801943,72
1,0.047677569996540416,-0.6428916145457488,0.8414844964443354,-0.7078415821576544,1.0108661688007121,-0.006350506851939375,-0.5382489559485019,0.34819640924871087,-0.6032521278327687,0.44291750643103667,produccion,sorpresa_tpu_std,A,sin pandemia,63.09573444801943,72
2,0.3331685636662575,-0.3514499795163332,0.8383692258883638,-0.4498537560609297,0.9755647761846132,0.04062996871376855,-0.5535723841742689,0.4316868721429634,-0.659767508935173,0.5329865967258888,produccion,sorpresa_tpu_std,A,sin pandemia,63.09573444801943,72
3,0.14535256671050126,-0.560069302106397,0.6517918923294591,-0.6688303928243058,0.7984706021944974,0.014453399178581898,-0.6146095235377631,0.41334398167998954,-0.7023740520723881,0.5317710964085942,produccion,sorpresa_tpu_std,A,sin pandemia,63.09573444801943,72
4,-0.04230287774235087,-0.8775302781900127,0.34027844745905367,-0.991349453973212,0.4601391563868608,-0.06916288017856474,-0.6692692673030969,0.3214574215300526,-0.776351233524996,0.4292773817180529,produccion,sorpresa_tpu_std,A,sin pandemia,63.09573444801943,72
5,0.14988532198155563,-0.6490660897544666,0.5923238869085611,-0.8431018501925214,0.6886775380506179,-0.18537376371958195,-0.7176935857780643,0.1931877224653799,-0.8173150451845471,0.27464066944287296,produccion,sorpresa_tpu_std,A,sin pandemia,63.09573444801943,72
6,-0.8167888912203338,-1.3496609972597382,-0.25372516313737026,-1.4997284608997257,-0.1787820080583107,-0.3036931948416981,-0.742439162615271,0.04901438806073352,-0.8208367761973475,0.12707879474153408,produccion,sorpresa_tpu_std,A,sin pandemia,63.09573444801943,72
7,-0.6375100583553669,-0.9802716877166379,-0.022070417812177355,-1.0935733139125785,0.10317231165955645,-0.3919602442293083,-0.7294429897171871,-0.056305277100935414,-0.808790506547163,0.02577485528132643,produccion,sorpresa_tpu_std,A,sin pandemia,63.09573444801943,72
8,-0.14145432739457206,-0.5212883123511912,0.41652862439725863,-0.5798572365352356,0.5557121510178269,-0.4259892681601384,-0.6779765678953346,-0.09635864234692633,-0.7362263723939458,-0.006454382386113788,produccion,sorpresa_tpu_std,A,sin pandemia,63.09573444801943,72
9,-1.1408697374841537,-1.4416196203562233,-0.7473036581668951,-1.4991642293678888,-0.6565031211665636,-0.3912047415205455,-0.5846322139957263,-0.022478434816400706,-0.6203775148667323,0.05845611123683573,produccion,sorpresa_tpu_std,A,sin pandemia,63.09573444801943,72
10,0.001158794432688335,-0.27473155077564126,0.2019766901448923,-0.3201517643230864,0.26942599297216174,-0.28055073169793376,-0.5084158612140811,0.1952424105770849,-0.5462024329581411,0.318372075992778,produccion,sorpresa_tpu_std,A,sin pandemia,63.09573444801943,72
11,0.5947373382281054,0.09352355875546732,1.3235083134584682,0.01729718209335544,1.5279317110633834,-0.09639956031790323,-0.48811589379267317,0.5725669851532001,-0.5438421536206708,0.747522906097755,produccion,sorpresa_tpu_std,A,sin pandemia,63.09573444801943,72
12,-0.13988714622717763,-0.8359445978220468,0.9587948171932954,-0.9236000347226448,1.2100579944276066,0.15767816696220796,-0.48241711113635005,1.1119907360674788,-0.5512503774014369,1.3059830588371826,produccion,sorpresa_tpu_std,A,sin pandemia,63.09573444801943,72
0,0.05960281533602298,-0.09143266161348067,0.17490767322983536,-0.11875148148521789,0.2061296339012348,0.1042262162920186,-0.05064082882572563,0.25693778808614365,-0.08680910075945003,0.29806474461518767,empleo,sorpresa_tpu_std,A,completa,1000.0,88
1,0.1780528735213649,0.010811315952108996,0.3660640335507027,-0.022022455001085912,0.40974755331897683,0.09222657429212941,-0.11546559377069113,0.30184238540211894,-0.1597333603746872,0.3527372704799314,empleo,sorpresa_tpu_std,A,completa,1000.0,88
2,0.09332177732827948,-0.18417713015148157,0.41401381108525054,-0.24766613501481624,0.4721090913849891,0.0768585239421901,-0.18130909480050655,0.3418951324064282,-0.24902443724848783,0.4080184689574662,empleo,sorpresa_tpu_std,A,completa,1000.0,88
3,-0.0002812011897265571,-0.4081852335263834,0.3513345933553562,-0.49309492168906577,0.42567771986986985,0.05816888361694913,-0.2508388516851512,0.3638339419117084,-0.3241591723143761,0.4370034953981139,empleo,sorpresa_tpu_std,A,completa,1000.0,88
4,-0.009153220029020626,-0.3826191911710853,0.3875210989616565,-0.4675502805924689,0.470303818039716,0.03620806683345278,-0.3116588792714068,0.37996815158243175,-0.3841610257533785,0.4591998591058291,empleo,sorpresa_tpu_std,A,completa,1000.0,88
5,0.09731047865478447,-0.23796850003220776,0.48985680404529247,-0.3330708936217363,0.5595384148332728,0.010969604871533926,-0.360638693175604,0.38459066848763657,-0.4374270640211905,0.46210324303331396,empleo,sorpresa_tpu_std,A,completa,1000.0,88
6,-0.07591708347057784,-0.42404155875683985,0.3429126813389403,-0.5091263258137012,0.42794376075487484,-0.01760912075858876,-0.40121062156626364,0.37113019526448837,-0.4864642147761531,0.4606624316037002,empleo,sorpresa_tpu_std,A,completa,1000.0,88
7,-0.0951417645042162,-0.5000998061832973,0.2965660813189949,-0.5757889221432811,0.3895511510078989,-0.04960001025292565,-0.43349800432086855,0.3498089546274749,-0.5235563312599766,0.43838167210521173,empleo,sorpresa_tpu_std,A,completa,1000.0,88
8,-0.02440366344941164,-0.3954673333282428,0.3203845979385114,-0.4673273418255505,0.40763393075559773,-0.08512303942085726,-0.45700605118985793,0.3162209852220261,-0.5461731188337731,0.4042106715026624,empleo,sorpresa_tpu_std,A,completa,1000.0,88
9,-0.13715914236800683,-0.4899325401510357,0.21040468297279535,-0.5654614737247944,0.30519513788751607,-0.12432721223853609,-0.48058237798454484,0.26974648582535454,-0.5613123611984608,0.3598415284282336,empleo,sorpresa_tpu_std,A,completa,1000.0,88
10,-0.11290395416824293,-0.42374578002140595,0.23715626702932058,-0.4963507578913597,0.3033168335262497,-0.16732696662937044,-0.4922261381308864,0.22050252355151226,-0.5708271727077949,0.3039078008271886,empleo,sorpresa_tpu_std,A,completa,1000.0,88
11,-0.23082027992913082,-0.5184144803015714,0.16989864418598014,-0.5952229311085624,0.25153259433067293,-0.21419783032707032,-0.5039086298673164,0.1582533237387729,-0.570994353645504,0.23772052578150155,empleo,sorpresa_tpu_std,A,completa,1000.0,88
12,-0.28571186840092916,-0.5474067889449856,0.12138915697546054,-0.6111050319205599,0.19197041022092803,-0.264959657235318,-0.5123587975732233,0.08894863817843833,-0.5671234527613185,0.15941396273710004,empleo,sorpresa_tpu_std,A,completa,1000.0,88
0,0.07727819809934447,-0.07004761616000404,0.17297602546173024,-0.10192071525478395,0.1915501755784645,0.14638280112693797,-0.006854900240035222,0.26088523358212445,-0.03974708949673818,0.2842761341753452,empleo,sorpresa_tpu_std,A,sin pandemia,1000.0,72
1,0.21333803630827944,0.10415141240035529,0.34350120652039234,0.07011149887625653,0.3660387568514262,0.12787287691350926,-0.010746631985410851,0.24241216115346897,-0.04703184683415418,0.25427317965275825,empleo,sorpresa_tpu_std,A,sin pandemia,1000.0,72
2,0.10532595828576059,-0.04196090700070343,0.23276227485643158,-0.07409275073112707,0.25827685882298096,0.10793020910313532,-0.04003330328570377,0.254730220175284,-0.06836520263562323,0.2788381371371199,empleo,sorpresa_tpu_std,A,sin pandemia,1000.0,72
3,0.059275208161047206,-0.17461463164376054,0.2522996058502427,-0.22199810307074805,0.2864002659441571,0.08663983340821169,-0.07781571446268758,0.27005050952309106,-0.11864712286550115,0.3055969239522364,empleo,sorpresa_tpu_std,A,sin pandemia,1000.0,72
4,0.05546159781524888,-0.15537444076534426,0.3063261768650976,-0.2148798262971138,0.3399485406005669,0.06415423706100797,-0.11581281400375712,0.2794167410094686,-0.16138350748466335,0.31799105628483637,empleo,sorpresa_tpu_std,A,sin pandemia,1000.0,72
5,0.19275910845119612,-0.005117331312208608,0.47711560144422915,-0.0638907306700971,0.5296251248528111,0.04067889130577759,-0.1442901715202799,0.2782572450631131,-0.19894303671460836,0.32412318940444806,empleo,sorpresa_tpu_std,A,sin pandemia,1000.0,72
6,-0.06209646024074244,-0.2616315596945855,0.23847008183619947,-0.32037374848437594,0.29031247328446264,0.016490451305790625,-0.17359472466732295,0.2670222749357454,-0.23253180266476875,0.3108195697410273,empleo,sorpresa_tpu_std,A,sin pandemia,1000.0,72
7,-0.047681599365318045,-0.28090026687972586,0.22358868468034146,-0.3375985235887136,0.2714303986200219,-0.008035262141928725,-0.20175567691584298,0.24721617166498688,-0.2536346664162508,0.288110404111837,empleo,sorpresa_tpu_std,A,sin pandemia,1000.0,72
8,-0.06020672702309198,-0.22843884007969412,0.19857841668214463,-0.27390670389135974,0.247455482740539,-0.03255784823564415,-0.22625978470782715,0.22240637671754704,-0.2680077194483008,0.2638365689674653,empleo,sorpresa_tpu_std,A,sin pandemia,1000.0,72
9,-0.14679934923079754,-0.32951183766894676,0.10654841253550254,-0.37161627481179066,0.15968142634502835,-0.056829350179239894,-0.2453763217238034,0.19326376737694656,-0.27962480387200317,0.2419292030051229,empleo,sorpresa_tpu_std,A,sin pandemia,1000.0,72
10,0.004215059478504862,-0.1934504352623484,0.18014144883517333,-0.2295429055036361,0.23108204535988758,-0.08071327072236253,-0.2582430654507498,0.16670395740907681,-0.289420325313885,0.22047874952163254,empleo,sorpresa_tpu_std,A,sin pandemia,1000.0,72
11,-0.09179727343830042,-0.29933781242610646,0.17738331589875828,-0.33052112787768895,0.23984312982624093,-0.10417903229518945,-0.27892970551316437,0.13304588906704298,-0.30174398059693847,0.20515518119848486,empleo,sorpresa_tpu_std,A,sin pandemia,1000.0,72
12,-0.1179210567046677,-0.29583747033785085,0.13821179829693644,-0.31284890839160745,0.20719945869069847,-0.12721958792805965,-0.3302742057894249,0.11938750510393092,-0.3446285322409383,0.18526989590948603,empleo,sorpresa_tpu_std,A,sin pandemia,1000.0,72
0,-0.17279695979490034,-0.479181957410128,0.13456323677626564,-0.5841620345922501,0.1932012570412693,-0.05041545243624327,-0.39360103025274795,0.31944403153541806,-0.4696119345810191,0.40184776293466196,horas,sorpresa_tpu_std,A,completa,63.09573444801943,88
1,0.08882090415516283,-0.2964684696229763,0.64507339225589,-0.3802283012612094,0.7435493011840079,0.007352709441565657,-0.34802100402505765,0.3806612313751547,-0.4130439160655263,0.45166119952441663,horas,sorpresa_tpu_std,A,completa,63.09573444801943,88
2,0.1803313474674519,-0.6590844975042861,0.8898985493578296,-0.8103353029900697,1.0529882948050746,0.033262093834163106,-0.3168083675331068,0.41283645031264876,-0.38818288867034034,0.4881566601803965,horas,sorpresa_tpu_std,A,completa,63.09573444801943,88
3,-0.042068043650366614,-0.3816072510974303,0.2970499061094715,-0.4608253474630493,0.3493984841021007,0.02934772441050185,-0.3064337885138286,0.40199508359093167,-0.3846690861188099,0.4766570505980105,horas,sorpresa_tpu_std,A,completa,63.09573444801943,88
4,-0.1572659517905392,-0.38154320192783964,0.1781246541502953,-0.4336483539947575,0.24543783632462568,0.0003600725725180047,-0.3282113476810588,0.36348985957824964,-0.39518782115405765,0.44173997738898896,horas,sorpresa_tpu_std,A,completa,63.09573444801943,88
5,0.28263080158561893,0.03907597549739281,0.6698007378301118,-0.0147034482508456,0.7382612660686966,-0.0479973849096277,-0.36729407896924243,0.30947785240964426,-0.42744963762154764,0.37692805341985064,horas,sorpresa_tpu_std,A,completa,63.09573444801943,88
6,-0.3226296431130294,-0.7850397965772161,0.19096670312007702,-0.8959100649982495,0.292654021420165,-0.10964530286931472,-0.416653423750035,0.24440538694496033,-0.48209556047568297,0.30490694173811345,horas,sorpresa_tpu_std,A,completa,63.09573444801943,88
7,-0.19295789673724792,-0.736837051830016,0.2778663501063141,-0.838314674503634,0.4121330487129416,-0.1761647566950445,-0.468343825227831,0.17368041665392828,-0.5365119300237577,0.22819040919123684,horas,sorpresa_tpu_std,A,completa,63.09573444801943,88
8,-0.10255576854666545,-0.30384336438008064,0.2737558884520442,-0.3500755713183159,0.3347090752695423,-0.24003243166595728,-0.5223547147570495,0.10890103397475674,-0.5826563323090477,0.15879170022906963,horas,sorpresa_tpu_std,A,completa,63.09573444801943,88
9,-0.35661688664539015,-0.7351663937169268,-0.11382827493326013,-0.7764729394414097,-0.04667041752039214,-0.29450725098234637,-0.5641598220996542,0.04943071366558993,-0.6260041905627193,0.10792813507440838,horas,sorpresa_tpu_std,A,completa,63.09573444801943,88
10,-0.4997382950921758,-0.9004455247277539,-0.015706915426806033,-0.992185048223249,0.09405937568096123,-0.33325666529371273,-0.5907355363589256,0.01825311085380117,-0.6463720286202763,0.08448823329409015,horas,sorpresa_tpu_std,A,completa,63.09573444801943,88
11,-0.31672011048446974,-0.5627229378873017,0.318025155895061,-0.6664485731778671,0.39751968206805577,-0.3521090762757752,-0.6098154788445836,0.023395391817099927,-0.6759657691934139,0.10457095527432798,horas,sorpresa_tpu_std,A,completa,63.09573444801943,88
12,-0.2699902545363072,-0.6154236952326427,0.07291577875823077,-0.6733923116222985,0.15047831024044306,-0.3498535271699961,-0.6238643176555321,0.07068105223213436,-0.6890608626077886,0.14213445960234067,horas,sorpresa_tpu_std,A,completa,63.09573444801943,88
0,-0.10422840914958802,-0.49831277569951965,0.1724684277710811,-0.6036075002699817,0.21945232205998255,-0.11182157510069356,-0.49683181602386733,0.16602563581729346,-0.610915863084545,0.21630933629644536,horas,sorpresa_tpu_std,A,sin pandemia,0.01584893192461114,72
1,-0.018159829682964774,-0.17231888050334812,0.19736950394450128,-0.2212310328365098,0.24306364650276252,0.013079024067965166,-0.13720793910065396,0.22338170187253403,-0.1812510599590141,0.26795401475628633,horas,sorpresa_tpu_std,A,sin pandemia,0.01584893192461114,72
2,0.2869528392104158,0.0666011898229144,0.5056492632094307,0.025963799201472102,0.565231736630464,0.24456127688386756,0.04614871895159244,0.4310854003772102,0.0013085465178270356,0.4756334781672242,horas,sorpresa_tpu_std,A,sin pandemia,0.01584893192461114,72
3,-0.006301842966827338,-0.33631431188042415,0.35199710889103186,-0.4190426342022211,0.38994777349116233,-0.0069202362722346564,-0.3037173509797536,0.29379061610596113,-0.3746953307562055,0.32980541102761657,horas,sorpresa_tpu_std,A,sin pandemia,0.01584893192461114,72
4,-0.2272431393246945,-0.5902263604790866,0.019047254203258885,-0.6647271014512974,0.05699672929495035,-0.1433323998004455,-0.41903523833760803,0.08778500140943515,-0.4865256067655474,0.11829055172908812,horas,sorpresa_tpu_std,A,sin pandemia,0.01584893192461114,72
5,0.3314661560340136,0.14328120045529755,0.6548709324692017,0.07552991654930426,0.6964004970934892,0.19703239256808294,-0.018137149534091852,0.49351246848992764,-0.09079583915567026,0.527847626604235,horas,sorpresa_tpu_std,A,sin pandemia,0.01584893192461114,72
6,-0.42666842380788256,-0.8079650788089723,-0.0335493100927628,-0.8999499995979678,0.017032396147958963,-0.33092679419428195,-0.6293020406299699,0.01465671350519353,-0.7199312791668516,0.05980967499742564,horas,sorpresa_tpu_std,A,sin pandemia,0.01584893192461114,72
7,-0.30584108725116493,-0.47813234024485446,-0.023579025174505438,-0.5257640715275341,0.029473669917467377,-0.2918149074568274,-0.4517066097806392,-0.04480321497402686,-0.48920583082393737,0.008889868426671504,horas,sorpresa_tpu_std,A,sin pandemia,0.01584893192461114,72
8,0.045801426385281875,-0.11018934112274902,0.286645340112081,-0.17761775750162334,0.3205920467619546,-0.049547591844735075,-0.20173014547173668,0.17714412225572668,-0.25703238635129705,0.20886120546866047,horas,sorpresa_tpu_std,A,sin pandemia,0.01584893192461114,72
9,-0.457187841299084,-0.6176766111508118,-0.2558902030878897,-0.6544725457343938,-0.21097524581617397,-0.3850825558573936,-0.5382784376640704,-0.18199912479784724,-0.5638716741828567,-0.1473866539375352,horas,sorpresa_tpu_std,A,sin pandemia,0.01584893192461114,72
10,-0.27678935216400596,-0.5819320841680136,0.059229995967658586,-0.6358617451184227,0.1347688940391328,-0.26571956243584427,-0.5419349513783436,0.020189335098198796,-0.5853895395643958,0.07133594041960284,horas,sorpresa_tpu_std,A,sin pandemia,0.01584893192461114,72
11,0.08639924508050828,-0.136762751183692,0.3226766343992743,-0.18382721889015818,0.37950445225303425,0.04259176838436052,-0.15913169346353823,0.2754632788121273,-0.18877769056898192,0.317346551378318,horas,sorpresa_tpu_std,A,sin pandemia,0.01584893192461114,72
12,-0.26754088466770454,-0.5193602325787046,0.054086601832912716,-0.5622696285083385,0.0971932982364504,-0.25100193511550045,-0.49690091867785435,0.06332401896859395,-0.5406420750861596,0.10532697779397701,horas,sorpresa_tpu_std,A,sin pandemia,0.01584893192461114,72
0,-0.6795969909597155,-1.0878884353240363,-0.12011772143973881,-1.1608801358514915,0.004478177211489079,-0.4805533209993528,-1.984039254827505,0.8970782005384459,-2.4485493101047684,1.1668634176448487,produccion,sorpresa_tpu_std,B,completa,1000.0,88
1,0.5064556833448987,-1.2390601434953885,2.2044579930574684,-1.6622526362445749,2.5447970525155714,0.12396166330739938,-1.9336143754572825,1.7082500938098457,-2.360328740751517,2.027899950602061,produccion,sorpresa_tpu_std,B,completa,1000.0,88
2,0.8123424930966486,-3.835817851159301,4.323103399840534,-4.7829059196409025,5.0016675427560315,0.5881649113949936,-1.8490044697955523,2.3635524624160387,-2.2648675287511364,2.7641801418286662,produccion,sorpresa_tpu_std,B,completa,1000.0,88
3,0.11248388598379057,-4.460284149966032,3.1467449238568648,-5.306118879069803,3.86190036148469,0.9122632853788825,-1.8071789704347228,2.860112207512068,-2.205726966807513,3.2830812827724416,produccion,sorpresa_tpu_std,B,completa,1000.0,88
4,1.418804427271186,-0.9840285016393286,3.142839723762531,-1.4179633327050516,3.554992660358778,1.0964805566454727,-1.7969574148002134,3.1116112830641987,-2.145219647579879,3.5701625515690867,produccion,sorpresa_tpu_std,B,completa,1000.0,88
5,1.160056330769849,-1.0646097008121802,2.8408028496673947,-1.4721298530470261,3.1813905974579315,1.1406361678317478,-1.726045662595348,3.1632654145909807,-2.0722042513312604,3.62440560957782,produccion,sorpresa_tpu_std,B,completa,1000.0,88
6,0.7439105509832311,-2.4573848680375834,2.9253626936249804,-2.866656908031407,3.432140961905186,1.0445469729918186,-1.658018921592657,3.0032127459842943,-2.0155444602636634,3.401124082354058,produccion,sorpresa_tpu_std,B,completa,1000.0,88
7,1.4652650118219999,-0.8882806748121608,3.271684289845669,-1.152696274874091,3.750179708355804,0.8080981849971898,-1.6270190396778985,2.6145279330525413,-1.99758656097808,3.004221876848419,produccion,sorpresa_tpu_std,B,completa,1000.0,88
8,0.5940749865690627,-0.7028295963227794,2.228091280192158,-0.9600954813827114,2.6573846571233717,0.43129445040394376,-1.6033657977956812,2.0208525515974975,-1.9471742323823382,2.375152419786701,produccion,sorpresa_tpu_std,B,completa,1000.0,88
9,-0.6099154006417933,-2.2387789940640146,0.515045377719402,-2.445323772180376,0.8410623186974595,-0.08538630447861822,-1.6345054164686048,1.2758701678725193,-1.9665399794803,1.6014040968854546,produccion,sorpresa_tpu_std,B,completa,1000.0,88
10,-0.7037683890403005,-1.797525725993383,0.31163604708620335,-1.9991000767127176,0.5839213680465997,-0.7412831153144951,-1.7440432282491318,0.4572217258830111,-1.9977454912368808,0.6973748158579602,produccion,sorpresa_tpu_std,B,completa,1000.0,88
11,-1.7073854927576528,-2.1207160264012135,0.2545087279984021,-2.4409468785152093,0.39105830578492423,-1.5360014997580467,-2.071893079867,-0.3010002678390756,-2.2515965325368423,-0.18388333806030815,produccion,sorpresa_tpu_std,B,completa,1000.0,88
12,-2.2746425138541873,-3.3126794386537797,-0.725460095872056,-3.559672555078255,-0.5603501395383113,-2.4693552316926195,-3.041438615336623,-0.8377861730248358,-3.2244617598095298,-0.6634167084691236,produccion,sorpresa_tpu_std,B,completa,1000.0,88
0,-0.5141732292707833,-0.9790167832496217,0.06303641243079189,-1.0573730079891315,0.18941747451646376,-0.5133003665774876,-0.9778115698550612,0.0669608527281712,-1.061832868102111,0.19445820265815533,produccion,sorpresa_tpu_std,B,sin pandemia,0.01584893192461114,72
1,-0.042947778957998714,-0.6519394095224483,0.5054841180347205,-0.7358114969775545,0.6242519073943712,-0.028397883326331266,-0.5936788454722454,0.46283398730848263,-0.6683390989970891,0.5621796017689369,produccion,sorpresa_tpu_std,B,sin pandemia,0.01584893192461114,72
2,0.0666920494543924,-0.4127157914272756,0.3282007011359275,-0.49647763049554156,0.4205726681245736,-0.007922664232487671,-0.44777929279524364,0.2265086592421925,-0.5067929375789159,0.3116259336930693,produccion,sorpresa_tpu_std,B,sin pandemia,0.01584893192461114,72
3,-0.5141575297164862,-1.0377377412855133,-0.12241267196510172,-1.1222311491345465,-0.02357326017137925,-0.37779925125498387,-0.8580481956498418,-0.02729700444031889,-0.9531841105674013,0.08589712821627611,produccion,sorpresa_tpu_std,B,sin pandemia,0.01584893192461114,72
4,0.36358032516249345,-0.16293362140144158,0.839748668379013,-0.25276633688401007,0.9521781184694144,0.24762826102930124,-0.21543975625398668,0.6704471005928578,-0.298843958088297,0.7579813551787231,produccion,sorpresa_tpu_std,B,sin pandemia,0.01584893192461114,72
5,0.021426084392946985,-0.4736313802699715,0.5954967843634417,-0.5752471021414863,0.7046738969533357,0.02015602425147051,-0.4345592423958259,0.4799572015985158,-0.5186626069733062,0.5644824941756285,produccion,sorpresa_tpu_std,B,sin pandemia,0.01584893192461114,72
6,-0.3508261435793811,-1.0490481952872641,-0.08600351182468964,-1.1323230575607355,-0.01815780884289268,-0.26055145431755644,-0.7424625415879685,-0.026636692448815377,-0.817958441207472,0.048031931943402356,produccion,sorpresa_tpu_std,B,sin pandemia,0.01584893192461114,72
7,0.3508212375562367,-0.09007699783569663,1.042272849087391,-0.22265167915548603,1.1742950384821573,0.3600580920121738,-0.007500828326481432,0.8471922364708904,-0.09683572624211807,0.9409491472003283,produccion,sorpresa_tpu_std,B,sin pandemia,0.01584893192461114,72
8,0.6594912588917397,0.2820536455441271,0.9214084876357951,0.19701255658125233,0.9682764499214677,0.41249767430538165,0.022732576622031757,0.726342696504686,-0.08562513431835361,0.7707695228502424,produccion,sorpresa_tpu_std,B,sin pandemia,0.01584893192461114,72
9,-1.2029057594988257,-1.912247695587443,-0.7687786858579462,-2.1007771525345795,-0.6945283883059663,-0.957412232109989,-1.4874804872182228,-0.6509117310563559,-1.598685718388558,-0.596741336653169,produccion,sorpresa_tpu_std,B,sin pandemia,0.01584893192461114,72
10,-0.44991529934284596,-0.8880608631844783,0.0629118943188419,-0.9471462680038463,0.18130581089297582,-0.41649587820627426,-0.786027105330201,-0.038933688764663306,-0.8327734317639406,0.04000328605048206,produccion,sorpresa_tpu_std,B,sin pandemia,0.01584893192461114,72
11,0.7630794580186492,0.22731765792036723,1.452114529581863,0.1565060909362271,1.5614969790213453,0.59671725604985,0.1254360723047409,1.2284233249018528,0.04896963470385851,1.3295881499470106,produccion,sorpresa_tpu_std,B,sin pandemia,0.01584893192461114,72
12,-1.076885204059567,-1.648259349772284,-0.5817641513187535,-1.7831399270427446,-0.5019155147043881,-1.0095700623148727,-1.5541505817885781,-0.5363276209267253,-1.6872132898080883,-0.4466885641724281,produccion,sorpresa_tpu_std,B,sin pandemia,0.01584893192461114,72
0,-0.01281949376042886,-0.092538837916108,0.07249986804273988,-0.10583882367893382,0.08929038399230495,-0.05425265908001421,-0.1747776003029296,0.06189879598243872,-0.20216412283142715,0.08217439841392324,empleo,sorpresa_tpu_std,B,completa,1000.0,88
1,-0.0023172316807634217,-0.2560976712366374,0.1945923429393354,-0.3003599151364614,0.2450291220303501,0.00035074644603247634,-0.267834808670662,0.2207505771965801,-0.3303625425426833,0.26436095344847405,empleo,sorpresa_tpu_std,B,completa,1000.0,88
2,0.002891068435592147,-0.45676803118915854,0.36756007169809635,-0.5556849054310474,0.4312680006889519,0.03746522668990681,-0.38293640431476883,0.37482581785190666,-0.46486920959113304,0.43939742564160145,empleo,sorpresa_tpu_std,B,completa,1000.0,88
3,0.004459275201804367,-0.59612786904032,0.46882651606105835,-0.70627655014297,0.5440158730180696,0.057047729987827346,-0.4878913647632935,0.48931022610871727,-0.5857987922580165,0.5705979630288813,empleo,sorpresa_tpu_std,B,completa,1000.0,88
4,0.07352408725781669,-0.5906986346361829,0.6134975470588183,-0.7194955392960408,0.7118157366649934,0.05897186796349612,-0.5811600910050928,0.5684167220443433,-0.6896964513128009,0.6520340614916279,empleo,sorpresa_tpu_std,B,completa,1000.0,88
5,0.03705248906311816,-0.676472866360266,0.6179750394815242,-0.806635337734409,0.7090973326342116,0.043023283717269455,-0.6667248651596164,0.6067954221640512,-0.7833922439962319,0.6942789386110646,empleo,sorpresa_tpu_std,B,completa,1000.0,88
6,0.020552261225271498,-0.7179463861503801,0.6153303700386941,-0.8365338483161175,0.7081384480456863,0.008949121615128928,-0.7410057237519432,0.5987508982296501,-0.8519919365294272,0.6893050034165724,empleo,sorpresa_tpu_std,B,completa,1000.0,88
7,-0.0184364258885443,-0.7712667563683858,0.5666307144152742,-0.8737351723897607,0.6569490887633492,-0.04350743204544013,-0.8107638935335858,0.5520429917943561,-0.9232575781730435,0.6423149801329519,empleo,sorpresa_tpu_std,B,completa,1000.0,88
8,-0.08107150416170453,-0.8347668269273976,0.49577679698922916,-0.9410749434755882,0.6091029803417485,-0.11456649980925199,-0.8726264027448671,0.46479442663325016,-0.9866446955326486,0.5590102283462423,empleo,sorpresa_tpu_std,B,completa,1000.0,88
9,-0.21687102187066412,-0.8988668374633774,0.28652578897794445,-1.0146650189017699,0.374068819175534,-0.20438255230075175,-0.9229780850377474,0.34174359929083103,-1.0249216254685865,0.42293728283517723,empleo,sorpresa_tpu_std,B,completa,1000.0,88
10,-0.32170810577721115,-0.9386834159113708,0.1376312614330984,-1.0302561676727278,0.20873251781154742,-0.3130400164409635,-0.9705030505894869,0.17797463851669873,-1.06892126538735,0.24950341665688475,empleo,sorpresa_tpu_std,B,completa,1000.0,88
11,-0.4306900625591935,-0.9682126036802179,0.0013473827110509783,-1.0647697110232923,0.07194038952252318,-0.44058166659079173,-1.0030850287669741,-0.021098050199601513,-1.0993706290129135,0.05824619661908433,empleo,sorpresa_tpu_std,B,completa,1000.0,88
12,-0.6052276832836174,-1.1147041505284152,-0.23056836443370662,-1.2293300730431131,-0.1623925124185728,-0.5870249223560213,-1.052367688952601,-0.24736417793797802,-1.1397263093357537,-0.1772055230129711,empleo,sorpresa_tpu_std,B,completa,1000.0,88
0,-0.031467342287879015,-0.09548223917210073,0.03444877843740492,-0.10622375263380836,0.045703166444247226,-0.017902302886169605,-0.09612704787108646,0.03591146327924773,-0.10755911918158796,0.05024237263010896,empleo,sorpresa_tpu_std,B,sin pandemia,1000.0,72
1,-0.011164718382313487,-0.0961039195807073,0.027045121430271605,-0.10471460557946166,0.039260188136929886,0.0016273454781004638,-0.06303561474399336,0.0664106072838155,-0.07247562080386702,0.08441385481782915,empleo,sorpresa_tpu_std,B,sin pandemia,1000.0,72
2,0.009767399804098902,-0.12430502406485368,0.11699815177879443,-0.14436042367087967,0.15063072144841683,0.013003789245521466,-0.06203097556122816,0.09794939779267302,-0.07501339567363528,0.12100550432720283,empleo,sorpresa_tpu_std,B,sin pandemia,1000.0,72
3,0.013748169342218255,-0.12452494132973396,0.17227195693260447,-0.14914132804511548,0.20076972453769173,0.016245268525795786,-0.0752058165983523,0.12055677096280289,-0.09409967580981715,0.1467069298411967,empleo,sorpresa_tpu_std,B,sin pandemia,1000.0,72
4,0.07063828103966939,-0.04686793215170412,0.23495355751653166,-0.07202128486628394,0.26806429733849996,0.011422711722527337,-0.09476695632995975,0.1325399420952738,-0.1153589834619965,0.1637618214847168,empleo,sorpresa_tpu_std,B,sin pandemia,1000.0,72
5,0.07257793341767607,-0.061488503704183274,0.2650054775521505,-0.09111054235517943,0.29961725712074466,-0.0013018432537148564,-0.12087794192929709,0.13379782634379395,-0.14285151989062314,0.16447238386989,empleo,sorpresa_tpu_std,B,sin pandemia,1000.0,72
6,-0.06353258674741899,-0.2014757048826909,0.13718806460154231,-0.23550634203064297,0.17419669458865317,-0.021633802335111443,-0.14789161713626323,0.12729059609616794,-0.176259484112314,0.15545216780482746,empleo,sorpresa_tpu_std,B,sin pandemia,1000.0,72
7,-0.08267053223367958,-0.20006727204598163,0.09238701284811694,-0.235587423976084,0.11484673112099589,-0.04917234690651658,-0.1843111213391064,0.11093029094016262,-0.21517694934453388,0.13520094597681875,empleo,sorpresa_tpu_std,B,sin pandemia,1000.0,72
8,-0.08871967277241191,-0.21404433766158315,0.030302202792113722,-0.23660358509761903,0.052475365540203885,-0.08351597833952032,-0.22794819376653597,0.08509171731121065,-0.25701105716026157,0.11403369241745451,empleo,sorpresa_tpu_std,B,sin pandemia,1000.0,72
9,-0.2109329949349794,-0.38029210682934,-0.04928183787788499,-0.4158541110279833,-0.01704210058345086,-0.12432672378237299,-0.2774912407258855,0.05794983754931409,-0.3081456878436336,0.08875333686976232,empleo,sorpresa_tpu_std,B,sin pandemia,1000.0,72
10,-0.20255060148782708,-0.41528615983589207,0.034573363122811424,-0.4468092122850295,0.0779719322404252,-0.1713637047674032,-0.3375360602203978,0.028163073675585466,-0.3670082410008975,0.05645538776785304,empleo,sorpresa_tpu_std,B,sin pandemia,1000.0,72
11,-0.17612776647824904,-0.36793699553847753,0.05385342859738712,-0.3962665206480021,0.08561429281333734,-0.22451251992650118,-0.4169508710753279,-0.006232951929965503,-0.4478494781753042,0.02161802827056462,empleo,sorpresa_tpu_std,B,sin pandemia,1000.0,72
12,-0.2479233629375401,-0.4583386200983632,-0.015921913886978355,-0.4939262376989143,0.036485039830932466,-0.2837470824327881,-0.506151263562941,-0.042454801965492776,-0.5456910074373214,-0.006257701896443229,empleo,sorpresa_tpu_std,B,sin pandemia,1000.0,72
0,-0.49172854805669897,-0.9121413953890097,0.16763071441869482,-0.9977613117288132,0.30702813105256366,-0.4169038988240636,-1.4239807851123836,0.48706649740784935,-1.7010915968233664,0.6300696500838734,horas,sorpresa_tpu_std,B,completa,1000.0,88
1,0.16042041324738582,-1.1118197484021597,1.3232813793686602,-1.4268379960806392,1.4811391229957747,-0.02378711323057931,-1.3194075687376183,0.9959603510182572,-1.600102647026456,1.1617992999258318,horas,sorpresa_tpu_std,B,completa,1000.0,88
2,0.529803823558655,-2.600379706507771,2.8801284652312646,-3.2085582575295772,3.3527505736825245,0.2814665381900433,-1.256728247888582,1.4153480754012524,-1.5544853879490177,1.6839500808072887,horas,sorpresa_tpu_std,B,completa,1000.0,88
3,-0.10757939593389852,-2.7427881005228225,1.728039631505204,-3.2453334338409836,2.180377805083225,0.49893480295278303,-1.214993086409142,1.7467886540039064,-1.499833867311004,2.0281652885621213,horas,sorpresa_tpu_std,B,completa,1000.0,88
4,0.7040639240942671,-0.8072446389255465,1.7901682705630135,-1.1008437201570718,2.105842360520442,0.6286599058017622,-1.1814564145462627,1.9719593247532863,-1.466554629092981,2.238135924337652,horas,sorpresa_tpu_std,B,completa,1000.0,88
5,0.7292920780912131,-0.7688857776891467,1.924781210395254,-1.0677181919895102,2.1910564399937162,0.6702791903874713,-1.1491137531799906,2.0153386396445265,-1.4144871671440793,2.3105182512888565,horas,sorpresa_tpu_std,B,completa,1000.0,88
6,0.5491817903137696,-1.4363200415157171,1.9515675793264298,-1.720318931520546,2.3209867042266796,0.623279726576654,-1.1208620378065448,1.937276045809488,-1.3992079845451486,2.2547998861804945,horas,sorpresa_tpu_std,B,completa,1000.0,88
7,0.8054875741264027,-0.9804872558329112,2.101151267448309,-1.1649277134992022,2.382281258037548,0.4871755607729932,-1.1204960839276745,1.7331426306027444,-1.3709666538962964,2.0206007506866985,horas,sorpresa_tpu_std,B,completa,1000.0,88
8,0.3954573012301564,-0.4874261684802873,1.5994232883380255,-0.7153957931793724,1.878371929767615,0.26162459173072045,-1.1405733336029586,1.3597176601655239,-1.4141628231485943,1.6702250471054632,horas,sorpresa_tpu_std,B,completa,1000.0,88
9,-0.21874821404653197,-1.5179255133578509,0.6275115936484142,-1.682252026062012,0.8355870537370792,-0.05337991081486753,-1.190390338651952,0.9192413826592173,-1.4314260455911916,1.1855533246963434,horas,sorpresa_tpu_std,B,completa,1000.0,88
10,-0.63897764957252,-1.522695696639695,0.16029857395879768,-1.6491417923339646,0.35913792088491975,-0.457629725590659,-1.2836792549534446,0.4134115359374291,-1.5029280288634899,0.5725889374834051,horas,sorpresa_tpu_std,B,completa,1000.0,88
11,-0.909603592629585,-1.2345750273528127,0.4753000619986802,-1.5144322640418797,0.5581595791146708,-0.950953086792176,-1.5058399575139925,-0.15869910101133763,-1.6850453252585982,-0.024070777596716997,horas,sorpresa_tpu_std,B,completa,1000.0,88
12,-1.487286587584079,-2.548410616664499,-0.42221653957239746,-2.77479772806498,-0.29483603647224454,-1.5333059549881571,-1.9014657656353389,-0.5521079325997023,-2.068484696596777,-0.43934086185995236,horas,sorpresa_tpu_std,B,completa,1000.0,88
0,-0.413723421142675,-0.6925063562667453,-0.023808333984636422,-0.7500211329588076,0.05445475732107881,-0.4260027634762069,-0.7092306871138794,-0.044861822590369575,-0.7597029799203703,0.04009213070464717,horas,sorpresa_tpu_std,B,sin pandemia,0.025118864315095808,72
1,-0.25553467079488396,-0.7421024749385962,0.10029584688591042,-0.7898906772308962,0.20152844509564583,-0.18667019302764093,-0.6069249105892024,0.12148332752693854,-0.6543616184081192,0.20160902979682963,horas,sorpresa_tpu_std,B,sin pandemia,0.025118864315095808,72
2,0.18699836040980555,-0.06604396954854283,0.4384213704940341,-0.10528156118013103,0.48911080179180716,0.03404077066480975,-0.18280985082749793,0.2414332794652892,-0.20908183537831446,0.28508774128776115,horas,sorpresa_tpu_std,B,sin pandemia,0.025118864315095808,72
3,-0.5825887183538713,-0.9932719517264812,-0.0986046764416256,-1.0718150777067752,-0.009483525143540863,-0.4211969058305909,-0.7438216423346242,-0.037021957520268385,-0.7994434362991962,0.031617547008574796,horas,sorpresa_tpu_std,B,sin pandemia,0.025118864315095808,72
4,-0.001040449925304485,-0.3110293729753969,0.4521160921054345,-0.3762991738320499,0.5286886673049042,-0.05071427260975686,-0.28466600081933624,0.3259571689781655,-0.32647929067126263,0.3880269667777505,horas,sorpresa_tpu_std,B,sin pandemia,0.025118864315095808,72
5,0.24174997540250132,-0.060350387837957375,0.8026640834738854,-0.1424995939373993,0.8850220115088877,0.14711896502929375,-0.07284840052425115,0.4909882105422809,-0.126649657403027,0.5266199803227591,horas,sorpresa_tpu_std,B,sin pandemia,0.025118864315095808,72
6,-0.3113777654600048,-0.9400985528830601,0.04954658097905577,-1.0976090501909668,0.12637751327247715,-0.20058410546194022,-0.5630555023140177,0.09876419855370615,-0.6417275723767647,0.15484500024056877,horas,sorpresa_tpu_std,B,sin pandemia,0.025118864315095808,72
7,-0.049623518057240114,-0.43708439026273854,0.5726940442614216,-0.5271515860540621,0.6639281002357704,0.020785548737657006,-0.26497924061669353,0.4472091731870019,-0.32174484819460475,0.5194378966782364,horas,sorpresa_tpu_std,B,sin pandemia,0.025118864315095808,72
8,0.5301357981708112,0.1458472041447847,0.8693152898078248,0.08046184067352914,0.9305164802530556,0.2360661565986113,-0.02672049714851729,0.5236081285467094,-0.08978742782692847,0.5725026826773255,horas,sorpresa_tpu_std,B,sin pandemia,0.025118864315095808,72
9,-0.8229061254384807,-1.359100437951507,-0.45901096966353155,-1.4631271876455718,-0.35400827231650345,-0.645123199127389,-0.9261480869692325,-0.45521941754361644,-0.9712454826771034,-0.3993708495852878,horas,sorpresa_tpu_std,B,sin pandemia,0.025118864315095808,72
10,-0.6761789535656445,-1.0403741750915314,-0.10373988120273119,-1.1177581005230859,0.027388030483024888,-0.4901962857090596,-0.7755854234166015,-0.1633468526779097,-0.8278187870918261,-0.09709836997132636,horas,sorpresa_tpu_std,B,sin pandemia,0.025118864315095808,72
11,0.6628957386504516,0.09623430427785695,1.3069970596112654,0.02383400936629804,1.4785728735339574,0.37728630791196777,-0.040499174120023296,0.9173379558039686,-0.11315834622662778,1.035828739539515,horas,sorpresa_tpu_std,B,sin pandemia,0.025118864315095808,72
12,-1.0829145935317066,-1.638176267703529,-0.6362225790448996,-1.7356414657208756,-0.5746357238316008,-0.9815400296429524,-1.492389996271506,-0.5785714516774408,-1.6110232055069098,-0.5174388977019525,horas,sorpresa_tpu_std,B,sin pandemia,0.025118864315095808,72
