rama,sens,pre,rama_nombre,coef_exportacion,variable,muestra,especificacion,ee,sens_post,sd_post,prob_negativo,tau
3111,-0.34943845813812424,0.45270906158080304,Elaboración de alimentos para animales,0.02886946578166,empleo,completa,E0,0.408769704504508,-0.31418049820183136,0.35242368054177764,0.8136655382179734,0.2400254604419161
3112,-0.023693857631736363,-0.09489109215775171,Molienda de granos y de semillas y obtención de aceites y grasas,0.0609807080676099,empleo,completa,E0,0.4481544538176527,-0.20516933333992818,0.3594999648647122,0.7159010397471792,0.2400254604419161
3113,-0.5281799482911702,0.09572962898101461,"Elaboración de azúcares, chocolates, dulces y similares",0.2016423568218791,empleo,completa,E0,0.8100026678655937,-0.3754772155297818,0.3791932801833031,0.8389618327244439,0.2400254604419161
3114,-0.18954845980686713,0.4356933580163935,"Conservación de frutas, verduras, guisos y otros alimentos preparados",0.3156513149608729,empleo,completa,E0,0.46769269269379704,-0.3397702811454636,0.3621670363740982,0.8259186591725411,0.2400254604419161
3115,-0.1995377495439719,0.013035368917901002,Elaboración de productos lácteos,0.0498313429839448,empleo,completa,E0,0.4114733008320374,-0.25502413917584293,0.3530021958194934,0.7649890723725519,0.2400254604419161
3116,-0.12458515175944926,-0.07824779113033555,"Matanza, empacado y procesamiento de carne de ganado, aves y otros animales comestibles",0.044361709007407,empleo,completa,E0,0.4036914679669077,-0.21827609936630973,0.35129170502395973,0.7328162536443805,0.2400254604419161
3117,1.334586949486573,0.9296560451522098,Preparación y envasado de pescados y mariscos,0.7478643561015712,empleo,completa,E0,1.098721030482293,-0.49491443959513515,0.38248282809307904,0.9021590080626165,0.2400254604419161
3118,-0.025051512533024855,0.07618940562875057,Elaboración de productos de panadería y tortillas,0.043199849411286,empleo,completa,E0,0.430746990273527,-0.19140492326564876,0.35669924901749533,0.7042281308285601,0.2400254604419161
3119,-0.7308273796935781,-0.07642698124618633,Otras industrias alimentarias,0.1089707298904361,empleo,completa,E0,0.5015692966522329,-0.42944009425443896,0.36588757859124704,0.8797412139344549,0.2400254604419161
3121,-0.18885611342972372,0.026519196985649102,Industria de las bebidas,0.2419442465750293,empleo,completa,E0,0.44725705624968365,-0.3116455168349199,0.35936620114177303,0.8070861806594696,0.2400254604419161
3122,0.821662172397674,-0.017948117120833253,Industria del tabaco,0.1071479040489181,empleo,completa,E0,0.6782045107404184,-0.16579233986652525,0.3759411461648045,0.6703957106739502,0.2400254604419161
3131,-0.4406101583973976,-0.6537794201319265,"Preparación e hilado de fibras textiles, y fabricación de hilos",0.2001267979454507,empleo,completa,E0,0.6055657431437711,-0.373340983928483,0.3730267544811227,0.8415484909777757,0.2400254604419161
3132,-0.5373022747124001,-0.8049229155501867,Fabricación de telas,0.1336042055792961,empleo,completa,E0,0.5448844033791056,-0.37643341850935974,0.3694613786601754,0.8458678512007041,0.2400254604419161
3133,0.8288681352645757,-0.15374029828285965,Acabado de productos textiles y fabricación de telas recubiertas,0.3062290364360683,empleo,completa,E0,1.224635097063348,-0.3553872534784142,0.383220169816725,0.8231330162722772,0.2400254604419161
3141,-0.32982324811764824,-0.8815197624182446,"Confección de alfombras, blancos y similares",0.5072465584471345,empleo,completa,E0,1.088577933357181,-0.4803618911256081,0.38241154502969965,0.8954671327958976,0.2400254604419161
3149,0.37442279982709537,-0.541255935037108,"Fabricación de otros productos textiles, excepto prendas de vestir",0.3944218335152466,empleo,completa,E0,0.7152745219517656,-0.342565099619835,0.37705983376744534,0.8181973132916969,0.2400254604419161
3151,-1.1761310239149276,-0.4000589475403848,Fabricación de prendas de vestir de tejido de punto,0.3365154443339868,empleo,completa,E0,0.5723098855172748,-0.5655886047475802,0.37123922725881897,0.9361850693084268,0.2400254604419161
3152,-0.12124817415313122,-0.19362650646239754,Confección de prendas de vestir,0.4259861529321015,empleo,completa,E0,0.3944215230367805,-0.29651898482537165,0.3490589217609108,0.8021932010217329,0.2400254604419161
3159,-1.7620967314191975,-1.6373853253181212,Confección de accesorios de vestir y otras prendas de vestir no clasificados en otra parte,0.6664841032423205,empleo,completa,E0,1.8947682045452743,-0.5747482242897157,0.38495288021350227,0.9322860215446178,0.2400254604419161
3161,0.39022171741600253,-1.5843552684912658,Curtido y acabado de cuero y piel,0.262669438610518,empleo,completa,E0,0.8440104633162424,-0.3196606804749117,0.3797760084220849,0.8000244201259319,0.2400254604419161
3162,-0.20807629893371707,-0.4073572232311191,Fabricación de calzado,0.1604241815757467,empleo,completa,E0,0.5010697832548495,-0.3068967565081325,0.3658395213810172,0.7992326702100432,0.2400254604419161
3169,0.3736823927596042,-1.0034001772464853,"Fabricación de otros productos de cuero, piel y materiales sucedáneos",0.6136094363212712,empleo,completa,E0,0.7392963848840494,-0.4310914362438949,0.37768726363890065,0.8731478035611535,0.2400254604419161
3211,-0.5965335930497927,-0.10500158284548894,Aserrado y conservación de la madera,0.0034917286527276,empleo,completa,E0,0.9114378778955537,-0.2997720557394492,0.38073158950343455,0.7844638316232992,0.2400254604419161
3212,-0.9418792123041154,-0.31009037114857135,Fabricación de laminados y aglutinados de madera,0.0775332943220637,empleo,completa,E0,0.5387513110804519,-0.4502625707472289,0.3690183283788447,0.8887984858980398,0.2400254604419161
3219,0.32333645862236404,-0.3700221401900991,Fabricación de otros productos de madera,0.1827036170504173,empleo,completa,E0,0.775704057478177,-0.28342324827229176,0.3785189391251966,0.7730017769519126,0.2400254604419161
3221,-0.29247439072739867,-0.10618720854644441,"Fabricación de pulpa, papel y cartón",0.0619018679380005,empleo,completa,E0,0.41341993494022045,-0.29752180114908633,0.35340884093249947,0.8000676579898208,0.2400254604419161
3222,-0.21661698401439153,-0.3152878702249685,Fabricación de productos de cartón y papel,0.1574973850413846,empleo,completa,E0,0.4914755001715334,-0.306741540133468,0.36488033803575903,0.7997317308285865,0.2400254604419161
3231,-1.0305107156002737,-0.5712682686349375,Impresión e industrias conexas,0.1024504665734745,empleo,completa,E0,0.6012113601761223,-0.44350090704005285,0.3728122427759782,0.8829000033954231,0.2400254604419161
3241,0.9791752332431767,0.0403540804793736,Fabricación de productos derivados del petróleo y del carbón,0.0588949583065286,empleo,completa,E0,1.003960410189453,-0.22426489678237027,0.3817255820145315,0.7215670074152892,0.2400254604419161
3251,-0.09189622690869612,0.7608802229665533,Fabricación de productos químicos básicos,0.135778270214786,empleo,completa,E0,0.6781893126396679,-0.2997242407724692,0.37594064483139406,0.7873513687979032,0.2400254604419161
3252,-0.11685900273650353,-0.14989094897179994,"Fabricación de resinas y hules sintéticos, y fibras químicas",0.3119319594154858,empleo,completa,E0,0.5747180178841037,-0.34998687665194056,0.37138107329629466,0.827004232635254,0.2400254604419161
3253,-1.5291331870819609,-0.19699519926819187,"Fabricación de fertilizantes, pesticidas y otros agroquímicos",0.1679807884786191,empleo,completa,E0,0.7197473695746123,-0.4865740465334453,0.37718196255900277,0.9014789581384686,0.2400254604419161
3254,0.03756736647816416,-0.019239543605912793,Fabricación de productos farmacéuticos,0.1290966945098601,empleo,completa,E0,0.43572847336767173,-0.19385206827253468,0.35754735266686594,0.7061498973284721,0.2400254604419161
3255,-0.6214914712471751,-0.10467644852287278,"Fabricación de pinturas, recubrimientos y adhesivos",0.0704773870608603,empleo,completa,E0,0.5073812114334083,-0.3864107805055899,0.36643378685349465,0.8541769359208269,0.2400254604419161
3256,-0.07542134601200762,-0.11364534632559474,"Fabricación de jabones, limpiadores y preparaciones de tocador",0.2434658656862863,empleo,completa,E0,0.5221848736518212,-0.30459010470336606,0.36772475150433365,0.7962525316475046,0.2400254604419161
3259,-0.8550473052611075,-0.1886982341200984,Fabricación de otros productos químicos,0.3514735701280596,empleo,completa,E0,0.8708906289452045,-0.4572121239333728,0.38018556775101436,0.8854349150390105,0.2400254604419161
3261,-0.6030805815132187,-0.38012882472171206,Fabricación de productos de plástico,0.2303591490643638,empleo,completa,E0,0.3821860991164705,-0.49066871353013997,0.3457328021596817,0.922081631813566,0.2400254604419161
3262,-0.860296066839033,-0.8127989999760183,Fabricación de productos de hule,0.4171737487232005,empleo,completa,E0,0.48860663714605107,-0.5657215162703436,0.3645795540444902,0.939634112181014,0.2400254604419161
3271,0.3430608455149944,-0.08815616962901236,Fabricación de productos a base de arcillas y minerales refractarios,0.3488287256548686,empleo,completa,E0,0.5611598539416635,-0.26493356520876854,0.37055388866993827,0.7626850851017276,0.2400254604419161
3272,-0.027069501431514004,-0.12856909044636328,Fabricación de vidrio y productos de vidrio,0.272472982882299,empleo,completa,E0,0.5104276149083665,-0.2974841920153326,0.36671086835965155,0.7913811128737206,0.2400254604419161
3273,-0.709912724884527,-0.28883802322269886,Fabricación de cemento y productos de concreto,0.0343074151008847,empleo,completa,E0,0.5886075383183821,-0.3670653220074877,0.37215963859362994,0.8380098547019685,0.2400254604419161
3274,-0.12399280367028052,0.28184849253713656,"Fabricación de cal, yeso y productos de yeso",0.1199075903205221,empleo,completa,E0,0.557743834595959,-0.2836598889667871,0.3703340437882899,0.7781490042974715,0.2400254604419161
3279,-0.2466295195889493,-0.29103489385788595,Fabricación de otros productos a base de minerales no metálicos,0.2243733059375072,empleo,completa,E0,0.4419575785261706,-0.3256137773464731,0.35855386822269547,0.8180954153439404,0.2400254604419161
3311,-0.4083303058015854,-0.9952138078005512,Industria básica del hierro y del acero,0.279574215702268,empleo,completa,E0,2.2857295335893926,-0.3928120137615306,0.38533440557873017,0.8459947527854468,0.2400254604419161
3312,-0.3975953679266404,-0.11247415480817109,Fabricación de productos de hierro y acero,0.0669975578374552,empleo,completa,E0,0.6612324988220789,-0.31679052818440007,0.3753567104598471,0.8006574549230493,0.2400254604419161
3313,-0.9452052559868526,-0.9531838129898993,Industria básica del aluminio,0.2650002880058719,empleo,completa,E0,0.6318442645579876,-0.4746197979854578,0.37421470595866146,0.8976561489704828,0.2400254604419161
3314,-0.6794025084802453,0.39590137574662054,"Industrias de metales no ferrosos, excepto aluminio",0.4934732886739018,empleo,completa,E0,0.5145784280492735,-0.5316357237056111,0.36707863454326695,0.9262317930137864,0.2400254604419161
3315,-1.5844394512876478,-0.4994492977328081,Moldeo por fundición de piezas metálicas,0.0974402319506194,empleo,completa,E0,0.6528930429282223,-0.5023441258401041,0.3750504099042949,0.9097804522759843,0.2400254604419161
3321,-0.9653671610403727,-0.24006107261270365,Fabricación de productos metálicos forjados y troquelados,0.4526204884780047,empleo,completa,E0,0.7606253439150907,-0.5182338844642722,0.37819037616443196,0.9147032034050943,0.2400254604419161
3322,-0.3877661838896815,0.10815731817422317,Fabricación de herramientas de mano sin motor y utensilios de cocina metálicos,0.4783144421423179,empleo,completa,E0,0.8381372617937918,-0.46852246268628306,0.3796808181891163,0.8913967484367058,0.2400254604419161
3323,0.0660062964671406,-0.13525198721419004,Fabricación de estructuras metálicas y productos de herrería,0.2249299265714363,empleo,completa,E0,0.5256953647013662,-0.26615286702666086,0.368011402348902,0.7652273501223184,0.2400254604419161
3324,-0.3742997873774423,-0.36013648351554134,"Fabricación de calderas, tanques y envases metálicos",0.2575554192946691,empleo,completa,E0,0.6118518116898413,-0.3818490901084882,0.37332710702188027,0.8468052038075373,0.2400254604419161
3325,-0.10890358091973389,-0.005743762933198065,Fabricación de herrajes y cerraduras,0.8134327973740351,empleo,completa,E0,0.80962836530191,-0.5698495564835425,0.3791864200049664,0.9335574776136693,0.2400254604419161
3326,-1.6788195964802042,-0.6348063295290334,"Fabricación de alambre, productos de alambre y resortes",0.3138914060002775,empleo,completa,E0,0.6619140169612943,-0.5883109182468987,0.37538116354131507,0.9414702447022152,0.2400254604419161
3327,-0.16478564561076944,0.04724938017913433,Maquinado de piezas y fabricación de tornillos,0.1233232283296124,empleo,completa,E0,0.5421414666262296,-0.2910504222964023,0.3692654776770297,0.7847064711604348,0.2400254604419161
3328,-0.3065389415695112,0.4142001909624859,Recubrimientos y terminados metálicos,0.1588822707072484,empleo,completa,E0,0.6674813092984101,-0.33697643038833036,0.37557775699081186,0.8151996268239035,0.2400254604419161
3329,-0.9194229785129262,0.2254219653795201,Fabricación de otros productos metálicos,0.6293046757254936,empleo,completa,E0,0.5240240761431812,-0.630491577838566,0.3678758136434379,0.9567237622718044,0.2400254604419161
3331,-1.594443268466457,-1.3539279910831097,"Fabricación de maquinaria y equipo agropecuario, para la construcción y para la industria extractiva",0.519899184727109,empleo,completa,E0,1.0652036728235779,-0.5512252102844324,0.38223908123859757,0.9253622648486893,0.2400254604419161
3332,-1.5822812574555967,-0.2796385592711344,"Fabricación de maquinaria y equipo para las industrias manufactureras, excepto la metalmecánica",0.6992566972513394,empleo,completa,E0,0.6494986052492014,-0.7194467340214539,0.37492187558612783,0.9725030487278573,0.2400254604419161
3333,-2.4331557342153243,0.4049796910428449,Fabricación de maquinaria y equipo para el comercio y los servicios,0.8664849575372038,empleo,completa,E0,1.2092692070703468,-0.7115790153462083,0.38314281078970946,0.968359795786549,0.2400254604419161
3334,-1.3667271864693682,0.47563914569236554,"Fabricación de equipo de aire acondicionado, calefacción, y de refrigeración industrial y comercial",0.8482017522901368,empleo,completa,E0,0.7444012400290788,-0.7129599453714582,0.3778120287655292,0.9704249360288217,0.2400254604419161
3335,-1.0617899427874185,-1.4529172449074645,Fabricación de maquinaria y equipo para la industria metalmecánica,0.6052735791408839,empleo,completa,E0,1.2020476119623071,-0.5512131567130176,0.38310538650938697,0.9248968185095421,0.2400254604419161
3336,-1.0254862734873629,-0.3931242707820493,"Fabricación de motores de combustión interna, turbinas y transmisiones",0.8385248456652771,empleo,completa,E0,0.7430264372809101,-0.6717285329913877,0.37777870690723,0.962306330331706,0.2400254604419161
3339,-1.06698772313348,-0.12487472997416874,Fabricación de otra maquinaria y equipo para la industria en general,0.6417221502759753,empleo,completa,E0,0.6458915016129181,-0.6232859316641113,0.37478274986547816,0.9518497154781451,0.2400254604419161
3341,0.6151013947743439,1.1231774308668927,Fabricación de computadoras y equipo periférico,0.7847307234340066,empleo,completa,E0,1.0977977460577177,-0.5448683573681159,0.3824764248242052,0.9228607124607484,0.2400254604419161
3342,2.5208727788716816,-0.12242335654813409,Fabricación de equipo de comunicación,0.895054776922478,empleo,completa,E0,1.6979534208779576,-0.5870863079378975,0.3846519016407765,0.9365298627523841,0.2400254604419161
3343,-0.10432426353568156,-1.3189357609116856,Fabricación de equipo de audio y de video,0.9478363435009872,empleo,completa,E0,0.7246474205841731,-0.6066603145350737,0.3773128858660258,0.9460653413685975,0.2400254604419161
3344,-0.7736268397708296,-0.7743190770335796,Fabricación de componentes electrónicos,0.4744887481943934,empleo,completa,E0,0.7368876144418072,-0.5083770494987623,0.37762739512079824,0.9108874121274182,0.2400254604419161
3345,-0.8453659369358659,-1.0842920956589182,"Fabricación de instrumentos de medición, control, navegación, y equipo médico electrónico",0.9203173609236356,empleo,completa,E0,0.5742889450335084,-0.6975738906453764,0.3713559541378342,0.9698402394639165,0.2400254604419161
3346,1.0358546298622855,1.237521881749561,Fabricación y reproducción de medios magnéticos y ópticos,0.6054992436078728,empleo,completa,E0,1.3344400729392631,-0.4779442855938326,0.3836951231645993,0.8935508875411553,0.2400254604419161
3351,-1.6353334731138105,0.6694133622030956,Fabricación de accesorios de iluminación,0.831395116765869,empleo,completa,E0,0.7869519671034657,-0.7239663779224499,0.3787507075442496,0.9720271775725323,0.2400254604419161
3352,0.0892558676768411,-0.2374699688572275,Fabricación de aparatos eléctricos de uso doméstico,0.3900028883753999,empleo,completa,E0,0.6271762548488974,-0.3543608117512162,0.37401617331849185,0.8282946857835909,0.2400254604419161
3353,-0.08370673108073726,-0.16579591860942638,Fabricación de equipo de generación y distribución de energía eléctrica,0.8989208694711824,empleo,completa,E0,0.5639434991830682,-0.5374509390810753,0.37072952584843544,0.9264305371365049,0.2400254604419161
3359,0.32628565735069937,-0.139852247923585,Fabricación de otros equipos y accesorios eléctricos,0.7464127593691879,empleo,completa,E0,0.7765647135345214,-0.49615124999132465,0.37853706325106073,0.905021645480907,0.2400254604419161
3361,-0.848638408929072,-0.3880234437344981,Fabricación de automóviles y camiones,0.6801529750236635,empleo,completa,E0,0.6257029011331534,-0.6072888389371497,0.37395244753007584,0.9478092603584798,0.2400254604419161
3362,-2.905073363009893,-1.7533954258424282,Fabricación de carrocerías y remolques,0.4826387565231524,empleo,completa,E0,1.1239600024967444,-0.591695264363563,0.3826515399969024,0.9389843087564266,0.2400254604419161
3363,-1.0725397293035188,-0.557910574125487,Fabricación de partes para vehículos automotores,0.5296068171162411,empleo,completa,E0,0.581870987593779,-0.6063884151565834,0.37179022494864644,0.948554431123564,0.2400254604419161
3364,-0.6230895103030306,-0.2135834928911073,Fabricación de equipo aeroespacial,0.9896704181454756,empleo,completa,E0,0.9188970477486788,-0.6861551621208706,0.38082372960504224,0.9642088676787927,0.2400254604419161
3365,-4.705283046936118,0.4926150778790348,Fabricación de equipo ferroviario,0.8018618332294466,empleo,completa,E0,2.852231362670549,-0.6411830481641299,0.385632399099373,0.9518116866223946,0.2400254604419161
3366,-2.4479337482501204,2.6061411297491945,Fabricación de embarcaciones,0.5822911532336551,empleo,completa,E0,4.739433459266325,-0.5247756376931166,0.3859715844838718,0.9130252875567171,0.2400254604419161
3369,-1.6450846783470172,-2.9904199641754077,Fabricación de otro equipo de transporte,0.6740711386128929,empleo,completa,E0,1.31010488010201,-0.5955951077243867,0.3836004009528437,0.9397459730184062,0.2400254604419161
3371,0.5985282245098084,-0.16453682306498466,"Fabricación de muebles, excepto de oficina y estantería",0.3642278188643361,empleo,completa,E0,0.7767937262217882,-0.3243394305201317,0.37854187481890283,0.8042257567309665,0.2400254604419161
3372,-2.1416619707967888,-0.5210815092941834,Fabricación de muebles de oficina y estantería,0.2214380514733216,empleo,completa,E0,0.7559435529010605,-0.558281612146803,0.3780839416227791,0.9301095699806242,0.2400254604419161
3379,0.1868578557967653,-1.0515379587059834,"Fabricación de colchones, persianas y cortineros",0.3523025337449802,empleo,completa,E0,0.6491864226504205,-0.3325043662900694,0.37490993904116393,0.8124312891670329,0.2400254604419161
3391,-0.4315997493165481,0.3699878632387004,"Fabricación de equipo no electrónico y material desechable de uso médico, dental y para laboratorio, y artículos oftálmicos",0.7835186733412709,empleo,completa,E0,0.48171516995187186,-0.5541357246935109,0.3638288456718333,0.9361290336167248,0.2400254604419161
3399,0.07793403136787415,-0.23217971116373473,Otras industrias manufactureras,0.618987370047973,empleo,completa,E0,0.6408493697625208,-0.4414845828572011,0.3745837620895837,0.8807213397160818,0.2400254604419161
3111,-3.4983204526716873,2.979214736890632,Elaboración de alimentos para animales,0.02886946578166,exportaciones,completa,T1,3.264125855543285,-4.133019448595667,2.1077100609710446,0.9750549539802923,1.067692763974644
3112,-2.6833428071452956,0.05013218658774376,Molienda de granos y de semillas y obtención de aceites y grasas,0.0609807080676099,exportaciones,completa,T1,2.4475314134056014,-3.667926601285774,2.060202031242005,0.9624924729465301,1.067692763974644
3113,-0.44279197246300084,9.49622851010134,"Elaboración de azúcares, chocolates, dulces y similares",0.2016423568218791,exportaciones,completa,T1,3.587231580646056,-3.2367270655485045,2.1154557269103984,0.9369963042242975,1.067692763974644
3114,-3.9322765630306384,3.16373655744525,"Conservación de frutas, verduras, guisos y otros alimentos preparados",0.3156513149608729,exportaciones,completa,T1,2.559935842447551,-3.353826533136613,2.0715862685025215,0.947272648210548,1.067692763974644
3115,-6.728899389258454,3.571722047585682,Elaboración de productos lácteos,0.0498313429839448,exportaciones,completa,T1,4.6342039847740395,-4.306926139704249,2.128496828622414,0.9784870785323007,1.067692763974644
3116,3.3639719679757354,2.6542966182600667,"Matanza, empacado y procesamiento de carne de ganado, aves y otros animales comestibles",0.044361709007407,exportaciones,completa,T1,3.554134043873053,-3.341284964778766,2.1147883883358145,0.9429421977518354,1.067692763974644
3117,2.567392349777546,2.5194365428760594,Preparación y envasado de pescados y mariscos,0.7478643561015712,exportaciones,completa,T1,5.983704672328679,-1.355530447779612,2.135304446447108,0.7372265533672221,1.067692763974644
3118,-2.3816324468591397,4.174537138914476,Elaboración de productos de panadería y tortillas,0.043199849411286,exportaciones,completa,T1,2.482728029645686,-3.6461604859757375,2.0640741302599865,0.961342924603994,1.067692763974644
3119,-4.244409176579726,2.552057835169329,Otras industrias alimentarias,0.1089707298904361,exportaciones,completa,T1,2.4776627189809273,-4.02264640882906,2.0635356863703818,0.9743758719102956,1.067692763974644
3121,-4.272344169482347,2.0887712672299217,Industria de las bebidas,0.2419442465750293,exportaciones,completa,T1,2.5987132144581557,-3.640299520780653,2.07492430520197,0.9603211630758871,1.067692763974644
3122,3.888938637962399,5.720742286300573,Industria del tabaco,0.1071479040489181,exportaciones,completa,T1,4.794071558621347,-3.5036565937115833,2.1296587827953988,0.9500329041997193,1.067692763974644
3131,-5.836752588311169,0.4545720881573542,"Preparación e hilado de fibras textiles, y fabricación de hilos",0.2001267979454507,exportaciones,completa,T1,3.4427808885202817,-3.850686839867824,2.1123525305307442,0.9658435783899171,1.067692763974644
3132,-8.889608958944153,-0.660434479588857,Fabricación de telas,0.1336042055792961,exportaciones,completa,T1,3.0979209432830337,-4.626184673994944,2.1023308227770325,0.9861143760799166,1.067692763974644
3133,-3.371811773646289,-0.9562457710562298,Acabado de productos textiles y fabricación de telas recubiertas,0.3062290364360683,exportaciones,completa,T1,3.245838367920291,-3.2037392253519252,2.1071742010946792,0.9357942603249857,1.067692763974644
3141,-1.9060010661730027,1.7456573518345297,"Confección de alfombras, blancos y similares",0.5072465584471345,exportaciones,completa,T1,2.500300436421944,-2.264400812789921,2.065895800961107,0.8634795723798578,1.067692763974644
3149,0.17204449424259105,3.598518679282704,"Fabricación de otros productos textiles, excepto prendas de vestir",0.3944218335152466,exportaciones,completa,T1,3.2574781592819737,-2.426467227593327,2.107516718882775,0.8752037018236698,1.067692763974644
3151,-4.354127755388669,-0.8889904220911982,Fabricación de prendas de vestir de tejido de punto,0.3365154443339868,exportaciones,completa,T1,5.023612084067969,-3.1255659627558816,2.131110071957709,0.9287626543607226,1.067692763974644
3152,-3.536679363235721,1.3971557707258002,Confección de prendas de vestir,0.4259861529321015,exportaciones,completa,T1,2.6685496656376753,-2.9140911529331364,2.080325367554234,0.9193609979503301,1.067692763974644
3159,0.0652288579115444,1.2680578940108889,Confección de accesorios de vestir y otras prendas de vestir no clasificados en otra parte,0.6664841032423205,exportaciones,completa,T1,2.9475161516974473,-1.4693654568688905,2.096260470359363,0.7583316518785204,1.067692763974644
3161,-4.936795559840907,1.1523938685488933,Curtido y acabado de cuero y piel,0.262669438610518,exportaciones,completa,T1,3.044112856353002,-3.6041978547639824,2.100310159796756,0.956921837899812,1.067692763974644
3162,-7.182398006665427,-0.32943558753468594,Fabricación de calzado,0.1604241815757467,exportaciones,completa,T1,2.988657738590474,-4.326948592846688,2.098056718383507,0.9804132704042265,1.067692763974644
3169,-0.3930185206868178,4.810171327833003,"Fabricación de otros productos de cuero, piel y materiales sucedáneos",0.6136094363212712,exportaciones,completa,T1,4.17360888308292,-1.883652985208324,2.1242115931790346,0.8123943028287914,1.067692763974644
3211,-1.1896849185704204,3.4497248975917065,Aserrado y conservación de la madera,0.0034917286527276,exportaciones,completa,T1,4.7151045161354235,-4.150485055658362,2.1291019732783902,0.974376545777631,1.067692763974644
3212,-6.452419233879179,-2.792781230064975,Fabricación de laminados y aglutinados de madera,0.0775332943220637,exportaciones,completa,T1,5.0132139423779245,-4.168265304962998,2.131049212826629,0.9747655723009346,1.067692763974644
3219,-1.3284031535763752,0.8537980208126107,Fabricación de otros productos de madera,0.1827036170504173,exportaciones,completa,T1,2.5084473050918263,-2.9821432902208334,2.066716769859762,0.9254809718723996,1.067692763974644
3221,-4.028187633676369,2.5835113167235164,"Fabricación de pulpa, papel y cartón",0.0619018679380005,exportaciones,completa,T1,4.821858289544885,-4.103362206585914,2.1298472414125147,0.9729852070804649,1.067692763974644
3222,-3.011678800150467,1.4387778580754729,Fabricación de productos de cartón y papel,0.1574973850413846,exportaciones,completa,T1,2.1720930381800483,-3.3957928230935637,2.0141427562389893,0.9540996204284169,1.067692763974644
3231,-3.220497046698327,-1.0577235403935297,Impresión e industrias conexas,0.1024504665734745,exportaciones,completa,T1,2.6885829508819135,-3.7830729428564216,2.0817463235643787,0.9654112934074425,1.067692763974644
3241,-8.970868172002044,0.22434566379707968,Fabricación de productos derivados del petróleo y del carbón,0.0588949583065286,exportaciones,completa,T1,5.392864689184901,-4.325796361389941,2.1330210530230858,0.9787205857160796,1.067692763974644
3251,-3.6512242652538043,1.3106013636689626,Fabricación de productos químicos básicos,0.135778270214786,exportaciones,completa,T1,2.5596327097590423,-3.7790678017025403,2.071559116662656,0.9659438084800736,1.067692763974644
3252,-7.282024546429097,3.3929517115006904,"Fabricación de resinas y hules sintéticos, y fibras químicas",0.3119319594154858,exportaciones,completa,T1,3.5887918840240314,-3.600417043858954,2.1154865935330633,0.9556160621750935,1.067692763974644
3253,-10.057491220630359,6.524434976839736,"Fabricación de fertilizantes, pesticidas y otros agroquímicos",0.1679807884786191,exportaciones,completa,T1,6.986670275677737,-3.8592587454780425,2.1378454213358036,0.9644790432043842,1.067692763974644
3254,-5.528313345960307,3.5668021371837098,Fabricación de productos farmacéuticos,0.1290966945098601,exportaciones,completa,T1,3.573963036649268,-4.034461771321841,2.1151911053463177,0.9717639514116598,1.067692763974644
3255,-3.8243645825519375,0.1537656999183747,"Fabricación de pinturas, recubrimientos y adhesivos",0.0704773870608603,exportaciones,completa,T1,2.5892792879905846,-4.009867462653677,2.074136214051434,0.9733985909088543,1.067692763974644
3256,-2.5342566606783627,0.22992919806245288,"Fabricación de jabones, limpiadores y preparaciones de tocador",0.2434658656862863,exportaciones,completa,T1,2.0976193023154317,-2.9330471548985706,1.9935002992296702,0.9293956874969992,1.067692763974644
3259,-4.650303211389027,0.45974395713483046,Fabricación de otros productos químicos,0.3514735701280596,exportaciones,completa,T1,2.801234651883041,-3.343669486738619,2.0888451372303156,0.9452812306738115,1.067692763974644
3261,-1.609768885533104,0.6066472462556955,Fabricación de productos de plástico,0.2303591490643638,exportaciones,completa,T1,2.123337239741676,-2.4997338655345307,2.0012461135063115,0.8941836796813006,1.067692763974644
3262,-2.997588670442739,0.24208696095440063,Fabricación de productos de hule,0.4171737487232005,exportaciones,completa,T1,2.6359441882005883,-2.813904816796128,2.077894514613451,0.912165250440498,1.067692763974644
3271,-6.440361207420282,2.2565667645645107,Fabricación de productos a base de arcillas y minerales refractarios,0.3488287256548686,exportaciones,completa,T1,2.3774142396991076,-4.185875061320149,2.051467231448341,0.9793462364033518,1.067692763974644
3272,-4.37218795678452,0.7909675644747691,Fabricación de vidrio y productos de vidrio,0.272472982882299,exportaciones,completa,T1,2.206127302478092,-3.782507990241635,2.0219877925097824,0.9693058198594717,1.067692763974644
3273,-3.1903310745050586,0.8987745236301466,Fabricación de cemento y productos de concreto,0.0343074151008847,exportaciones,completa,T1,2.338856183811833,-3.8430186244394315,2.0459782287093295,0.9698318601595551,1.067692763974644
3274,-5.05521744775121,-0.7055513801035339,"Fabricación de cal, yeso y productos de yeso",0.1199075903205221,exportaciones,completa,T1,3.0623804951973055,-4.0753488881117255,2.101013569612345,0.9737922925588794,1.067692763974644
3279,-4.515477085482641,1.8899569586075062,Fabricación de otros productos a base de minerales no metálicos,0.2243733059375072,exportaciones,completa,T1,2.4912829827316534,-3.7896629705177296,2.0649698369961285,0.9667630569933925,1.067692763974644
3311,-7.107139556637075,2.180351069322608,Industria básica del hierro y del acero,0.279574215702268,exportaciones,completa,T1,4.226796101249744,-3.5589794550570404,2.124793633168778,0.9530305811428136,1.067692763974644
3312,-10.88592897703567,2.8029819963696894,Fabricación de productos de hierro y acero,0.0669975578374552,exportaciones,completa,T1,5.996173342000541,-4.318658025063422,2.1353448013110334,0.9784357813454969,1.067692763974644
3313,-10.170150071239238,-0.6549676821190716,Industria básica del aluminio,0.2650002880058719,exportaciones,completa,T1,3.6053418773497072,-4.0634702708751815,2.1158107887970643,0.972604272958548,1.067692763974644
3314,2.344936991115025,-0.9119711809618369,"Industrias de metales no ferrosos, excepto aluminio",0.4934732886739018,exportaciones,completa,T1,3.854191471543898,-2.0259460972426453,2.120064254742425,0.8303643325010093,1.067692763974644
3315,-9.528884580261689,0.4043718092246871,Moldeo por fundición de piezas metálicas,0.0974402319506194,exportaciones,completa,T1,3.8521246697521883,-4.47819116763234,2.120033154640517,0.9826705495026431,1.067692763974644
3321,-4.471295269618409,-4.062564642310398,Fabricación de productos metálicos forjados y troquelados,0.4526204884780047,exportaciones,completa,T1,2.8803976106577394,-2.9720676575428953,2.0930739526120212,0.9221893886242647,1.067692763974644
3322,0.34554585182497816,0.4029118972970249,Fabricación de herramientas de mano sin motor y utensilios de cocina metálicos,0.4783144421423179,exportaciones,completa,T1,2.6368770531081447,-1.8158793280606838,2.0779661948646915,0.8089063916292563,1.067692763974644
3323,-2.4950208669970957,-0.20127414424824128,Fabricación de estructuras metálicas y productos de herrería,0.2249299265714363,exportaciones,completa,T1,2.928218737846098,-3.3058038793143325,2.095378286781192,0.9426786438537829,1.067692763974644
3324,-1.3412614549417488,3.005956136174426,"Fabricación de calderas, tanques y envases metálicos",0.2575554192946691,exportaciones,completa,T1,3.0911839242069847,-3.0438138576755716,2.1020861642459616,0.9261910151579471,1.067692763974644
3325,-0.5433893196176333,1.1976656161491839,Fabricación de herrajes y cerraduras,0.8134327973740351,exportaciones,completa,T1,2.823530661756577,-1.10268504424943,2.0900927843511172,0.7011035470937417,1.067692763974644
3326,-1.8266581326377458,0.8385873316280077,"Fabricación de alambre, productos de alambre y resortes",0.3138914060002775,exportaciones,completa,T1,2.467633038551077,-2.748169846295224,2.0624512831286728,0.9086483282523874,1.067692763974644
3327,-0.8594491383059532,3.740605469507701,Maquinado de piezas y fabricación de tornillos,0.1233232283296124,exportaciones,completa,T1,2.7912190253306988,-3.245760760378177,2.0882691746108364,0.9399415071028498,1.067692763974644
3328,-19.9278660770408,1.1338778849991709,Recubrimientos y terminados metálicos,0.1588822707072484,exportaciones,completa,T1,7.817581932637418,-4.0520353932992546,2.139212597281988,0.970898870773318,1.067692763974644
3329,-1.0648822964098854,1.3949842862517712,Fabricación de otros productos metálicos,0.6293046757254936,exportaciones,completa,T1,2.3478062308135996,-1.6312207525111166,2.0473011371524006,0.7872066431727914,1.067692763974644
3331,-6.0802971613282715,-2.993549965096436,"Fabricación de maquinaria y equipo agropecuario, para la construcción y para la industria extractiva",0.519899184727109,exportaciones,completa,T1,3.410716341465594,-2.817469470191643,2.111591240836998,0.9089451482817852,1.067692763974644
3332,1.0739520137386014,-0.8017914767105903,"Fabricación de maquinaria y equipo para las industrias manufactureras, excepto la metalmecánica",0.6992566972513394,exportaciones,completa,T1,3.0172103828019385,-1.2164853244169622,2.0992398537508863,0.7188701932307078,1.067692763974644
3333,4.486778186112418,-0.9136603947553387,Fabricación de maquinaria y equipo para el comercio y los servicios,0.8664849575372038,exportaciones,completa,T1,5.106195632271131,-0.7764632539917866,2.1315785208705376,0.6421705997372519,1.067692763974644
3334,-1.6672098394725583,-0.48745660173618777,"Fabricación de equipo de aire acondicionado, calefacción, y de refrigeración industrial y comercial",0.8482017522901368,exportaciones,completa,T1,3.045257633390364,-1.2025328813558462,2.1003547846800728,0.7165212177956394,1.067692763974644
3335,-0.580469381446737,-1.1399026368219194,Fabricación de maquinaria y equipo para la industria metalmecánica,0.6052735791408839,exportaciones,completa,T1,3.622984574243056,-1.8834897698268243,2.116150055456835,0.8132818015728422,1.067692763974644
3336,-1.6204976383267788,-0.3290619831938945,"Fabricación de motores de combustión interna, turbinas y transmisiones",0.8385248456652771,exportaciones,completa,T1,2.7217301198700574,-1.254079042158375,2.0839850756202964,0.7263362715034896,1.067692763974644
3339,-3.809565033167729,0.5237822764028507,Fabricación de otra maquinaria y equipo para la industria en general,0.6417221502759753,exportaciones,completa,T1,2.6541299513167833,-2.359278579277108,2.079268949584973,0.8717426378624009,1.067692763974644
3341,8.566829092931293,2.714850919739411,Fabricación de computadoras y equipo periférico,0.7847307234340066,exportaciones,completa,T1,8.31010236086511,-1.1838577708134754,2.1398273544580593,0.7099536091772642,1.067692763974644
3342,2.278600455318627,0.5516262068637401,Fabricación de equipo de comunicación,0.895054776922478,exportaciones,completa,T1,2.831608375803144,-0.29057785010394843,2.090533420646077,0.5552737356635438,1.067692763974644
3343,-1.7000300141348117,-0.2127990424591215,Fabricación de equipo de audio y de video,0.9478363435009872,exportaciones,completa,T1,3.8228693308420376,-0.8215446999639545,2.119586101143535,0.650842765562675,1.067692763974644
3344,4.139324052549788,-1.301172127124999,Fabricación de componentes electrónicos,0.4744887481943934,exportaciones,completa,T1,4.030629641872627,-1.9891687171721306,2.122504831085884,0.82566696846262,1.067692763974644
3345,-1.1731602771929905,0.014304532609111633,"Fabricación de instrumentos de medición, control, navegación, y equipo médico electrónico",0.9203173609236356,exportaciones,completa,T1,2.7042434344320543,-0.9134484251678572,2.082820939181748,0.669510933394795,1.067692763974644
3346,0.4601683201462578,-4.324011920911614,Fabricación y reproducción de medios magnéticos y ópticos,0.6054992436078728,exportaciones,completa,T1,5.592961941162676,-1.938017112209053,2.1338847162687817,0.8181165663365042,1.067692763974644
3351,-1.9467518559031876,2.1311178538084183,Fabricación de accesorios de iluminación,0.831395116765869,exportaciones,completa,T1,3.0715455849628936,-1.2990398951227804,2.1013596198878135,0.7317750108766576,1.067692763974644
3352,-4.157564304975814,2.1341291907805853,Fabricación de aparatos eléctricos de uso doméstico,0.3900028883753999,exportaciones,completa,T1,2.858732163481707,-3.110619574411334,2.091970706537951,0.9314837018234086,1.067692763974644
3353,-1.8267226327790251,1.5000357034858478,Fabricación de equipo de generación y distribución de energía eléctrica,0.8989208694711824,exportaciones,completa,T1,2.170349430893678,-1.3511615874929868,2.013717166037161,0.748882991963519,1.067692763974644
3359,-1.686752402150113,1.9488665683543283,Fabricación de otros equipos y accesorios eléctricos,0.7464127593691879,exportaciones,completa,T1,2.1348530114951396,-1.5947389347899255,2.0044898936769666,0.786862898119145,1.067692763974644
3361,-2.153266589239778,4.024634171598895,Fabricación de automóviles y camiones,0.6801529750236635,exportaciones,completa,T1,3.3292380476774865,-1.8040145654738857,2.1095205256545455,0.8037735648304649,1.067692763974644
3362,-10.345944045416292,-1.6612321345312802,Fabricación de carrocerías y remolques,0.4826387565231524,exportaciones,completa,T1,4.639862501028487,-2.9697801354680866,2.1285403584677587,0.9185251085199486,1.067692763974644
3363,-3.7202412212092058,0.5284425955373895,Fabricación de partes para vehículos automotores,0.5296068171162411,exportaciones,completa,T1,2.7572148305617388,-2.6263864667473844,2.086238000139843,0.8959686300125718,1.067692763974644
3364,3.898226818743294,5.512556979243394,Fabricación de equipo aeroespacial,0.9896704181454756,exportaciones,completa,T1,4.812579896957621,-0.32784938645108075,2.1297847309389155,0.5611696867848782,1.067692763974644
3365,-19.94900448198845,4.1330846702343225,Fabricación de equipo ferroviario,0.8018618332294466,exportaciones,completa,T1,6.558776400796702,-1.8107101102946128,2.1369142925462037,0.8015994178897579,1.067692763974644
3366,9.448457506538004,-11.94542857757597,Fabricación de embarcaciones,0.5822911532336551,exportaciones,completa,T1,9.344882686779231,-1.9695155943858262,2.140804925762435,0.8212105767576007,1.067692763974644
3369,-0.7687378991296928,-0.7596948586519284,Fabricación de otro equipo de transporte,0.6740711386128929,exportaciones,completa,T1,5.088404864164753,-1.7263185472168214,2.131479789918375,0.7910056323233512,1.067692763974644
3371,-5.982777974991794,0.12186743641519562,"Fabricación de muebles, excepto de oficina y estantería",0.3642278188643361,exportaciones,completa,T1,2.640911466931377,-3.6968107610489813,2.0782747115031435,0.9623627627480679,1.067692763974644
3372,-3.0260382226788733,1.5909908630485698,Fabricación de muebles de oficina y estantería,0.2214380514733216,exportaciones,completa,T1,3.229296175798655,-3.4331789412458518,2.1066785087623763,0.9484137759940219,1.067692763974644
3379,-2.424466905099746,-4.219160696604559,"Fabricación de colchones, persianas y cortineros",0.3523025337449802,exportaciones,completa,T1,4.294528020371957,-2.960333552164349,2.1254975490007157,0.9181556316533986,1.067692763974644
3391,-0.6477055151784359,2.6508882181711093,"Fabricación de equipo no electrónico y material desechable de uso médico, dental y para laboratorio, y artículos oftálmicos",0.7835186733412709,exportaciones,completa,T1,2.5670124336104374,-1.168365061266054,2.0722153158586254,0.7135630963708065,1.067692763974644
3399,-2.3732037037129423,0.9821792038301247,Otras industrias manufactureras,0.618987370047973,exportaciones,completa,T1,2.4019291453730602,-2.113159118832438,2.054690475394508,0.8481323534659067,1.067692763974644
