mes,sorpresa_tpu,sorpresa_tpu_oos
1990-04-01,0.07261180913444054,
1990-05-01,0.04394115219165462,
1990-06-01,0.0986925405161867,
1990-07-01,0.026385354127745675,
1990-08-01,-0.1496600693127954,
1990-09-01,-0.07477739591373389,
1990-10-01,-0.12338876443172353,
1990-11-01,0.12490480104718005,
1990-12-01,0.21779574158805914,
1991-01-01,-0.12336992440631889,
1991-02-01,-0.08259504275140062,
1991-03-01,0.039177651490291954,
1991-04-01,0.1881980063098494,
1991-05-01,0.1367554943738556,
1991-06-01,-0.017458685255828943,
1991-07-01,0.11362301942343445,
1991-08-01,-0.20877801752715985,
1991-09-01,-0.08197032174983176,
1991-10-01,0.034586814392797205,
1991-11-01,0.07493153237666661,
1991-12-01,0.1034219783180319,
1992-01-01,0.2715288263135891,
1992-02-01,-0.0757507824282051,
1992-03-01,-0.24678179498848785,
1992-04-01,0.08612063291463512,
1992-05-01,-0.14396328088412025,
1992-06-01,0.07803225462083763,
1992-07-01,0.29120254608058316,
1992-08-01,0.20638478223287082,
1992-09-01,-0.07892046240939932,
1992-10-01,0.07391675685917676,
1992-11-01,0.28887748020017945,
1992-12-01,-0.24434317376854642,
1993-01-01,0.05662137815319612,
1993-02-01,0.11885210512914224,
1993-03-01,-0.30216087339811004,
1993-04-01,0.03177274348856152,
1993-05-01,-0.026936543971296523,
1993-06-01,-0.028123761043134632,
1993-07-01,0.19516931412305905,
1993-08-01,-0.12780452358561156,
1993-09-01,0.10187505273860031,
1993-10-01,0.03355578557061012,
1993-11-01,0.6212583710868849,
1993-12-01,-0.0495891928574812,
1994-01-01,-0.6326633818942193,
1994-02-01,0.025245365422991828,
1994-03-01,0.03413635891165079,
1994-04-01,-0.1285741470868098,
1994-05-01,0.1123754885313164,
1994-06-01,-0.3065683614288983,
1994-07-01,-0.07356255253559052,
1994-08-01,-0.14454752606620502,
1994-09-01,0.09881320658523585,
1994-10-01,-0.04069328576284725,
1994-11-01,0.4053156540376368,
1994-12-01,-0.12651045198229216,
1995-01-01,-0.11419149857820354,
1995-02-01,-0.1056441912975914,
1995-03-01,-0.2644086913005137,
1995-04-01,-0.0432938546784194,
1995-05-01,0.5140736120616465,
1995-06-01,0.18296450201221015,
1995-07-01,-0.333785382478927,
1995-08-01,-0.4989351127519326,
1995-09-01,-0.0588133508301949,
1995-10-01,-0.17362447079262866,
1995-11-01,-0.009568467198018293,
1995-12-01,0.006863152553692853,
1996-01-01,0.24109639524522652,
1996-02-01,0.23739773346139526,
1996-03-01,-0.019302928381896844,
1996-04-01,-0.1957166826256631,
1996-05-01,-0.02617810004163612,
1996-06-01,-0.14449288239652214,
1996-07-01,-0.1406969771582114,
1996-08-01,-0.0983203928449865,
1996-09-01,-0.16834276994068276,
1996-10-01,-0.023747206235852136,
1996-11-01,0.09415982169378578,
1996-12-01,0.15909122255006736,
1997-01-01,-0.18424924966748124,
1997-02-01,0.19656967873509545,
1997-03-01,-0.08753422776667064,
1997-04-01,0.023643642797457787,
1997-05-01,0.03531214142894035,
1997-06-01,0.03590530386418456,
1997-07-01,-0.11817525662605544,
1997-08-01,-0.1277115332150447,
1997-09-01,0.15905237707867004,
1997-10-01,0.14263372380859085,
1997-11-01,0.31453654792898256,
1997-12-01,-0.2504923382858779,
1998-01-01,-0.10853357404197483,
1998-02-01,-0.23163027916252332,
1998-03-01,0.0688978577500734,
1998-04-01,0.02254584459849518,
1998-05-01,-0.16775077122171744,
1998-06-01,0.2013395782301446,
1998-07-01,0.1708478289901585,
1998-08-01,-0.05392004362189429,
1998-09-01,-0.016431193248500175,
1998-10-01,0.012615746189246657,
1998-11-01,-0.12319137876734665,
1998-12-01,0.15419695414745904,
1999-01-01,0.026868318062418073,
1999-02-01,0.017200475071279087,
1999-03-01,0.14548655365261665,
1999-04-01,-0.029376008215694416,
1999-05-01,-0.1500435596765759,
1999-06-01,0.02536501128093871,
1999-07-01,-0.044826453487818885,
1999-08-01,0.0015854085534572349,
1999-09-01,-0.05378410059360039,
1999-10-01,0.04767545721321209,
1999-11-01,0.4212733817059271,
1999-12-01,0.012781377187260912,
2000-01-01,-0.23830549603980833,
2000-02-01,-0.23328983287411464,
2000-03-01,0.15223515219572148,
2000-04-01,-0.004771500569896947,
2000-05-01,0.3565413244608626,
2000-06-01,-0.45115107389986076,
2000-07-01,0.014954465039262566,
2000-08-01,-0.09733346194150583,
2000-09-01,0.09980825207015487,
2000-10-01,-0.2894254329856918,
2000-11-01,-0.05840212497541808,
2000-12-01,0.0424606667175893,
2001-01-01,-0.09258719022765804,
2001-02-01,-0.26982213444375747,
2001-03-01,0.07524096178367135,
2001-04-01,0.28087090087505295,
2001-05-01,-0.11130202933202193,
2001-06-01,0.07000513831584687,
2001-07-01,0.13852616557612807,
2001-08-01,-0.17452346467508484,
2001-09-01,-0.22894105820935406,
2001-10-01,-0.09963814912064084,
2001-11-01,0.2565415499360175,
2001-12-01,0.1255678750228717,
2002-01-01,0.016021663478992476,
2002-02-01,0.03354193449233378,
2002-03-01,0.5215809360863455,
2002-04-01,-0.19910148359399082,
2002-05-01,0.07253293979416897,
2002-06-01,-0.036828032596023075,
2002-07-01,-0.0013934592708797489,
2002-08-01,-0.16333130500196447,
2002-09-01,-0.22601119555607507,
2002-10-01,0.058795919310324685,
2002-11-01,0.007070109532645308,
2002-12-01,-0.21542278304211404,
2003-01-01,-0.04268145541612922,
2003-02-01,0.18250202267525317,
2003-03-01,-0.25745211578157523,
2003-04-01,-0.4430454203363947,
2003-05-01,0.37877315180272575,
2003-06-01,0.22819857444062341,
2003-07-01,-0.06339531408136301,
2003-08-01,-0.14542304230272274,
2003-09-01,0.4047449715478524,
2003-10-01,-0.14176455766822693,
2003-11-01,0.44862840192727615,
2003-12-01,0.08400450376712287,
2004-01-01,-0.3912492916001744,
2004-02-01,-0.023068593811324423,
2004-03-01,-0.24001638473624087,
2004-04-01,-0.08734947522866499,
2004-05-01,0.03754368018673748,
2004-06-01,-0.2787463266612309,
2004-07-01,0.28604673345848575,
2004-08-01,-0.057244078451043734,
2004-09-01,-0.04780328722803562,
2004-10-01,-0.025683001264665606,
2004-11-01,0.0157445461096275,
2004-12-01,-0.07541200196108466,
2005-01-01,-0.10966311849714483,
2005-02-01,-0.40124453162155005,
2005-03-01,-0.029442383007289852,
2005-04-01,0.2567760892501938,
2005-05-01,0.13030203565933807,
2005-06-01,0.19114396789612487,
2005-07-01,-0.056408291309881786,
2005-08-01,-0.4440155421539371,
2005-09-01,-0.20138095616470109,
2005-10-01,0.26358879774777666,
2005-11-01,-0.164165023756345,
2005-12-01,0.09158891403667413,
2006-01-01,-0.2526625074279636,
2006-02-01,-0.08115300200456765,
2006-03-01,-0.07632725248539618,
2006-04-01,0.03493217274270233,
2006-05-01,-0.04069777126398133,
2006-06-01,-0.05091512811937182,
2006-07-01,0.10318990459238497,
2006-08-01,-0.3435097718361786,
2006-09-01,0.09431604957114015,
2006-10-01,-0.14127208288278092,
2006-11-01,0.0010555996163570391,
2006-12-01,-0.002365991782288912,
2007-01-01,-0.17936894710098406,
2007-02-01,0.08880849713542283,
2007-03-01,-0.01720075070658833,
2007-04-01,0.08627970915591154,
2007-05-01,-0.019433267036056634,
2007-06-01,0.12193629671949546,
2007-07-01,-0.33282544411893555,
2007-08-01,-0.18037651475090755,
2007-09-01,-0.3124449544125385,
2007-10-01,0.1760814879820667,
2007-11-01,0.09708177293060416,
2007-12-01,-0.17504828560899188,
2008-01-01,0.17318017358264282,
2008-02-01,-0.05606414568258122,
2008-03-01,-0.00560710142549059,
2008-04-01,0.18021149396530056,
2008-05-01,-0.17155763951488634,
2008-06-01,0.20044801937727064,
2008-07-01,0.03275493426117437,
2008-08-01,-0.226901011724697,
2008-09-01,0.0297615794415802,
2008-10-01,0.034965427904347646,
2008-11-01,-0.11576065659889778,
2008-12-01,0.08035950234714795,
2009-01-01,-0.24732842037156955,
2009-02-01,0.020986561133461645,
2009-03-01,0.27397211478546923,
2009-04-01,-0.28016503273201954,
2009-05-01,-0.17623289306491463,
2009-06-01,-0.07517084454785161,
2009-07-01,0.1089599188576229,
2009-08-01,0.20844066933536043,
2009-09-01,0.3469660896398681,
2009-10-01,-0.15091244712803675,
2009-11-01,-0.05663805436447422,
2009-12-01,0.08206274692781523,
2010-01-01,-0.2195506026273777,-0.18180780116764783
2010-02-01,-0.3705725480211983,-0.4253069763830468
2010-03-01,0.26714460110974336,0.13171211691270246
2010-04-01,-0.025851408062897985,-0.12686559085579407
2010-05-01,-0.15768604764380267,-0.1941289237538606
2010-06-01,0.19432558132863376,0.13479469508639053
2010-07-01,0.10339770990852282,0.06588433718053599
2010-08-01,0.05857462021835724,0.06634578390564894
2010-09-01,0.09637301281639665,0.08344682224832667
2010-10-01,0.009763324414168828,0.06600974307139662
2010-11-01,-0.04623059855853118,0.0180986511048169
2010-12-01,0.039611375936079884,0.06386720782580824
2011-01-01,-0.03975067368130247,0.047258868485397176
2011-02-01,-0.22016619283492744,-0.15180388950094237
2011-03-01,0.07754212335864263,0.0676035383958693
2011-04-01,0.07991146414138584,0.09724968475177054
2011-05-01,-0.38524397836117963,-0.3342100590530497
2011-06-01,0.20711050426623245,0.17262472612965363
2011-07-01,0.07168491174910718,0.03196928251780884
2011-08-01,0.01900918994970091,0.07428450544578169
2011-09-01,-0.370566678388891,-0.34572643633888545
2011-10-01,0.41493888808088064,0.38238553716756174
2011-11-01,0.10991052762198006,0.15345833947799203
2011-12-01,-0.08114090436326604,0.022908828432619543
2012-01-01,-0.05543194040979138,0.012237199618614358
2012-02-01,-0.26040449889536443,-0.2125007295130663
2012-03-01,0.03034643265754955,0.040583095154869575
2012-04-01,-0.21613997085082026,-0.22838771193694374
2012-05-01,0.168566214700824,0.14467485531452562
2012-06-01,-0.30306620961604613,-0.3176478746248046
2012-07-01,0.2457312264215883,0.13320212836385226
2012-08-01,-0.25493215129231794,-0.24881211064109143
2012-09-01,-0.0113400117594602,-0.03250803113977874
2012-10-01,0.1184783401542302,0.04754977930337745
2012-11-01,0.02045356760585504,-0.013455689537662074
2012-12-01,-0.09655683679204685,-0.09069457914989743
2013-01-01,-0.1488458878500012,-0.13315138711607188
2013-02-01,0.13353125112104403,0.08484534012046252
2013-03-01,0.12855898473415328,0.209838113379905
2013-04-01,-0.9980920151140751,-0.9662258149427929
2013-05-01,0.6900852545551959,0.5604250192679063
2013-06-01,-0.03836882227996874,-0.049227082145663736
2013-07-01,-0.10922622302919471,-0.05176517579290252
2013-08-01,-0.22370159855228522,-0.19598171988852586
2013-09-01,0.1538344503266802,0.026058625247861844
2013-10-01,0.207145415557501,0.2550254567905297
2013-11-01,-0.13255361615714145,-0.008708030001024714
2013-12-01,-0.2636578223482129,-0.2122322047969809
2014-01-01,-0.08041359947082549,-0.11219750624246005
2014-02-01,0.06563064382800654,-0.017357401378841786
2014-03-01,0.0457534884080677,0.08954036327034132
2014-04-01,-0.07968931543273916,0.054730801105407956
2014-05-01,-0.45323411136361447,-0.47905020164327583
2014-06-01,0.30336535693223876,0.1812439594721562
2014-07-01,-0.22373357375011338,-0.21142322556432003
2014-08-01,-0.006278804520090997,0.016183730219327952
2014-09-01,-0.18049672881713796,-0.2048869108893152
2014-10-01,-0.04085831034012832,-0.1656254586066268
2014-11-01,0.10824388640665994,0.07728787323940267
2014-12-01,0.19658790533825554,0.21633201457020457
2015-01-01,-0.04608130040482594,0.07289936256822349
2015-02-01,-0.10922393411872688,-0.028644583081065544
2015-03-01,-0.2552267816533176,-0.22926065713229926
2015-04-01,-0.08999942175255615,-0.08230740246280588
2015-05-01,0.6311111179547724,0.6457640038180346
2015-06-01,0.2264329223128576,0.3968195117077422
2015-07-01,-0.42459318591528206,-0.1543141743092833
2015-08-01,0.14788395620016503,0.2799585444930317
2015-09-01,-0.16687473924884788,-0.004260759902759315
2015-10-01,0.49494115741152234,0.6576570347794952
2015-11-01,-0.36146635696788376,-0.10608657352367956
2015-12-01,-0.08831439538110475,0.06464343219472912
2016-01-01,0.034089211092652505,0.1291949814586637
2016-02-01,-0.06037571756209337,0.011036890592322823
2016-03-01,0.49662302017047955,0.6632167922303358
2016-04-01,0.05447370078974956,0.3308715392512931
2016-05-01,0.19225326628418848,0.4209468615124994
2016-06-01,0.3376329064912662,0.6291850544477193
2016-07-01,-0.3319199106032782,-0.0006490363480189387
2016-08-01,-0.19030074462451863,0.03721366476677712
2016-09-01,-0.07784715892506222,0.08558707416247957
2016-10-01,0.047403957895486126,0.14213101918600923
2016-11-01,0.8081251980696313,0.9472585847530435
2016-12-01,0.2941085988475436,0.5860189666494584
2017-01-01,0.609779051575261,0.8935677900645214
2017-02-01,-0.04323686718157127,0.2520520279014171
2017-03-01,-0.30375823186231354,-0.0981970195420363
2017-04-01,-0.08698912316897456,0.042622354226118375
2017-05-01,-0.6292754281671633,-0.5409503336498331
2017-06-01,-0.17009274456024848,-0.2026913814135538
2017-07-01,0.0516126814596678,-0.034421071768171
2017-08-01,-0.1420421822479847,-0.23885142483125676
2017-09-01,-0.10262079604908347,-0.22900363810003999
2017-10-01,-0.09268342572000021,-0.1453115397820981
2017-11-01,-0.1672016201105353,-0.19605457220891953
2017-12-01,-0.05673945644191969,-0.013305705233489729
2018-01-01,0.3694282644334934,0.41398709656337784
2018-02-01,-0.16351558528286336,-0.113793779311683
2018-03-01,1.4305406507081413,1.518675349681378
2018-04-01,0.14156035025075742,0.3501609673029753
2018-05-01,0.011078783323753782,0.2703845915707568
2018-06-01,0.40409066903291624,0.6310549196263926
2018-07-01,0.24166727572831714,0.4851597908244063
2018-08-01,-0.035683648296987336,0.1259791418842786
2018-09-01,-0.3227572762149,-0.22200263181018087
2018-10-01,-0.07235461097894369,0.016719251841230687
2018-11-01,-0.08698937302626586,-0.11112952345937366
2018-12-01,0.17661258955228387,0.17997939307119104
2019-01-01,-0.023300789775671404,-0.018410898774121165
2019-02-01,-0.0909103549358079,-0.17482815151578457
2019-03-01,-0.34419737831967456,-0.5698728683425927
2019-04-01,-0.13184936831257232,-0.21155044865737427
2019-05-01,0.6479784161027968,0.601368995371808
2019-06-01,0.5424747806704042,0.425030334760673
2019-07-01,-0.3894756375533417,-0.5310331074467189
2019-08-01,0.46383128941582363,0.3922087190399681
2019-09-01,-0.45790268685654034,-0.5238570802445421
2019-10-01,-0.1575570849402279,-0.1873326494050609
2019-11-01,-0.22791295239806875,-0.28634860753430935
2019-12-01,0.1130215638833425,0.07990816250771449
2020-01-01,-0.04873194154568594,-0.12211968107393467
2020-02-01,-0.306626226815653,-0.37461098047018204
2020-03-01,-0.5408104401398734,-0.6144198465514235
2020-04-01,-0.3459578703208832,-0.5230745815689177
2020-05-01,-0.08063417942029716,-0.30778335670641166
2020-06-01,-0.1356815335260695,-0.6054417523172138
2020-07-01,-0.016501463949252226,-0.15343494032644323
2020-08-01,0.18787270031601455,0.06933211424676156
2020-09-01,0.09499530644507637,0.04726472983350227
2020-10-01,0.06354118695220201,0.04399375046174825
2020-11-01,0.0055356197374445415,-0.011018288717886904
2020-12-01,0.3092599194486221,0.26417550051762806
2021-01-01,-0.1557689245418219,-0.19284528704369652
2021-02-01,-0.7379382974989297,-0.7314865182240413
2021-03-01,-0.05331906154367827,-0.04553017889388977
2021-04-01,-0.02249208388205437,-0.03702371576636754
2021-05-01,0.0251460999176909,0.024814745234529312
2021-06-01,0.03515729201315043,0.03012490409913049
2021-07-01,0.17780280861813091,0.1577736069489344
2021-08-01,-0.32996308213148007,-0.35002291103732786
2021-09-01,0.16094207765442148,0.1615652265567551
2021-10-01,0.09396410099384678,0.11897478886628665
2021-11-01,-0.15263519376770773,-0.17450556499734393
2021-12-01,-0.34621445040944065,-0.3995064092762495
2022-01-01,0.11021064520219603,0.09656745598147021
2022-02-01,0.16005281765850876,0.1823447251704633
2022-03-01,0.06221582369007894,0.09385375700667353
2022-04-01,-0.21763586814167368,-0.190716413455299
2022-05-01,0.35298486454416045,0.35564483097723887
2022-06-01,0.26680555763937797,0.30293604107828553
2022-07-01,0.026321554681723036,0.09551596749467883
2022-08-01,0.021264098137604215,0.09576903109023771
2022-09-01,-0.30039764563679494,-0.2603063417188727
2022-10-01,-0.1791507536105379,-0.15634754800159323
2022-11-01,0.006580840688407363,0.03560404877025691
2022-12-01,0.006031948017396704,0.04610657327153689
2023-01-01,0.06673104220711013,0.07912713301693053
2023-02-01,-0.14224031612407773,-0.14475216610548136
2023-03-01,0.3747238139030489,0.38618968298536194
2023-04-01,-0.5227484843558128,-0.4863782237814127
2023-05-01,0.36663575096152323,0.3476398043862119
2023-06-01,-0.04852475773338005,-0.03834422131141668
2023-07-01,0.16555263497703487,0.16670243445346067
2023-08-01,-0.017670213984811056,0.010275384669393262
2023-09-01,0.09161307060064683,0.13347439125574745
2023-10-01,-0.37502620226308236,-0.33559122598461455
2023-11-01,-0.20643463779098425,-0.19157283048692042
2023-12-01,0.35278876109090884,0.35493482348097816
2024-01-01,0.18484524817982706,0.23355797470364514
2024-02-01,-0.05225068432246527,-0.005464698862010842
2024-03-01,0.2836095997800099,0.30282688109251854
2024-04-01,0.21175482377665578,0.2935209794275746
2024-05-01,0.09918621083071066,0.18105323886983538
2024-06-01,-0.0024157621182174793,0.07519052819694405
2024-07-01,0.11576266710348015,0.18100873008354412
2024-08-01,-0.031281207860351934,0.03247602878580125
2024-09-01,0.28235160459060094,0.35238944860710397
2024-10-01,0.28433715051835495,0.37645190343474777
2024-11-01,1.0616678941087994,1.1755086615445434
2024-12-01,0.01868537935242731,0.11690849491324506
2025-01-01,0.4816296707008778,0.5779107192124755
2025-02-01,0.461882715058465,0.5645185149589738
2025-03-01,0.4666030818681879,0.5243492969953323
2025-04-01,0.8440538767919001,0.8924347069348046
2025-05-01,-0.043569444247115285,-0.10309667185509852
2025-06-01,-0.3569862404676547,-0.44250070692009036
2025-07-01,0.1269542198582485,0.12252726947029835
2025-08-01,0.1506636379507631,0.1525490822712916
2025-09-01,-0.11113145495619214,-0.1516897304609417
2025-10-01,-0.05403126196408614,-0.10850127372464868
2025-11-01,-0.20066443598060602,-0.2750308863386115
2025-12-01,-0.13057022504688387,-0.17877271193009392
2026-01-01,0.3031740544351633,0.2819459400005746
2026-02-01,0.0630177650118231,0.012029976397751163
2026-03-01,-0.35329701471566644,-0.4390891283655858
2026-04-01,-0.43744066930022285,-0.5061475984422241
2026-05-01,-0.12558263523893665,-0.1424097826710291
2026-06-01,-0.1187017420096863,-0.12608385037648517
2026-07-01,-0.012873918443743193,-0.010231417651047181
2026-08-01,0.06536455852774381,0.06934205881127298
